{"type":"FeatureCollection","features":[{"type":"Feature","geometry":{"type":"Point","coordinates":[25.58857,45.645734]},"properties":{"name":"Livada Poștei","band":0,"modes":"bus","arr":["1","2","2B","6","14","16","17","20","24","28","31","34","34B","36","41","TE14","TE16"],"off":[0,-0.8],"sc":0.9}},{"type":"Feature","geometry":{"type":"Point","coordinates":[25.58857,45.645734]},"properties":{"line":"1","mode":"bus","color":"#149a3f","colorDark":"#0a5121","band":0,"sc":0.9,"off":[-6.8,1.1]}},{"type":"Feature","geometry":{"type":"Point","coordinates":[25.58857,45.645734]},"properties":{"line":"2","mode":"bus","color":"#149a3f","colorDark":"#0a5121","band":0,"sc":0.9,"off":[-3.4,1.1]}},{"type":"Feature","geometry":{"type":"Point","coordinates":[25.58857,45.645734]},"properties":{"line":"2B","mode":"bus","color":"#0059a9","colorDark":"#00294f","band":0,"sc":0.9,"off":[0,1.1]}},{"type":"Feature","geometry":{"type":"Point","coordinates":[25.58857,45.645734]},"properties":{"line":"6","mode":"bus","color":"#149a3f","colorDark":"#0a5121","band":0,"sc":0.9,"off":[3.4,1.1]}},{"type":"Feature","geometry":{"type":"Point","coordinates":[25.58857,45.645734]},"properties":{"line":"14","mode":"bus","color":"#0059a9","colorDark":"#00294f","band":0,"sc":0.9,"off":[6.8,1.1]}},{"type":"Feature","geometry":{"type":"Point","coordinates":[25.58857,45.645734]},"properties":{"line":"16","mode":"bus","color":"#0059a9","colorDark":"#00294f","band":0,"sc":0.9,"off":[-6.8,3.1]}},{"type":"Feature","geometry":{"type":"Point","coordinates":[25.58857,45.645734]},"properties":{"line":"17","mode":"bus","color":"#0059a9","colorDark":"#00294f","band":0,"sc":0.9,"off":[-3.4,3.1]}},{"type":"Feature","geometry":{"type":"Point","coordinates":[25.58857,45.645734]},"properties":{"line":"20","mode":"bus","color":"#0059a9","colorDark":"#00294f","band":0,"sc":0.9,"off":[0,3.1]}},{"type":"Feature","geometry":{"type":"Point","coordinates":[25.58857,45.645734]},"properties":{"line":"24","mode":"bus","color":"#0059a9","colorDark":"#00294f","band":0,"sc":0.9,"off":[3.4,3.1]}},{"type":"Feature","geometry":{"type":"Point","coordinates":[25.58857,45.645734]},"properties":{"line":"28","mode":"bus","color":"#0059a9","colorDark":"#00294f","band":0,"sc":0.9,"off":[6.8,3.1]}},{"type":"Feature","geometry":{"type":"Point","coordinates":[25.58857,45.645734]},"properties":{"line":"31","mode":"bus","color":"#149a3f","colorDark":"#0a5121","band":0,"sc":0.9,"off":[-6.8,5.1]}},{"type":"Feature","geometry":{"type":"Point","coordinates":[25.58857,45.645734]},"properties":{"line":"34","mode":"bus","color":"#0059a9","colorDark":"#00294f","band":0,"sc":0.9,"off":[-3.4,5.1]}},{"type":"Feature","geometry":{"type":"Point","coordinates":[25.58857,45.645734]},"properties":{"line":"34B","mode":"bus","color":"#0059a9","colorDark":"#00294f","band":0,"sc":0.9,"off":[0,5.1]}},{"type":"Feature","geometry":{"type":"Point","coordinates":[25.58857,45.645734]},"properties":{"line":"36","mode":"bus","color":"#0059a9","colorDark":"#00294f","band":0,"sc":0.9,"off":[3.4,5.1]}},{"type":"Feature","geometry":{"type":"Point","coordinates":[25.58857,45.645734]},"properties":{"line":"41","mode":"bus","color":"#0059a9","colorDark":"#00294f","band":0,"sc":0.9,"off":[6.8,5.1]}},{"type":"Feature","geometry":{"type":"Point","coordinates":[25.58857,45.645734]},"properties":{"line":"TE14","mode":"bus","color":"#0059a9","colorDark":"#00294f","band":0,"sc":0.9,"off":[-1.7,7.1]}},{"type":"Feature","geometry":{"type":"Point","coordinates":[25.58857,45.645734]},"properties":{"line":"TE16","mode":"bus","color":"#0059a9","colorDark":"#00294f","band":0,"sc":0.9,"off":[1.7,7.1]}},{"type":"Feature","geometry":{"type":"Point","coordinates":[25.608959,45.651078]},"properties":{"name":"Hidro A","band":0,"modes":"bus","arr":["37","50","54"],"off":[0,-0.8]}},{"type":"Feature","geometry":{"type":"Point","coordinates":[25.608959,45.651078]},"properties":{"name":"Camera de Comerț","band":0,"modes":"bus","arr":["37","50","54"],"off":[0,-1.9]}},{"type":"Feature","geometry":{"type":"Point","coordinates":[25.608959,45.651078]},"properties":{"line":"37","mode":"bus","color":"#0059a9","colorDark":"#00294f","band":0,"off":[-3.4,1.1]}},{"type":"Feature","geometry":{"type":"Point","coordinates":[25.608959,45.651078]},"properties":{"line":"50","mode":"bus","color":"#0059a9","colorDark":"#00294f","band":0,"off":[0,1.1]}},{"type":"Feature","geometry":{"type":"Point","coordinates":[25.608959,45.651078]},"properties":{"line":"54","mode":"bus","color":"#0059a9","colorDark":"#00294f","band":0,"off":[3.4,1.1]}},{"type":"Feature","geometry":{"type":"Point","coordinates":[25.647414,45.675543]},"properties":{"name":"Triaj","band":0,"modes":"bus","arr":["1","10","15","21","23B","54","TE5","TE6"],"off":[0,-0.8]}},{"type":"Feature","geometry":{"type":"Point","coordinates":[25.647414,45.675543]},"properties":{"line":"1","mode":"bus","color":"#149a3f","colorDark":"#0a5121","band":0,"off":[-6.8,1.1]}},{"type":"Feature","geometry":{"type":"Point","coordinates":[25.647414,45.675543]},"properties":{"line":"10","mode":"bus","color":"#149a3f","colorDark":"#0a5121","band":0,"off":[-3.4,1.1]}},{"type":"Feature","geometry":{"type":"Point","coordinates":[25.647414,45.675543]},"properties":{"line":"15","mode":"bus","color":"#0059a9","colorDark":"#00294f","band":0,"off":[0,1.1]}},{"type":"Feature","geometry":{"type":"Point","coordinates":[25.647414,45.675543]},"properties":{"line":"21","mode":"bus","color":"#0059a9","colorDark":"#00294f","band":0,"off":[3.4,1.1]}},{"type":"Feature","geometry":{"type":"Point","coordinates":[25.647414,45.675543]},"properties":{"line":"23B","mode":"bus","color":"#0059a9","colorDark":"#00294f","band":0,"off":[6.8,1.1]}},{"type":"Feature","geometry":{"type":"Point","coordinates":[25.647414,45.675543]},"properties":{"line":"54","mode":"bus","color":"#0059a9","colorDark":"#00294f","band":0,"off":[-3.4,3.1]}},{"type":"Feature","geometry":{"type":"Point","coordinates":[25.647414,45.675543]},"properties":{"line":"TE5","mode":"bus","color":"#0059a9","colorDark":"#00294f","band":0,"off":[0,3.1]}},{"type":"Feature","geometry":{"type":"Point","coordinates":[25.647414,45.675543]},"properties":{"line":"TE6","mode":"bus","color":"#0059a9","colorDark":"#00294f","band":0,"off":[3.4,3.1]}},{"type":"Feature","geometry":{"type":"Point","coordinates":[25.614877,45.682079]},"properties":{"name":"Rulmentul","band":0,"modes":"bus","arr":["2","2B","7","8","9","410","411","412","420","TE7","TE7S","TE8","TE9"],"off":[0,-0.8],"sc":0.98}},{"type":"Feature","geometry":{"type":"Point","coordinates":[25.614877,45.682079]},"properties":{"line":"2","mode":"bus","color":"#149a3f","colorDark":"#0a5121","band":0,"sc":0.98,"off":[-6.8,1.1]}},{"type":"Feature","geometry":{"type":"Point","coordinates":[25.614877,45.682079]},"properties":{"line":"2B","mode":"bus","color":"#0059a9","colorDark":"#00294f","band":0,"sc":0.98,"off":[-3.4,1.1]}},{"type":"Feature","geometry":{"type":"Point","coordinates":[25.614877,45.682079]},"properties":{"line":"7","mode":"bus","color":"#149a3f","colorDark":"#0a5121","band":0,"sc":0.98,"off":[0,1.1]}},{"type":"Feature","geometry":{"type":"Point","coordinates":[25.614877,45.682079]},"properties":{"line":"8","mode":"bus","color":"#149a3f","colorDark":"#0a5121","band":0,"sc":0.98,"off":[3.4,1.1]}},{"type":"Feature","geometry":{"type":"Point","coordinates":[25.614877,45.682079]},"properties":{"line":"9","mode":"bus","color":"#0059a9","colorDark":"#00294f","band":0,"sc":0.98,"off":[6.8,1.1]}},{"type":"Feature","geometry":{"type":"Point","coordinates":[25.614877,45.682079]},"properties":{"line":"410","mode":"bus","color":"#0059a9","colorDark":"#00294f","band":0,"sc":0.98,"off":[-6.8,3.1]}},{"type":"Feature","geometry":{"type":"Point","coordinates":[25.614877,45.682079]},"properties":{"line":"411","mode":"bus","color":"#0059a9","colorDark":"#00294f","band":0,"sc":0.98,"off":[-3.4,3.1]}},{"type":"Feature","geometry":{"type":"Point","coordinates":[25.614877,45.682079]},"properties":{"line":"412","mode":"bus","color":"#0059a9","colorDark":"#00294f","band":0,"sc":0.98,"off":[0,3.1]}},{"type":"Feature","geometry":{"type":"Point","coordinates":[25.614877,45.682079]},"properties":{"line":"420","mode":"bus","color":"#0059a9","colorDark":"#00294f","band":0,"sc":0.98,"off":[3.4,3.1]}},{"type":"Feature","geometry":{"type":"Point","coordinates":[25.614877,45.682079]},"properties":{"line":"TE7","mode":"bus","color":"#0059a9","colorDark":"#00294f","band":0,"sc":0.98,"off":[6.8,3.1]}},{"type":"Feature","geometry":{"type":"Point","coordinates":[25.614877,45.682079]},"properties":{"line":"TE7S","mode":"bus","color":"#0059a9","colorDark":"#00294f","band":0,"sc":0.98,"off":[-3.4,5.1]}},{"type":"Feature","geometry":{"type":"Point","coordinates":[25.614877,45.682079]},"properties":{"line":"TE8","mode":"bus","color":"#0059a9","colorDark":"#00294f","band":0,"sc":0.98,"off":[0,5.1]}},{"type":"Feature","geometry":{"type":"Point","coordinates":[25.614877,45.682079]},"properties":{"line":"TE9","mode":"bus","color":"#0059a9","colorDark":"#00294f","band":0,"sc":0.98,"off":[3.4,5.1]}},{"type":"Feature","geometry":{"type":"Point","coordinates":[25.580968,45.664706]},"properties":{"name":"Stadionul Tineretului","band":0,"modes":"bus","arr":["3","18","22"],"off":[0,-0.8]}},{"type":"Feature","geometry":{"type":"Point","coordinates":[25.580968,45.664706]},"properties":{"name":"Bariera Bartolomeu","band":0,"modes":"bus","arr":["3","18","22"],"off":[0,-3]}},{"type":"Feature","geometry":{"type":"Point","coordinates":[25.580968,45.664706]},"properties":{"line":"3","mode":"bus","color":"#149a3f","colorDark":"#0a5121","band":0,"off":[-3.4,1.1]}},{"type":"Feature","geometry":{"type":"Point","coordinates":[25.580968,45.664706]},"properties":{"line":"18","mode":"bus","color":"#0059a9","colorDark":"#00294f","band":0,"off":[0,1.1]}},{"type":"Feature","geometry":{"type":"Point","coordinates":[25.580968,45.664706]},"properties":{"line":"22","mode":"bus","color":"#0059a9","colorDark":"#00294f","band":0,"off":[3.4,1.1]}},{"type":"Feature","geometry":{"type":"Point","coordinates":[25.60126,45.630546]},"properties":{"name":"Valea Cetății","band":0,"modes":"bus","arr":["3","10","31","32","33","TE3"],"off":[0,-0.8]}},{"type":"Feature","geometry":{"type":"Point","coordinates":[25.60126,45.630546]},"properties":{"line":"3","mode":"bus","color":"#149a3f","colorDark":"#0a5121","band":0,"off":[-6.8,1.1]}},{"type":"Feature","geometry":{"type":"Point","coordinates":[25.60126,45.630546]},"properties":{"line":"10","mode":"bus","color":"#149a3f","colorDark":"#0a5121","band":0,"off":[-3.4,1.1]}},{"type":"Feature","geometry":{"type":"Point","coordinates":[25.60126,45.630546]},"properties":{"line":"31","mode":"bus","color":"#149a3f","colorDark":"#0a5121","band":0,"off":[0,1.1]}},{"type":"Feature","geometry":{"type":"Point","coordinates":[25.60126,45.630546]},"properties":{"line":"32","mode":"bus","color":"#0059a9","colorDark":"#00294f","band":0,"off":[3.4,1.1]}},{"type":"Feature","geometry":{"type":"Point","coordinates":[25.60126,45.630546]},"properties":{"line":"33","mode":"bus","color":"#149a3f","colorDark":"#0a5121","band":0,"off":[6.8,1.1]}},{"type":"Feature","geometry":{"type":"Point","coordinates":[25.60126,45.630546]},"properties":{"line":"TE3","mode":"bus","color":"#0059a9","colorDark":"#00294f","band":0,"off":[0,3.1]}},{"type":"Feature","geometry":{"type":"Point","coordinates":[25.576586,45.633062]},"properties":{"name":"Tocile","band":0,"modes":"bus","arr":["4","52"],"off":[0,-0.8]}},{"type":"Feature","geometry":{"type":"Point","coordinates":[25.576586,45.633062]},"properties":{"line":"4","mode":"bus","color":"#0059a9","colorDark":"#00294f","band":0,"off":[-1.7,1.1]}},{"type":"Feature","geometry":{"type":"Point","coordinates":[25.576586,45.633062]},"properties":{"line":"52","mode":"bus","color":"#0059a9","colorDark":"#00294f","band":0,"off":[1.7,1.1]}},{"type":"Feature","geometry":{"type":"Point","coordinates":[25.612332,45.660917]},"properties":{"name":"Terminal Gară","band":0,"modes":"bus","arr":["4","17B","29","35","40","42","310","320","511","520","540","A1"],"off":[0,-0.8]}},{"type":"Feature","geometry":{"type":"Point","coordinates":[25.612332,45.660917]},"properties":{"line":"4","mode":"bus","color":"#0059a9","colorDark":"#00294f","band":0,"off":[-6.8,1.1]}},{"type":"Feature","geometry":{"type":"Point","coordinates":[25.612332,45.660917]},"properties":{"line":"17B","mode":"bus","color":"#0059a9","colorDark":"#00294f","band":0,"off":[-3.4,1.1]}},{"type":"Feature","geometry":{"type":"Point","coordinates":[25.612332,45.660917]},"properties":{"line":"29","mode":"bus","color":"#0059a9","colorDark":"#00294f","band":0,"off":[0,1.1]}},{"type":"Feature","geometry":{"type":"Point","coordinates":[25.612332,45.660917]},"properties":{"line":"35","mode":"bus","color":"#0059a9","colorDark":"#00294f","band":0,"off":[3.4,1.1]}},{"type":"Feature","geometry":{"type":"Point","coordinates":[25.612332,45.660917]},"properties":{"line":"40","mode":"bus","color":"#0059a9","colorDark":"#00294f","band":0,"off":[6.8,1.1]}},{"type":"Feature","geometry":{"type":"Point","coordinates":[25.612332,45.660917]},"properties":{"line":"42","mode":"bus","color":"#0059a9","colorDark":"#00294f","band":0,"off":[-6.8,3.1]}},{"type":"Feature","geometry":{"type":"Point","coordinates":[25.612332,45.660917]},"properties":{"line":"310","mode":"bus","color":"#0059a9","colorDark":"#00294f","band":0,"off":[-3.4,3.1]}},{"type":"Feature","geometry":{"type":"Point","coordinates":[25.612332,45.660917]},"properties":{"line":"320","mode":"bus","color":"#0059a9","colorDark":"#00294f","band":0,"off":[0,3.1]}},{"type":"Feature","geometry":{"type":"Point","coordinates":[25.612332,45.660917]},"properties":{"line":"511","mode":"bus","color":"#0059a9","colorDark":"#00294f","band":0,"off":[3.4,3.1]}},{"type":"Feature","geometry":{"type":"Point","coordinates":[25.612332,45.660917]},"properties":{"line":"520","mode":"bus","color":"#0059a9","colorDark":"#00294f","band":0,"off":[6.8,3.1]}},{"type":"Feature","geometry":{"type":"Point","coordinates":[25.612332,45.660917]},"properties":{"line":"540","mode":"bus","color":"#0059a9","colorDark":"#00294f","band":0,"off":[-1.7,5.1]}},{"type":"Feature","geometry":{"type":"Point","coordinates":[25.612332,45.660917]},"properties":{"line":"A1","mode":"bus","color":"#0059a9","colorDark":"#00294f","band":0,"off":[1.7,5.1]}},{"type":"Feature","geometry":{"type":"Point","coordinates":[25.569942,45.659865]},"properties":{"name":"Stadionul Municipal","band":0,"modes":"bus","arr":["5","5M","9","23B","110","120","130","131","140","210","220","TE10"],"off":[0,-0.8]}},{"type":"Feature","geometry":{"type":"Point","coordinates":[25.569942,45.659865]},"properties":{"line":"5","mode":"bus","color":"#0059a9","colorDark":"#00294f","band":0,"off":[-6.8,1.1]}},{"type":"Feature","geometry":{"type":"Point","coordinates":[25.569942,45.659865]},"properties":{"line":"5M","mode":"bus","color":"#0059a9","colorDark":"#00294f","band":0,"off":[-3.4,1.1]}},{"type":"Feature","geometry":{"type":"Point","coordinates":[25.569942,45.659865]},"properties":{"line":"9","mode":"bus","color":"#0059a9","colorDark":"#00294f","band":0,"off":[0,1.1]}},{"type":"Feature","geometry":{"type":"Point","coordinates":[25.569942,45.659865]},"properties":{"line":"23B","mode":"bus","color":"#0059a9","colorDark":"#00294f","band":0,"off":[3.4,1.1]}},{"type":"Feature","geometry":{"type":"Point","coordinates":[25.569942,45.659865]},"properties":{"line":"110","mode":"bus","color":"#0059a9","colorDark":"#00294f","band":0,"off":[6.8,1.1]}},{"type":"Feature","geometry":{"type":"Point","coordinates":[25.569942,45.659865]},"properties":{"line":"120","mode":"bus","color":"#0059a9","colorDark":"#00294f","band":0,"off":[-6.8,3.1]}},{"type":"Feature","geometry":{"type":"Point","coordinates":[25.569942,45.659865]},"properties":{"line":"130","mode":"bus","color":"#0059a9","colorDark":"#00294f","band":0,"off":[-3.4,3.1]}},{"type":"Feature","geometry":{"type":"Point","coordinates":[25.569942,45.659865]},"properties":{"line":"131","mode":"bus","color":"#0059a9","colorDark":"#00294f","band":0,"off":[0,3.1]}},{"type":"Feature","geometry":{"type":"Point","coordinates":[25.569942,45.659865]},"properties":{"line":"140","mode":"bus","color":"#0059a9","colorDark":"#00294f","band":0,"off":[3.4,3.1]}},{"type":"Feature","geometry":{"type":"Point","coordinates":[25.569942,45.659865]},"properties":{"line":"210","mode":"bus","color":"#0059a9","colorDark":"#00294f","band":0,"off":[6.8,3.1]}},{"type":"Feature","geometry":{"type":"Point","coordinates":[25.569942,45.659865]},"properties":{"line":"220","mode":"bus","color":"#0059a9","colorDark":"#00294f","band":0,"off":[-1.7,5.1]}},{"type":"Feature","geometry":{"type":"Point","coordinates":[25.569942,45.659865]},"properties":{"line":"TE10","mode":"bus","color":"#0059a9","colorDark":"#00294f","band":0,"off":[1.7,5.1]}},{"type":"Feature","geometry":{"type":"Point","coordinates":[25.634078,45.633744]},"properties":{"name":"Saturn","band":0,"modes":"bus","arr":["5","6","7","8","22","23","25","33","52","56","610","612","710","711","810"],"off":[0,-0.8],"sc":0.94}},{"type":"Feature","geometry":{"type":"Point","coordinates":[25.634078,45.633744]},"properties":{"name":"Roman","band":0,"modes":"bus","arr":["5","6","7","8","22","23","25","33","52","56","610","612","710","711","810"],"off":[0,-1.9],"sc":0.94}},{"type":"Feature","geometry":{"type":"Point","coordinates":[25.634078,45.633744]},"properties":{"line":"5","mode":"bus","color":"#0059a9","colorDark":"#00294f","band":0,"sc":0.94,"off":[-6.8,1.1]}},{"type":"Feature","geometry":{"type":"Point","coordinates":[25.634078,45.633744]},"properties":{"line":"6","mode":"bus","color":"#149a3f","colorDark":"#0a5121","band":0,"sc":0.94,"off":[-3.4,1.1]}},{"type":"Feature","geometry":{"type":"Point","coordinates":[25.634078,45.633744]},"properties":{"line":"7","mode":"bus","color":"#149a3f","colorDark":"#0a5121","band":0,"sc":0.94,"off":[0,1.1]}},{"type":"Feature","geometry":{"type":"Point","coordinates":[25.634078,45.633744]},"properties":{"line":"8","mode":"bus","color":"#149a3f","colorDark":"#0a5121","band":0,"sc":0.94,"off":[3.4,1.1]}},{"type":"Feature","geometry":{"type":"Point","coordinates":[25.634078,45.633744]},"properties":{"line":"22","mode":"bus","color":"#0059a9","colorDark":"#00294f","band":0,"sc":0.94,"off":[6.8,1.1]}},{"type":"Feature","geometry":{"type":"Point","coordinates":[25.634078,45.633744]},"properties":{"line":"23","mode":"bus","color":"#0059a9","colorDark":"#00294f","band":0,"sc":0.94,"off":[-6.8,3.1]}},{"type":"Feature","geometry":{"type":"Point","coordinates":[25.634078,45.633744]},"properties":{"line":"25","mode":"bus","color":"#0059a9","colorDark":"#00294f","band":0,"sc":0.94,"off":[-3.4,3.1]}},{"type":"Feature","geometry":{"type":"Point","coordinates":[25.634078,45.633744]},"properties":{"line":"33","mode":"bus","color":"#149a3f","colorDark":"#0a5121","band":0,"sc":0.94,"off":[0,3.1]}},{"type":"Feature","geometry":{"type":"Point","coordinates":[25.634078,45.633744]},"properties":{"line":"52","mode":"bus","color":"#0059a9","colorDark":"#00294f","band":0,"sc":0.94,"off":[3.4,3.1]}},{"type":"Feature","geometry":{"type":"Point","coordinates":[25.634078,45.633744]},"properties":{"line":"56","mode":"bus","color":"#0059a9","colorDark":"#00294f","band":0,"sc":0.94,"off":[6.8,3.1]}},{"type":"Feature","geometry":{"type":"Point","coordinates":[25.634078,45.633744]},"properties":{"line":"610","mode":"bus","color":"#0059a9","colorDark":"#00294f","band":0,"sc":0.94,"off":[-6.8,5.1]}},{"type":"Feature","geometry":{"type":"Point","coordinates":[25.634078,45.633744]},"properties":{"line":"612","mode":"bus","color":"#0059a9","colorDark":"#00294f","band":0,"sc":0.94,"off":[-3.4,5.1]}},{"type":"Feature","geometry":{"type":"Point","coordinates":[25.634078,45.633744]},"properties":{"line":"710","mode":"bus","color":"#0059a9","colorDark":"#00294f","band":0,"sc":0.94,"off":[0,5.1]}},{"type":"Feature","geometry":{"type":"Point","coordinates":[25.634078,45.633744]},"properties":{"line":"711","mode":"bus","color":"#0059a9","colorDark":"#00294f","band":0,"sc":0.94,"off":[3.4,5.1]}},{"type":"Feature","geometry":{"type":"Point","coordinates":[25.634078,45.633744]},"properties":{"line":"810","mode":"bus","color":"#0059a9","colorDark":"#00294f","band":0,"sc":0.94,"off":[6.8,5.1]}},{"type":"Feature","geometry":{"type":"Point","coordinates":[25.523665,45.635931]},"properties":{"name":"Măgurele","band":0,"modes":"bus","arr":["5M"],"off":[0,-0.8]}},{"type":"Feature","geometry":{"type":"Point","coordinates":[25.523665,45.635931]},"properties":{"line":"5M","mode":"bus","color":"#0059a9","colorDark":"#00294f","band":0,"off":[0,1.1]}},{"type":"Feature","geometry":{"type":"Point","coordinates":[25.556517,45.656323]},"properties":{"name":"Depozite ILF","band":0,"modes":"bus","arr":["16","23"],"off":[0,-0.8]}},{"type":"Feature","geometry":{"type":"Point","coordinates":[25.556517,45.656323]},"properties":{"line":"16","mode":"bus","color":"#0059a9","colorDark":"#00294f","band":0,"off":[-1.7,1.1]}},{"type":"Feature","geometry":{"type":"Point","coordinates":[25.556517,45.656323]},"properties":{"line":"23","mode":"bus","color":"#0059a9","colorDark":"#00294f","band":0,"off":[1.7,1.1]}},{"type":"Feature","geometry":{"type":"Point","coordinates":[25.552687,45.645527]},"properties":{"name":"Fabrica de Var","band":0,"modes":"bus","arr":["14"],"off":[0,-0.8]}},{"type":"Feature","geometry":{"type":"Point","coordinates":[25.552687,45.645527]},"properties":{"line":"14","mode":"bus","color":"#0059a9","colorDark":"#00294f","band":0,"off":[0,1.1]}},{"type":"Feature","geometry":{"type":"Point","coordinates":[25.558358,45.665558]},"properties":{"name":"Pelicanului","band":0,"modes":"bus","arr":["15","25","TE11","TE15"],"off":[0,-0.8]}},{"type":"Feature","geometry":{"type":"Point","coordinates":[25.558358,45.665558]},"properties":{"name":"Avantgarden","band":0,"modes":"bus","arr":["15","25","TE11","TE15"],"off":[0,-1.9]}},{"type":"Feature","geometry":{"type":"Point","coordinates":[25.558358,45.665558]},"properties":{"line":"15","mode":"bus","color":"#0059a9","colorDark":"#00294f","band":0,"off":[-5.1,1.1]}},{"type":"Feature","geometry":{"type":"Point","coordinates":[25.558358,45.665558]},"properties":{"line":"25","mode":"bus","color":"#0059a9","colorDark":"#00294f","band":0,"off":[-1.7,1.1]}},{"type":"Feature","geometry":{"type":"Point","coordinates":[25.558358,45.665558]},"properties":{"line":"TE11","mode":"bus","color":"#0059a9","colorDark":"#00294f","band":0,"off":[1.7,1.1]}},{"type":"Feature","geometry":{"type":"Point","coordinates":[25.558358,45.665558]},"properties":{"line":"TE15","mode":"bus","color":"#0059a9","colorDark":"#00294f","band":0,"off":[5.1,1.1]}},{"type":"Feature","geometry":{"type":"Point","coordinates":[25.61524,45.670887]},"properties":{"name":"13 Decembrie","band":0,"modes":"bus","arr":["32"],"off":[0,-0.8]}},{"type":"Feature","geometry":{"type":"Point","coordinates":[25.61524,45.670887]},"properties":{"line":"32","mode":"bus","color":"#0059a9","colorDark":"#00294f","band":0,"off":[0,1.1]}},{"type":"Feature","geometry":{"type":"Point","coordinates":[25.634032,45.620292]},"properties":{"name":"Noua","band":0,"modes":"bus","arr":["17","21","35","TE1","TE4"],"off":[0,-0.8]}},{"type":"Feature","geometry":{"type":"Point","coordinates":[25.634032,45.620292]},"properties":{"line":"17","mode":"bus","color":"#0059a9","colorDark":"#00294f","band":0,"off":[-6.8,1.1]}},{"type":"Feature","geometry":{"type":"Point","coordinates":[25.634032,45.620292]},"properties":{"line":"21","mode":"bus","color":"#0059a9","colorDark":"#00294f","band":0,"off":[-3.4,1.1]}},{"type":"Feature","geometry":{"type":"Point","coordinates":[25.634032,45.620292]},"properties":{"line":"35","mode":"bus","color":"#0059a9","colorDark":"#00294f","band":0,"off":[0,1.1]}},{"type":"Feature","geometry":{"type":"Point","coordinates":[25.634032,45.620292]},"properties":{"line":"TE1","mode":"bus","color":"#0059a9","colorDark":"#00294f","band":0,"off":[3.4,1.1]}},{"type":"Feature","geometry":{"type":"Point","coordinates":[25.634032,45.620292]},"properties":{"line":"TE4","mode":"bus","color":"#0059a9","colorDark":"#00294f","band":0,"off":[6.8,1.1]}},{"type":"Feature","geometry":{"type":"Point","coordinates":[25.614748,45.574064]},"properties":{"name":"Benzinăria Petrom","band":0,"modes":"bus","arr":["17B"],"off":[0,-0.8]}},{"type":"Feature","geometry":{"type":"Point","coordinates":[25.614748,45.574064]},"properties":{"line":"17B","mode":"bus","color":"#0059a9","colorDark":"#00294f","band":0,"off":[0,1.1]}},{"type":"Feature","geometry":{"type":"Point","coordinates":[25.543282,45.683126]},"properties":{"name":"Fundăturii cap linie","band":0,"modes":"bus","arr":["18","28","TE13"],"off":[0,-0.8]}},{"type":"Feature","geometry":{"type":"Point","coordinates":[25.543282,45.683126]},"properties":{"line":"18","mode":"bus","color":"#0059a9","colorDark":"#00294f","band":0,"off":[-3.4,1.1]}},{"type":"Feature","geometry":{"type":"Point","coordinates":[25.543282,45.683126]},"properties":{"line":"28","mode":"bus","color":"#0059a9","colorDark":"#00294f","band":0,"off":[0,1.1]}},{"type":"Feature","geometry":{"type":"Point","coordinates":[25.543282,45.683126]},"properties":{"line":"TE13","mode":"bus","color":"#0059a9","colorDark":"#00294f","band":0,"off":[3.4,1.1]}},{"type":"Feature","geometry":{"type":"Point","coordinates":[25.553259,45.594852]},"properties":{"name":"Poiana Brașov","band":0,"modes":"bus","arr":["20"],"off":[0,-0.8]}},{"type":"Feature","geometry":{"type":"Point","coordinates":[25.553259,45.594852]},"properties":{"line":"20","mode":"bus","color":"#0059a9","colorDark":"#00294f","band":0,"off":[0,1.1]}},{"type":"Feature","geometry":{"type":"Point","coordinates":[25.59629,45.660393]},"properties":{"name":"Plevnei","band":0,"modes":"bus","arr":["TE16"],"off":[0,-0.8]}},{"type":"Feature","geometry":{"type":"Point","coordinates":[25.59629,45.660393]},"properties":{"line":"TE16","mode":"bus","color":"#0059a9","colorDark":"#00294f","band":0,"off":[0,1.1]}},{"type":"Feature","geometry":{"type":"Point","coordinates":[25.596842,45.718992]},"properties":{"name":"Baciului","band":0,"modes":"bus","arr":["24"],"off":[0,-0.8]}},{"type":"Feature","geometry":{"type":"Point","coordinates":[25.596842,45.718992]},"properties":{"line":"24","mode":"bus","color":"#0059a9","colorDark":"#00294f","band":0,"off":[0,1.1]}},{"type":"Feature","geometry":{"type":"Point","coordinates":[25.562121,45.67362]},"properties":{"name":"Bartolomeu Nord","band":0,"modes":"bus","arr":["29","TE12"],"off":[0,-0.8]}},{"type":"Feature","geometry":{"type":"Point","coordinates":[25.562121,45.67362]},"properties":{"line":"29","mode":"bus","color":"#0059a9","colorDark":"#00294f","band":0,"off":[-1.7,1.1]}},{"type":"Feature","geometry":{"type":"Point","coordinates":[25.562121,45.67362]},"properties":{"line":"TE12","mode":"bus","color":"#0059a9","colorDark":"#00294f","band":0,"off":[1.7,1.1]}},{"type":"Feature","geometry":{"type":"Point","coordinates":[25.649432,45.666883]},"properties":{"name":"Timiș Triaj","band":0,"modes":"bus","arr":["34"],"off":[0,-0.8]}},{"type":"Feature","geometry":{"type":"Point","coordinates":[25.649432,45.666883]},"properties":{"line":"34","mode":"bus","color":"#0059a9","colorDark":"#00294f","band":0,"off":[0,1.1]}},{"type":"Feature","geometry":{"type":"Point","coordinates":[25.628913,45.649532]},"properties":{"name":"Gemenii","band":0,"modes":"bus","arr":["611"],"off":[0,-0.8]}},{"type":"Feature","geometry":{"type":"Point","coordinates":[25.628913,45.649532]},"properties":{"line":"611","mode":"bus","color":"#0059a9","colorDark":"#00294f","band":0,"off":[0,1.1]}},{"type":"Feature","geometry":{"type":"Point","coordinates":[25.704218,45.670838]},"properties":{"name":"Izvor Cap Linie","band":0,"modes":"bus","arr":["34B"],"off":[0,-0.8]}},{"type":"Feature","geometry":{"type":"Point","coordinates":[25.704218,45.670838]},"properties":{"line":"34B","mode":"bus","color":"#0059a9","colorDark":"#00294f","band":0,"off":[0,1.1]}},{"type":"Feature","geometry":{"type":"Point","coordinates":[25.595456,45.666536]},"properties":{"name":"Independenței","band":0,"modes":"bus","arr":["36"],"off":[0,-0.8]}},{"type":"Feature","geometry":{"type":"Point","coordinates":[25.595456,45.666536]},"properties":{"line":"36","mode":"bus","color":"#0059a9","colorDark":"#00294f","band":0,"off":[0,1.1]}},{"type":"Feature","geometry":{"type":"Point","coordinates":[25.633413,45.656919]},"properties":{"name":"Craiter","band":0,"modes":"bus","arr":["37"],"off":[0,-0.8]}},{"type":"Feature","geometry":{"type":"Point","coordinates":[25.633413,45.656919]},"properties":{"line":"37","mode":"bus","color":"#0059a9","colorDark":"#00294f","band":0,"off":[0,1.1]}},{"type":"Feature","geometry":{"type":"Point","coordinates":[25.553088,45.723876]},"properties":{"name":"Gazon","band":0,"modes":"bus","arr":["40","41"],"off":[0,-0.8]}},{"type":"Feature","geometry":{"type":"Point","coordinates":[25.553088,45.723876]},"properties":{"line":"40","mode":"bus","color":"#0059a9","colorDark":"#00294f","band":0,"off":[-1.7,1.1]}},{"type":"Feature","geometry":{"type":"Point","coordinates":[25.553088,45.723876]},"properties":{"line":"41","mode":"bus","color":"#0059a9","colorDark":"#00294f","band":0,"off":[1.7,1.1]}},{"type":"Feature","geometry":{"type":"Point","coordinates":[25.558481,45.697934]},"properties":{"name":"Stupini Centru","band":0,"modes":"bus","arr":["TE15"],"off":[0,-0.8]}},{"type":"Feature","geometry":{"type":"Point","coordinates":[25.558481,45.697934]},"properties":{"line":"TE15","mode":"bus","color":"#0059a9","colorDark":"#00294f","band":0,"off":[0,1.1]}},{"type":"Feature","geometry":{"type":"Point","coordinates":[25.586182,45.681751]},"properties":{"name":"Zona Industrială Griviței","band":0,"modes":"bus","arr":["42"],"off":[0,-0.8]}},{"type":"Feature","geometry":{"type":"Point","coordinates":[25.586182,45.681751]},"properties":{"line":"42","mode":"bus","color":"#0059a9","colorDark":"#00294f","band":0,"off":[0,1.1]}},{"type":"Feature","geometry":{"type":"Point","coordinates":[25.558645,45.620185]},"properties":{"name":"Solomon","band":0,"modes":"bus","arr":["50"],"off":[0,-0.8]}},{"type":"Feature","geometry":{"type":"Point","coordinates":[25.558645,45.620185]},"properties":{"line":"50","mode":"bus","color":"#0059a9","colorDark":"#00294f","band":0,"off":[0,1.1]}},{"type":"Feature","geometry":{"type":"Point","coordinates":[25.617866,45.66394]},"properties":{"name":"Facultate Construcții","band":0,"modes":"bus","arr":["53"],"off":[0,-0.8]}},{"type":"Feature","geometry":{"type":"Point","coordinates":[25.617866,45.66394]},"properties":{"line":"53","mode":"bus","color":"#0059a9","colorDark":"#00294f","band":0,"off":[0,1.1]}},{"type":"Feature","geometry":{"type":"Point","coordinates":[25.622507,45.627518]},"properties":{"name":"Panselelor","band":0,"modes":"bus","arr":["53"],"off":[0,-0.8]}},{"type":"Feature","geometry":{"type":"Point","coordinates":[25.622507,45.627518]},"properties":{"line":"53","mode":"bus","color":"#0059a9","colorDark":"#00294f","band":0,"off":[0,1.1]}},{"type":"Feature","geometry":{"type":"Point","coordinates":[25.641073,45.640602]},"properties":{"name":"Cimitir Micșunica","band":0,"modes":"bus","arr":["56"],"off":[0,-0.8]}},{"type":"Feature","geometry":{"type":"Point","coordinates":[25.641073,45.640602]},"properties":{"line":"56","mode":"bus","color":"#0059a9","colorDark":"#00294f","band":0,"off":[0,1.1]}},{"type":"Feature","geometry":{"type":"Point","coordinates":[25.471038,45.617219]},"properties":{"name":"Tineretului","band":0,"modes":"bus","arr":["110"],"off":[0,-0.8]}},{"type":"Feature","geometry":{"type":"Point","coordinates":[25.471038,45.617219]},"properties":{"line":"110","mode":"bus","color":"#0059a9","colorDark":"#00294f","band":0,"off":[0,1.1]}},{"type":"Feature","geometry":{"type":"Point","coordinates":[25.421402,45.63399]},"properties":{"name":"Primăria Vulcan","band":0,"modes":"bus","arr":["120"],"off":[0,-0.8]}},{"type":"Feature","geometry":{"type":"Point","coordinates":[25.421402,45.63399]},"properties":{"line":"120","mode":"bus","color":"#0059a9","colorDark":"#00294f","band":0,"off":[0,1.1]}},{"type":"Feature","geometry":{"type":"Point","coordinates":[25.457201,45.577382]},"properties":{"name":"Cap Linie Râșnov","band":0,"modes":"bus","arr":["130"],"off":[0,-0.8]}},{"type":"Feature","geometry":{"type":"Point","coordinates":[25.457201,45.577382]},"properties":{"line":"130","mode":"bus","color":"#0059a9","colorDark":"#00294f","band":0,"off":[0,1.1]}},{"type":"Feature","geometry":{"type":"Point","coordinates":[25.43744,45.58754]},"properties":{"name":"Romacril","band":0,"modes":"bus","arr":["131"],"off":[0,-0.8]}},{"type":"Feature","geometry":{"type":"Point","coordinates":[25.43744,45.58754]},"properties":{"line":"131","mode":"bus","color":"#0059a9","colorDark":"#00294f","band":0,"off":[0,1.1]}},{"type":"Feature","geometry":{"type":"Point","coordinates":[25.313638,45.559098]},"properties":{"name":"CEC Zărnești","band":0,"modes":"bus","arr":["140"],"off":[0,-0.8]}},{"type":"Feature","geometry":{"type":"Point","coordinates":[25.313638,45.559098]},"properties":{"line":"140","mode":"bus","color":"#0059a9","colorDark":"#00294f","band":0,"off":[0,1.1]}},{"type":"Feature","geometry":{"type":"Point","coordinates":[25.503645,45.654824]},"properties":{"name":"Ghimbav Cap Linie","band":0,"modes":"bus","arr":["210"],"off":[0,-0.8]}},{"type":"Feature","geometry":{"type":"Point","coordinates":[25.503645,45.654824]},"properties":{"line":"210","mode":"bus","color":"#0059a9","colorDark":"#00294f","band":0,"off":[0,1.1]}},{"type":"Feature","geometry":{"type":"Point","coordinates":[25.452726,45.706897]},"properties":{"name":"Codlea Nord","band":0,"modes":"bus","arr":["220"],"off":[0,-0.8]}},{"type":"Feature","geometry":{"type":"Point","coordinates":[25.452726,45.706897]},"properties":{"line":"220","mode":"bus","color":"#0059a9","colorDark":"#00294f","band":0,"off":[0,1.1]}},{"type":"Feature","geometry":{"type":"Point","coordinates":[25.51049,45.775973]},"properties":{"name":"Satu Nou cap linie","band":0,"modes":"bus","arr":["310"],"off":[0,-0.8]}},{"type":"Feature","geometry":{"type":"Point","coordinates":[25.51049,45.775973]},"properties":{"line":"310","mode":"bus","color":"#0059a9","colorDark":"#00294f","band":0,"off":[0,1.1]}},{"type":"Feature","geometry":{"type":"Point","coordinates":[25.557368,45.837389]},"properties":{"name":"Rotbav","band":0,"modes":"bus","arr":["320"],"off":[0,-0.8]}},{"type":"Feature","geometry":{"type":"Point","coordinates":[25.557368,45.837389]},"properties":{"line":"320","mode":"bus","color":"#0059a9","colorDark":"#00294f","band":0,"off":[0,1.1]}},{"type":"Feature","geometry":{"type":"Point","coordinates":[25.610733,45.700495]},"properties":{"name":"Subcetate","band":0,"modes":"bus","arr":["410"],"off":[0,-0.8]}},{"type":"Feature","geometry":{"type":"Point","coordinates":[25.610733,45.700495]},"properties":{"line":"410","mode":"bus","color":"#0059a9","colorDark":"#00294f","band":0,"off":[0,1.1]}},{"type":"Feature","geometry":{"type":"Point","coordinates":[25.639349,45.696232]},"properties":{"name":"Residence (capăt)","band":0,"modes":"bus","arr":["411"],"off":[0,-0.8]}},{"type":"Feature","geometry":{"type":"Point","coordinates":[25.639349,45.696232]},"properties":{"line":"411","mode":"bus","color":"#0059a9","colorDark":"#00294f","band":0,"off":[0,1.1]}},{"type":"Feature","geometry":{"type":"Point","coordinates":[25.647424,45.722389]},"properties":{"name":"Spital","band":0,"modes":"bus","arr":["412"],"off":[0,-0.8]}},{"type":"Feature","geometry":{"type":"Point","coordinates":[25.647424,45.722389]},"properties":{"line":"412","mode":"bus","color":"#0059a9","colorDark":"#00294f","band":0,"off":[0,1.1]}},{"type":"Feature","geometry":{"type":"Point","coordinates":[25.598051,45.755461]},"properties":{"name":"Bod Colonie","band":0,"modes":"bus","arr":["420"],"off":[0,-0.8]}},{"type":"Feature","geometry":{"type":"Point","coordinates":[25.598051,45.755461]},"properties":{"line":"420","mode":"bus","color":"#0059a9","colorDark":"#00294f","band":0,"off":[0,1.1]}},{"type":"Feature","geometry":{"type":"Point","coordinates":[25.733987,45.766691]},"properties":{"name":"Cap Linie Podu Oltului","band":0,"modes":"bus","arr":["511"],"off":[0,-0.8]}},{"type":"Feature","geometry":{"type":"Point","coordinates":[25.733987,45.766691]},"properties":{"line":"511","mode":"bus","color":"#0059a9","colorDark":"#00294f","band":0,"off":[0,1.1]}},{"type":"Feature","geometry":{"type":"Point","coordinates":[25.783488,45.759397]},"properties":{"name":"Lunca Câlnicului (Vizaviu)","band":0,"modes":"bus","arr":["520"],"off":[0,-0.8]}},{"type":"Feature","geometry":{"type":"Point","coordinates":[25.783488,45.759397]},"properties":{"line":"520","mode":"bus","color":"#0059a9","colorDark":"#00294f","band":0,"off":[0,1.1]}},{"type":"Feature","geometry":{"type":"Point","coordinates":[25.980834,45.578803]},"properties":{"name":"Vama de Sus","band":0,"modes":"bus","arr":["540","541"],"off":[0,-0.8]}},{"type":"Feature","geometry":{"type":"Point","coordinates":[25.980834,45.578803]},"properties":{"line":"540","mode":"bus","color":"#0059a9","colorDark":"#00294f","band":0,"off":[-1.7,1.1]}},{"type":"Feature","geometry":{"type":"Point","coordinates":[25.980834,45.578803]},"properties":{"line":"541","mode":"bus","color":"#0059a9","colorDark":"#00294f","band":0,"off":[1.7,1.1]}},{"type":"Feature","geometry":{"type":"Point","coordinates":[26.040765,45.563611]},"properties":{"name":"Buzăielul de Sus","band":0,"modes":"bus","arr":["541"],"off":[0,-0.8]}},{"type":"Feature","geometry":{"type":"Point","coordinates":[26.040765,45.563611]},"properties":{"line":"541","mode":"bus","color":"#0059a9","colorDark":"#00294f","band":0,"off":[0,1.1]}},{"type":"Feature","geometry":{"type":"Point","coordinates":[25.792129,45.64446]},"properties":{"name":"Cap Linie Purcăreni","band":0,"modes":"bus","arr":["610","612"],"off":[0,-0.8]}},{"type":"Feature","geometry":{"type":"Point","coordinates":[25.792129,45.64446]},"properties":{"line":"610","mode":"bus","color":"#0059a9","colorDark":"#00294f","band":0,"off":[-1.7,1.1]}},{"type":"Feature","geometry":{"type":"Point","coordinates":[25.792129,45.64446]},"properties":{"line":"612","mode":"bus","color":"#0059a9","colorDark":"#00294f","band":0,"off":[1.7,1.1]}},{"type":"Feature","geometry":{"type":"Point","coordinates":[25.758517,45.634084]},"properties":{"name":"Cap Linie Tărlungeni","band":0,"modes":"bus","arr":["611"],"off":[0,-0.8]}},{"type":"Feature","geometry":{"type":"Point","coordinates":[25.758517,45.634084]},"properties":{"line":"611","mode":"bus","color":"#0059a9","colorDark":"#00294f","band":0,"off":[0,1.1]}},{"type":"Feature","geometry":{"type":"Point","coordinates":[25.731681,45.608799]},"properties":{"name":"Garaje Săcele","band":0,"modes":"bus","arr":["710","TE2","TE14"],"off":[0,-0.8]}},{"type":"Feature","geometry":{"type":"Point","coordinates":[25.731681,45.608799]},"properties":{"line":"710","mode":"bus","color":"#0059a9","colorDark":"#00294f","band":0,"off":[-3.4,1.1]}},{"type":"Feature","geometry":{"type":"Point","coordinates":[25.731681,45.608799]},"properties":{"line":"TE2","mode":"bus","color":"#0059a9","colorDark":"#00294f","band":0,"off":[0,1.1]}},{"type":"Feature","geometry":{"type":"Point","coordinates":[25.731681,45.608799]},"properties":{"line":"TE14","mode":"bus","color":"#0059a9","colorDark":"#00294f","band":0,"off":[3.4,1.1]}},{"type":"Feature","geometry":{"type":"Point","coordinates":[25.739983,45.601452]},"properties":{"name":"Gârcini","band":0,"modes":"bus","arr":["711"],"off":[0,-0.8]}},{"type":"Feature","geometry":{"type":"Point","coordinates":[25.739983,45.601452]},"properties":{"line":"711","mode":"bus","color":"#0059a9","colorDark":"#00294f","band":0,"off":[0,1.1]}},{"type":"Feature","geometry":{"type":"Point","coordinates":[25.564441,45.463229]},"properties":{"name":"Cap Linie Predeal","band":0,"modes":"bus","arr":["810"],"off":[0,-0.8]}},{"type":"Feature","geometry":{"type":"Point","coordinates":[25.564441,45.463229]},"properties":{"line":"810","mode":"bus","color":"#0059a9","colorDark":"#00294f","band":0,"off":[0,1.1]}},{"type":"Feature","geometry":{"type":"Point","coordinates":[25.517484,45.69403]},"properties":{"name":"Aeroportul Brașov","band":0,"modes":"bus","arr":["A1"],"off":[0,-0.8]}},{"type":"Feature","geometry":{"type":"Point","coordinates":[25.517484,45.69403]},"properties":{"line":"A1","mode":"bus","color":"#0059a9","colorDark":"#00294f","band":0,"off":[0,1.1]}},{"type":"Feature","geometry":{"type":"Point","coordinates":[25.585488,45.639311]},"properties":{"name":"Șirul Beethoven","band":0,"modes":"bus","arr":["TE1","TE2","TE3","TE4","TE5","TE6","TE7","TE8","TE9","TE10","TE11","TE12","TE13"],"off":[0,-0.8],"sc":0.98}},{"type":"Feature","geometry":{"type":"Point","coordinates":[25.585488,45.639311]},"properties":{"line":"TE1","mode":"bus","color":"#0059a9","colorDark":"#00294f","band":0,"sc":0.98,"off":[-6.8,1.1]}},{"type":"Feature","geometry":{"type":"Point","coordinates":[25.585488,45.639311]},"properties":{"line":"TE2","mode":"bus","color":"#0059a9","colorDark":"#00294f","band":0,"sc":0.98,"off":[-3.4,1.1]}},{"type":"Feature","geometry":{"type":"Point","coordinates":[25.585488,45.639311]},"properties":{"line":"TE3","mode":"bus","color":"#0059a9","colorDark":"#00294f","band":0,"sc":0.98,"off":[0,1.1]}},{"type":"Feature","geometry":{"type":"Point","coordinates":[25.585488,45.639311]},"properties":{"line":"TE4","mode":"bus","color":"#0059a9","colorDark":"#00294f","band":0,"sc":0.98,"off":[3.4,1.1]}},{"type":"Feature","geometry":{"type":"Point","coordinates":[25.585488,45.639311]},"properties":{"line":"TE5","mode":"bus","color":"#0059a9","colorDark":"#00294f","band":0,"sc":0.98,"off":[6.8,1.1]}},{"type":"Feature","geometry":{"type":"Point","coordinates":[25.585488,45.639311]},"properties":{"line":"TE6","mode":"bus","color":"#0059a9","colorDark":"#00294f","band":0,"sc":0.98,"off":[-6.8,3.1]}},{"type":"Feature","geometry":{"type":"Point","coordinates":[25.585488,45.639311]},"properties":{"line":"TE7","mode":"bus","color":"#0059a9","colorDark":"#00294f","band":0,"sc":0.98,"off":[-3.4,3.1]}},{"type":"Feature","geometry":{"type":"Point","coordinates":[25.585488,45.639311]},"properties":{"line":"TE8","mode":"bus","color":"#0059a9","colorDark":"#00294f","band":0,"sc":0.98,"off":[0,3.1]}},{"type":"Feature","geometry":{"type":"Point","coordinates":[25.585488,45.639311]},"properties":{"line":"TE9","mode":"bus","color":"#0059a9","colorDark":"#00294f","band":0,"sc":0.98,"off":[3.4,3.1]}},{"type":"Feature","geometry":{"type":"Point","coordinates":[25.585488,45.639311]},"properties":{"line":"TE10","mode":"bus","color":"#0059a9","colorDark":"#00294f","band":0,"sc":0.98,"off":[6.8,3.1]}},{"type":"Feature","geometry":{"type":"Point","coordinates":[25.585488,45.639311]},"properties":{"line":"TE11","mode":"bus","color":"#0059a9","colorDark":"#00294f","band":0,"sc":0.98,"off":[-3.4,5.1]}},{"type":"Feature","geometry":{"type":"Point","coordinates":[25.585488,45.639311]},"properties":{"line":"TE12","mode":"bus","color":"#0059a9","colorDark":"#00294f","band":0,"sc":0.98,"off":[0,5.1]}},{"type":"Feature","geometry":{"type":"Point","coordinates":[25.585488,45.639311]},"properties":{"line":"TE13","mode":"bus","color":"#0059a9","colorDark":"#00294f","band":0,"sc":0.98,"off":[3.4,5.1]}},{"type":"Feature","geometry":{"type":"Point","coordinates":[25.58857,45.645734]},"properties":{"name":"Livada Poștei","band":1,"modes":"bus","arr":["1","2","2B","6","14","16","17","20","24","28","31","34","34B","36","41","TE14","TE16"],"off":[0,-0.8],"sc":0.9}},{"type":"Feature","geometry":{"type":"Point","coordinates":[25.58857,45.645734]},"properties":{"line":"1","mode":"bus","color":"#149a3f","colorDark":"#0a5121","band":1,"sc":0.9,"off":[-6.8,1.1]}},{"type":"Feature","geometry":{"type":"Point","coordinates":[25.58857,45.645734]},"properties":{"line":"2","mode":"bus","color":"#149a3f","colorDark":"#0a5121","band":1,"sc":0.9,"off":[-3.4,1.1]}},{"type":"Feature","geometry":{"type":"Point","coordinates":[25.58857,45.645734]},"properties":{"line":"2B","mode":"bus","color":"#0059a9","colorDark":"#00294f","band":1,"sc":0.9,"off":[0,1.1]}},{"type":"Feature","geometry":{"type":"Point","coordinates":[25.58857,45.645734]},"properties":{"line":"6","mode":"bus","color":"#149a3f","colorDark":"#0a5121","band":1,"sc":0.9,"off":[3.4,1.1]}},{"type":"Feature","geometry":{"type":"Point","coordinates":[25.58857,45.645734]},"properties":{"line":"14","mode":"bus","color":"#0059a9","colorDark":"#00294f","band":1,"sc":0.9,"off":[6.8,1.1]}},{"type":"Feature","geometry":{"type":"Point","coordinates":[25.58857,45.645734]},"properties":{"line":"16","mode":"bus","color":"#0059a9","colorDark":"#00294f","band":1,"sc":0.9,"off":[-6.8,3.1]}},{"type":"Feature","geometry":{"type":"Point","coordinates":[25.58857,45.645734]},"properties":{"line":"17","mode":"bus","color":"#0059a9","colorDark":"#00294f","band":1,"sc":0.9,"off":[-3.4,3.1]}},{"type":"Feature","geometry":{"type":"Point","coordinates":[25.58857,45.645734]},"properties":{"line":"20","mode":"bus","color":"#0059a9","colorDark":"#00294f","band":1,"sc":0.9,"off":[0,3.1]}},{"type":"Feature","geometry":{"type":"Point","coordinates":[25.58857,45.645734]},"properties":{"line":"24","mode":"bus","color":"#0059a9","colorDark":"#00294f","band":1,"sc":0.9,"off":[3.4,3.1]}},{"type":"Feature","geometry":{"type":"Point","coordinates":[25.58857,45.645734]},"properties":{"line":"28","mode":"bus","color":"#0059a9","colorDark":"#00294f","band":1,"sc":0.9,"off":[6.8,3.1]}},{"type":"Feature","geometry":{"type":"Point","coordinates":[25.58857,45.645734]},"properties":{"line":"31","mode":"bus","color":"#149a3f","colorDark":"#0a5121","band":1,"sc":0.9,"off":[-6.8,5.1]}},{"type":"Feature","geometry":{"type":"Point","coordinates":[25.58857,45.645734]},"properties":{"line":"34","mode":"bus","color":"#0059a9","colorDark":"#00294f","band":1,"sc":0.9,"off":[-3.4,5.1]}},{"type":"Feature","geometry":{"type":"Point","coordinates":[25.58857,45.645734]},"properties":{"line":"34B","mode":"bus","color":"#0059a9","colorDark":"#00294f","band":1,"sc":0.9,"off":[0,5.1]}},{"type":"Feature","geometry":{"type":"Point","coordinates":[25.58857,45.645734]},"properties":{"line":"36","mode":"bus","color":"#0059a9","colorDark":"#00294f","band":1,"sc":0.9,"off":[3.4,5.1]}},{"type":"Feature","geometry":{"type":"Point","coordinates":[25.58857,45.645734]},"properties":{"line":"41","mode":"bus","color":"#0059a9","colorDark":"#00294f","band":1,"sc":0.9,"off":[6.8,5.1]}},{"type":"Feature","geometry":{"type":"Point","coordinates":[25.58857,45.645734]},"properties":{"line":"TE14","mode":"bus","color":"#0059a9","colorDark":"#00294f","band":1,"sc":0.9,"off":[-1.7,7.1]}},{"type":"Feature","geometry":{"type":"Point","coordinates":[25.58857,45.645734]},"properties":{"line":"TE16","mode":"bus","color":"#0059a9","colorDark":"#00294f","band":1,"sc":0.9,"off":[1.7,7.1]}},{"type":"Feature","geometry":{"type":"Point","coordinates":[25.608959,45.651078]},"properties":{"name":"Hidro A","band":1,"modes":"bus","arr":["37","50","54"],"off":[0,-0.8]}},{"type":"Feature","geometry":{"type":"Point","coordinates":[25.608959,45.651078]},"properties":{"name":"Camera de Comerț","band":1,"modes":"bus","arr":["37","50","54"],"off":[0,-1.9]}},{"type":"Feature","geometry":{"type":"Point","coordinates":[25.608959,45.651078]},"properties":{"line":"37","mode":"bus","color":"#0059a9","colorDark":"#00294f","band":1,"off":[-3.4,1.1]}},{"type":"Feature","geometry":{"type":"Point","coordinates":[25.608959,45.651078]},"properties":{"line":"50","mode":"bus","color":"#0059a9","colorDark":"#00294f","band":1,"off":[0,1.1]}},{"type":"Feature","geometry":{"type":"Point","coordinates":[25.608959,45.651078]},"properties":{"line":"54","mode":"bus","color":"#0059a9","colorDark":"#00294f","band":1,"off":[3.4,1.1]}},{"type":"Feature","geometry":{"type":"Point","coordinates":[25.647414,45.675543]},"properties":{"name":"Triaj","band":1,"modes":"bus","arr":["1","10","15","21","23B","54","TE5","TE6"],"off":[0,-0.8]}},{"type":"Feature","geometry":{"type":"Point","coordinates":[25.647414,45.675543]},"properties":{"line":"1","mode":"bus","color":"#149a3f","colorDark":"#0a5121","band":1,"off":[-6.8,1.1]}},{"type":"Feature","geometry":{"type":"Point","coordinates":[25.647414,45.675543]},"properties":{"line":"10","mode":"bus","color":"#149a3f","colorDark":"#0a5121","band":1,"off":[-3.4,1.1]}},{"type":"Feature","geometry":{"type":"Point","coordinates":[25.647414,45.675543]},"properties":{"line":"15","mode":"bus","color":"#0059a9","colorDark":"#00294f","band":1,"off":[0,1.1]}},{"type":"Feature","geometry":{"type":"Point","coordinates":[25.647414,45.675543]},"properties":{"line":"21","mode":"bus","color":"#0059a9","colorDark":"#00294f","band":1,"off":[3.4,1.1]}},{"type":"Feature","geometry":{"type":"Point","coordinates":[25.647414,45.675543]},"properties":{"line":"23B","mode":"bus","color":"#0059a9","colorDark":"#00294f","band":1,"off":[6.8,1.1]}},{"type":"Feature","geometry":{"type":"Point","coordinates":[25.647414,45.675543]},"properties":{"line":"54","mode":"bus","color":"#0059a9","colorDark":"#00294f","band":1,"off":[-3.4,3.1]}},{"type":"Feature","geometry":{"type":"Point","coordinates":[25.647414,45.675543]},"properties":{"line":"TE5","mode":"bus","color":"#0059a9","colorDark":"#00294f","band":1,"off":[0,3.1]}},{"type":"Feature","geometry":{"type":"Point","coordinates":[25.647414,45.675543]},"properties":{"line":"TE6","mode":"bus","color":"#0059a9","colorDark":"#00294f","band":1,"off":[3.4,3.1]}},{"type":"Feature","geometry":{"type":"Point","coordinates":[25.614877,45.682079]},"properties":{"name":"Rulmentul","band":1,"modes":"bus","arr":["2","2B","7","8","9","410","411","412","420","TE7","TE7S","TE8","TE9"],"off":[0,-0.8],"sc":0.98}},{"type":"Feature","geometry":{"type":"Point","coordinates":[25.614877,45.682079]},"properties":{"line":"2","mode":"bus","color":"#149a3f","colorDark":"#0a5121","band":1,"sc":0.98,"off":[-6.8,1.1]}},{"type":"Feature","geometry":{"type":"Point","coordinates":[25.614877,45.682079]},"properties":{"line":"2B","mode":"bus","color":"#0059a9","colorDark":"#00294f","band":1,"sc":0.98,"off":[-3.4,1.1]}},{"type":"Feature","geometry":{"type":"Point","coordinates":[25.614877,45.682079]},"properties":{"line":"7","mode":"bus","color":"#149a3f","colorDark":"#0a5121","band":1,"sc":0.98,"off":[0,1.1]}},{"type":"Feature","geometry":{"type":"Point","coordinates":[25.614877,45.682079]},"properties":{"line":"8","mode":"bus","color":"#149a3f","colorDark":"#0a5121","band":1,"sc":0.98,"off":[3.4,1.1]}},{"type":"Feature","geometry":{"type":"Point","coordinates":[25.614877,45.682079]},"properties":{"line":"9","mode":"bus","color":"#0059a9","colorDark":"#00294f","band":1,"sc":0.98,"off":[6.8,1.1]}},{"type":"Feature","geometry":{"type":"Point","coordinates":[25.614877,45.682079]},"properties":{"line":"410","mode":"bus","color":"#0059a9","colorDark":"#00294f","band":1,"sc":0.98,"off":[-6.8,3.1]}},{"type":"Feature","geometry":{"type":"Point","coordinates":[25.614877,45.682079]},"properties":{"line":"411","mode":"bus","color":"#0059a9","colorDark":"#00294f","band":1,"sc":0.98,"off":[-3.4,3.1]}},{"type":"Feature","geometry":{"type":"Point","coordinates":[25.614877,45.682079]},"properties":{"line":"412","mode":"bus","color":"#0059a9","colorDark":"#00294f","band":1,"sc":0.98,"off":[0,3.1]}},{"type":"Feature","geometry":{"type":"Point","coordinates":[25.614877,45.682079]},"properties":{"line":"420","mode":"bus","color":"#0059a9","colorDark":"#00294f","band":1,"sc":0.98,"off":[3.4,3.1]}},{"type":"Feature","geometry":{"type":"Point","coordinates":[25.614877,45.682079]},"properties":{"line":"TE7","mode":"bus","color":"#0059a9","colorDark":"#00294f","band":1,"sc":0.98,"off":[6.8,3.1]}},{"type":"Feature","geometry":{"type":"Point","coordinates":[25.614877,45.682079]},"properties":{"line":"TE7S","mode":"bus","color":"#0059a9","colorDark":"#00294f","band":1,"sc":0.98,"off":[-3.4,5.1]}},{"type":"Feature","geometry":{"type":"Point","coordinates":[25.614877,45.682079]},"properties":{"line":"TE8","mode":"bus","color":"#0059a9","colorDark":"#00294f","band":1,"sc":0.98,"off":[0,5.1]}},{"type":"Feature","geometry":{"type":"Point","coordinates":[25.614877,45.682079]},"properties":{"line":"TE9","mode":"bus","color":"#0059a9","colorDark":"#00294f","band":1,"sc":0.98,"off":[3.4,5.1]}},{"type":"Feature","geometry":{"type":"Point","coordinates":[25.583929,45.664859]},"properties":{"name":"Stadionul Tineretului","band":1,"modes":"bus","arr":["3","22"],"off":[0,-0.8]}},{"type":"Feature","geometry":{"type":"Point","coordinates":[25.583929,45.664859]},"properties":{"line":"3","mode":"bus","color":"#149a3f","colorDark":"#0a5121","band":1,"off":[-1.7,1.1]}},{"type":"Feature","geometry":{"type":"Point","coordinates":[25.583929,45.664859]},"properties":{"line":"22","mode":"bus","color":"#0059a9","colorDark":"#00294f","band":1,"off":[1.7,1.1]}},{"type":"Feature","geometry":{"type":"Point","coordinates":[25.60126,45.630546]},"properties":{"name":"Valea Cetății","band":1,"modes":"bus","arr":["3","10","31","32","33","TE3"],"off":[0,-0.8]}},{"type":"Feature","geometry":{"type":"Point","coordinates":[25.60126,45.630546]},"properties":{"line":"3","mode":"bus","color":"#149a3f","colorDark":"#0a5121","band":1,"off":[-6.8,1.1]}},{"type":"Feature","geometry":{"type":"Point","coordinates":[25.60126,45.630546]},"properties":{"line":"10","mode":"bus","color":"#149a3f","colorDark":"#0a5121","band":1,"off":[-3.4,1.1]}},{"type":"Feature","geometry":{"type":"Point","coordinates":[25.60126,45.630546]},"properties":{"line":"31","mode":"bus","color":"#149a3f","colorDark":"#0a5121","band":1,"off":[0,1.1]}},{"type":"Feature","geometry":{"type":"Point","coordinates":[25.60126,45.630546]},"properties":{"line":"32","mode":"bus","color":"#0059a9","colorDark":"#00294f","band":1,"off":[3.4,1.1]}},{"type":"Feature","geometry":{"type":"Point","coordinates":[25.60126,45.630546]},"properties":{"line":"33","mode":"bus","color":"#149a3f","colorDark":"#0a5121","band":1,"off":[6.8,1.1]}},{"type":"Feature","geometry":{"type":"Point","coordinates":[25.60126,45.630546]},"properties":{"line":"TE3","mode":"bus","color":"#0059a9","colorDark":"#00294f","band":1,"off":[0,3.1]}},{"type":"Feature","geometry":{"type":"Point","coordinates":[25.576586,45.633062]},"properties":{"name":"Tocile","band":1,"modes":"bus","arr":["4","52"],"off":[0,-0.8]}},{"type":"Feature","geometry":{"type":"Point","coordinates":[25.576586,45.633062]},"properties":{"line":"4","mode":"bus","color":"#0059a9","colorDark":"#00294f","band":1,"off":[-1.7,1.1]}},{"type":"Feature","geometry":{"type":"Point","coordinates":[25.576586,45.633062]},"properties":{"line":"52","mode":"bus","color":"#0059a9","colorDark":"#00294f","band":1,"off":[1.7,1.1]}},{"type":"Feature","geometry":{"type":"Point","coordinates":[25.612332,45.660917]},"properties":{"name":"Terminal Gară","band":1,"modes":"bus","arr":["4","17B","29","35","40","42","310","320","511","520","540","A1"],"off":[0,-0.8]}},{"type":"Feature","geometry":{"type":"Point","coordinates":[25.612332,45.660917]},"properties":{"line":"4","mode":"bus","color":"#0059a9","colorDark":"#00294f","band":1,"off":[-6.8,1.1]}},{"type":"Feature","geometry":{"type":"Point","coordinates":[25.612332,45.660917]},"properties":{"line":"17B","mode":"bus","color":"#0059a9","colorDark":"#00294f","band":1,"off":[-3.4,1.1]}},{"type":"Feature","geometry":{"type":"Point","coordinates":[25.612332,45.660917]},"properties":{"line":"29","mode":"bus","color":"#0059a9","colorDark":"#00294f","band":1,"off":[0,1.1]}},{"type":"Feature","geometry":{"type":"Point","coordinates":[25.612332,45.660917]},"properties":{"line":"35","mode":"bus","color":"#0059a9","colorDark":"#00294f","band":1,"off":[3.4,1.1]}},{"type":"Feature","geometry":{"type":"Point","coordinates":[25.612332,45.660917]},"properties":{"line":"40","mode":"bus","color":"#0059a9","colorDark":"#00294f","band":1,"off":[6.8,1.1]}},{"type":"Feature","geometry":{"type":"Point","coordinates":[25.612332,45.660917]},"properties":{"line":"42","mode":"bus","color":"#0059a9","colorDark":"#00294f","band":1,"off":[-6.8,3.1]}},{"type":"Feature","geometry":{"type":"Point","coordinates":[25.612332,45.660917]},"properties":{"line":"310","mode":"bus","color":"#0059a9","colorDark":"#00294f","band":1,"off":[-3.4,3.1]}},{"type":"Feature","geometry":{"type":"Point","coordinates":[25.612332,45.660917]},"properties":{"line":"320","mode":"bus","color":"#0059a9","colorDark":"#00294f","band":1,"off":[0,3.1]}},{"type":"Feature","geometry":{"type":"Point","coordinates":[25.612332,45.660917]},"properties":{"line":"511","mode":"bus","color":"#0059a9","colorDark":"#00294f","band":1,"off":[3.4,3.1]}},{"type":"Feature","geometry":{"type":"Point","coordinates":[25.612332,45.660917]},"properties":{"line":"520","mode":"bus","color":"#0059a9","colorDark":"#00294f","band":1,"off":[6.8,3.1]}},{"type":"Feature","geometry":{"type":"Point","coordinates":[25.612332,45.660917]},"properties":{"line":"540","mode":"bus","color":"#0059a9","colorDark":"#00294f","band":1,"off":[-1.7,5.1]}},{"type":"Feature","geometry":{"type":"Point","coordinates":[25.612332,45.660917]},"properties":{"line":"A1","mode":"bus","color":"#0059a9","colorDark":"#00294f","band":1,"off":[1.7,5.1]}},{"type":"Feature","geometry":{"type":"Point","coordinates":[25.569942,45.659865]},"properties":{"name":"Stadionul Municipal","band":1,"modes":"bus","arr":["5","5M","9","23B","110","120","130","131","140","210","220","TE10"],"off":[0,-0.8]}},{"type":"Feature","geometry":{"type":"Point","coordinates":[25.569942,45.659865]},"properties":{"line":"5","mode":"bus","color":"#0059a9","colorDark":"#00294f","band":1,"off":[-6.8,1.1]}},{"type":"Feature","geometry":{"type":"Point","coordinates":[25.569942,45.659865]},"properties":{"line":"5M","mode":"bus","color":"#0059a9","colorDark":"#00294f","band":1,"off":[-3.4,1.1]}},{"type":"Feature","geometry":{"type":"Point","coordinates":[25.569942,45.659865]},"properties":{"line":"9","mode":"bus","color":"#0059a9","colorDark":"#00294f","band":1,"off":[0,1.1]}},{"type":"Feature","geometry":{"type":"Point","coordinates":[25.569942,45.659865]},"properties":{"line":"23B","mode":"bus","color":"#0059a9","colorDark":"#00294f","band":1,"off":[3.4,1.1]}},{"type":"Feature","geometry":{"type":"Point","coordinates":[25.569942,45.659865]},"properties":{"line":"110","mode":"bus","color":"#0059a9","colorDark":"#00294f","band":1,"off":[6.8,1.1]}},{"type":"Feature","geometry":{"type":"Point","coordinates":[25.569942,45.659865]},"properties":{"line":"120","mode":"bus","color":"#0059a9","colorDark":"#00294f","band":1,"off":[-6.8,3.1]}},{"type":"Feature","geometry":{"type":"Point","coordinates":[25.569942,45.659865]},"properties":{"line":"130","mode":"bus","color":"#0059a9","colorDark":"#00294f","band":1,"off":[-3.4,3.1]}},{"type":"Feature","geometry":{"type":"Point","coordinates":[25.569942,45.659865]},"properties":{"line":"131","mode":"bus","color":"#0059a9","colorDark":"#00294f","band":1,"off":[0,3.1]}},{"type":"Feature","geometry":{"type":"Point","coordinates":[25.569942,45.659865]},"properties":{"line":"140","mode":"bus","color":"#0059a9","colorDark":"#00294f","band":1,"off":[3.4,3.1]}},{"type":"Feature","geometry":{"type":"Point","coordinates":[25.569942,45.659865]},"properties":{"line":"210","mode":"bus","color":"#0059a9","colorDark":"#00294f","band":1,"off":[6.8,3.1]}},{"type":"Feature","geometry":{"type":"Point","coordinates":[25.569942,45.659865]},"properties":{"line":"220","mode":"bus","color":"#0059a9","colorDark":"#00294f","band":1,"off":[-1.7,5.1]}},{"type":"Feature","geometry":{"type":"Point","coordinates":[25.569942,45.659865]},"properties":{"line":"TE10","mode":"bus","color":"#0059a9","colorDark":"#00294f","band":1,"off":[1.7,5.1]}},{"type":"Feature","geometry":{"type":"Point","coordinates":[25.632327,45.632811]},"properties":{"name":"Roman","band":1,"modes":"bus","arr":["5","7","25","33","52","56","610","612","710","711","810"],"off":[0,-0.8]}},{"type":"Feature","geometry":{"type":"Point","coordinates":[25.632327,45.632811]},"properties":{"line":"5","mode":"bus","color":"#0059a9","colorDark":"#00294f","band":1,"off":[-6.8,1.1]}},{"type":"Feature","geometry":{"type":"Point","coordinates":[25.632327,45.632811]},"properties":{"line":"7","mode":"bus","color":"#149a3f","colorDark":"#0a5121","band":1,"off":[-3.4,1.1]}},{"type":"Feature","geometry":{"type":"Point","coordinates":[25.632327,45.632811]},"properties":{"line":"25","mode":"bus","color":"#0059a9","colorDark":"#00294f","band":1,"off":[0,1.1]}},{"type":"Feature","geometry":{"type":"Point","coordinates":[25.632327,45.632811]},"properties":{"line":"33","mode":"bus","color":"#149a3f","colorDark":"#0a5121","band":1,"off":[3.4,1.1]}},{"type":"Feature","geometry":{"type":"Point","coordinates":[25.632327,45.632811]},"properties":{"line":"52","mode":"bus","color":"#0059a9","colorDark":"#00294f","band":1,"off":[6.8,1.1]}},{"type":"Feature","geometry":{"type":"Point","coordinates":[25.632327,45.632811]},"properties":{"line":"56","mode":"bus","color":"#0059a9","colorDark":"#00294f","band":1,"off":[-6.8,3.1]}},{"type":"Feature","geometry":{"type":"Point","coordinates":[25.632327,45.632811]},"properties":{"line":"610","mode":"bus","color":"#0059a9","colorDark":"#00294f","band":1,"off":[-3.4,3.1]}},{"type":"Feature","geometry":{"type":"Point","coordinates":[25.632327,45.632811]},"properties":{"line":"612","mode":"bus","color":"#0059a9","colorDark":"#00294f","band":1,"off":[0,3.1]}},{"type":"Feature","geometry":{"type":"Point","coordinates":[25.632327,45.632811]},"properties":{"line":"710","mode":"bus","color":"#0059a9","colorDark":"#00294f","band":1,"off":[3.4,3.1]}},{"type":"Feature","geometry":{"type":"Point","coordinates":[25.632327,45.632811]},"properties":{"line":"711","mode":"bus","color":"#0059a9","colorDark":"#00294f","band":1,"off":[6.8,3.1]}},{"type":"Feature","geometry":{"type":"Point","coordinates":[25.632327,45.632811]},"properties":{"line":"810","mode":"bus","color":"#0059a9","colorDark":"#00294f","band":1,"off":[0,5.1]}},{"type":"Feature","geometry":{"type":"Point","coordinates":[25.523665,45.635931]},"properties":{"name":"Măgurele","band":1,"modes":"bus","arr":["5M"],"off":[0,-0.8]}},{"type":"Feature","geometry":{"type":"Point","coordinates":[25.523665,45.635931]},"properties":{"line":"5M","mode":"bus","color":"#0059a9","colorDark":"#00294f","band":1,"off":[0,1.1]}},{"type":"Feature","geometry":{"type":"Point","coordinates":[25.556517,45.656323]},"properties":{"name":"Depozite ILF","band":1,"modes":"bus","arr":["16","23"],"off":[0,-0.8]}},{"type":"Feature","geometry":{"type":"Point","coordinates":[25.556517,45.656323]},"properties":{"line":"16","mode":"bus","color":"#0059a9","colorDark":"#00294f","band":1,"off":[-1.7,1.1]}},{"type":"Feature","geometry":{"type":"Point","coordinates":[25.556517,45.656323]},"properties":{"line":"23","mode":"bus","color":"#0059a9","colorDark":"#00294f","band":1,"off":[1.7,1.1]}},{"type":"Feature","geometry":{"type":"Point","coordinates":[25.635828,45.634677]},"properties":{"name":"Saturn","band":1,"modes":"bus","arr":["6","8","22","23"],"off":[0,-0.8]}},{"type":"Feature","geometry":{"type":"Point","coordinates":[25.635828,45.634677]},"properties":{"line":"6","mode":"bus","color":"#149a3f","colorDark":"#0a5121","band":1,"off":[-5.1,1.1]}},{"type":"Feature","geometry":{"type":"Point","coordinates":[25.635828,45.634677]},"properties":{"line":"8","mode":"bus","color":"#149a3f","colorDark":"#0a5121","band":1,"off":[-1.7,1.1]}},{"type":"Feature","geometry":{"type":"Point","coordinates":[25.635828,45.634677]},"properties":{"line":"22","mode":"bus","color":"#0059a9","colorDark":"#00294f","band":1,"off":[1.7,1.1]}},{"type":"Feature","geometry":{"type":"Point","coordinates":[25.635828,45.634677]},"properties":{"line":"23","mode":"bus","color":"#0059a9","colorDark":"#00294f","band":1,"off":[5.1,1.1]}},{"type":"Feature","geometry":{"type":"Point","coordinates":[25.552687,45.645527]},"properties":{"name":"Fabrica de Var","band":1,"modes":"bus","arr":["14"],"off":[0,-0.8]}},{"type":"Feature","geometry":{"type":"Point","coordinates":[25.552687,45.645527]},"properties":{"line":"14","mode":"bus","color":"#0059a9","colorDark":"#00294f","band":1,"off":[0,1.1]}},{"type":"Feature","geometry":{"type":"Point","coordinates":[25.558358,45.665558]},"properties":{"name":"Pelicanului","band":1,"modes":"bus","arr":["15","25","TE11","TE15"],"off":[0,-0.8]}},{"type":"Feature","geometry":{"type":"Point","coordinates":[25.558358,45.665558]},"properties":{"name":"Avantgarden","band":1,"modes":"bus","arr":["15","25","TE11","TE15"],"off":[0,-1.9]}},{"type":"Feature","geometry":{"type":"Point","coordinates":[25.558358,45.665558]},"properties":{"line":"15","mode":"bus","color":"#0059a9","colorDark":"#00294f","band":1,"off":[-5.1,1.1]}},{"type":"Feature","geometry":{"type":"Point","coordinates":[25.558358,45.665558]},"properties":{"line":"25","mode":"bus","color":"#0059a9","colorDark":"#00294f","band":1,"off":[-1.7,1.1]}},{"type":"Feature","geometry":{"type":"Point","coordinates":[25.558358,45.665558]},"properties":{"line":"TE11","mode":"bus","color":"#0059a9","colorDark":"#00294f","band":1,"off":[1.7,1.1]}},{"type":"Feature","geometry":{"type":"Point","coordinates":[25.558358,45.665558]},"properties":{"line":"TE15","mode":"bus","color":"#0059a9","colorDark":"#00294f","band":1,"off":[5.1,1.1]}},{"type":"Feature","geometry":{"type":"Point","coordinates":[25.61524,45.670887]},"properties":{"name":"13 Decembrie","band":1,"modes":"bus","arr":["32"],"off":[0,-0.8]}},{"type":"Feature","geometry":{"type":"Point","coordinates":[25.61524,45.670887]},"properties":{"line":"32","mode":"bus","color":"#0059a9","colorDark":"#00294f","band":1,"off":[0,1.1]}},{"type":"Feature","geometry":{"type":"Point","coordinates":[25.634032,45.620292]},"properties":{"name":"Noua","band":1,"modes":"bus","arr":["17","21","35","TE1","TE4"],"off":[0,-0.8]}},{"type":"Feature","geometry":{"type":"Point","coordinates":[25.634032,45.620292]},"properties":{"line":"17","mode":"bus","color":"#0059a9","colorDark":"#00294f","band":1,"off":[-6.8,1.1]}},{"type":"Feature","geometry":{"type":"Point","coordinates":[25.634032,45.620292]},"properties":{"line":"21","mode":"bus","color":"#0059a9","colorDark":"#00294f","band":1,"off":[-3.4,1.1]}},{"type":"Feature","geometry":{"type":"Point","coordinates":[25.634032,45.620292]},"properties":{"line":"35","mode":"bus","color":"#0059a9","colorDark":"#00294f","band":1,"off":[0,1.1]}},{"type":"Feature","geometry":{"type":"Point","coordinates":[25.634032,45.620292]},"properties":{"line":"TE1","mode":"bus","color":"#0059a9","colorDark":"#00294f","band":1,"off":[3.4,1.1]}},{"type":"Feature","geometry":{"type":"Point","coordinates":[25.634032,45.620292]},"properties":{"line":"TE4","mode":"bus","color":"#0059a9","colorDark":"#00294f","band":1,"off":[6.8,1.1]}},{"type":"Feature","geometry":{"type":"Point","coordinates":[25.614748,45.574064]},"properties":{"name":"Benzinăria Petrom","band":1,"modes":"bus","arr":["17B"],"off":[0,-0.8]}},{"type":"Feature","geometry":{"type":"Point","coordinates":[25.614748,45.574064]},"properties":{"line":"17B","mode":"bus","color":"#0059a9","colorDark":"#00294f","band":1,"off":[0,1.1]}},{"type":"Feature","geometry":{"type":"Point","coordinates":[25.543282,45.683126]},"properties":{"name":"Fundăturii cap linie","band":1,"modes":"bus","arr":["18","28","TE13"],"off":[0,-0.8]}},{"type":"Feature","geometry":{"type":"Point","coordinates":[25.543282,45.683126]},"properties":{"line":"18","mode":"bus","color":"#0059a9","colorDark":"#00294f","band":1,"off":[-3.4,1.1]}},{"type":"Feature","geometry":{"type":"Point","coordinates":[25.543282,45.683126]},"properties":{"line":"28","mode":"bus","color":"#0059a9","colorDark":"#00294f","band":1,"off":[0,1.1]}},{"type":"Feature","geometry":{"type":"Point","coordinates":[25.543282,45.683126]},"properties":{"line":"TE13","mode":"bus","color":"#0059a9","colorDark":"#00294f","band":1,"off":[3.4,1.1]}},{"type":"Feature","geometry":{"type":"Point","coordinates":[25.578006,45.664553]},"properties":{"name":"Bariera Bartolomeu","band":1,"modes":"bus","arr":["18"],"off":[0,-0.8]}},{"type":"Feature","geometry":{"type":"Point","coordinates":[25.578006,45.664553]},"properties":{"line":"18","mode":"bus","color":"#0059a9","colorDark":"#00294f","band":1,"off":[0,1.1]}},{"type":"Feature","geometry":{"type":"Point","coordinates":[25.553259,45.594852]},"properties":{"name":"Poiana Brașov","band":1,"modes":"bus","arr":["20"],"off":[0,-0.8]}},{"type":"Feature","geometry":{"type":"Point","coordinates":[25.553259,45.594852]},"properties":{"line":"20","mode":"bus","color":"#0059a9","colorDark":"#00294f","band":1,"off":[0,1.1]}},{"type":"Feature","geometry":{"type":"Point","coordinates":[25.59629,45.660393]},"properties":{"name":"Plevnei","band":1,"modes":"bus","arr":["TE16"],"off":[0,-0.8]}},{"type":"Feature","geometry":{"type":"Point","coordinates":[25.59629,45.660393]},"properties":{"line":"TE16","mode":"bus","color":"#0059a9","colorDark":"#00294f","band":1,"off":[0,1.1]}},{"type":"Feature","geometry":{"type":"Point","coordinates":[25.596842,45.718992]},"properties":{"name":"Baciului","band":1,"modes":"bus","arr":["24"],"off":[0,-0.8]}},{"type":"Feature","geometry":{"type":"Point","coordinates":[25.596842,45.718992]},"properties":{"line":"24","mode":"bus","color":"#0059a9","colorDark":"#00294f","band":1,"off":[0,1.1]}},{"type":"Feature","geometry":{"type":"Point","coordinates":[25.562121,45.67362]},"properties":{"name":"Bartolomeu Nord","band":1,"modes":"bus","arr":["29","TE12"],"off":[0,-0.8]}},{"type":"Feature","geometry":{"type":"Point","coordinates":[25.562121,45.67362]},"properties":{"line":"29","mode":"bus","color":"#0059a9","colorDark":"#00294f","band":1,"off":[-1.7,1.1]}},{"type":"Feature","geometry":{"type":"Point","coordinates":[25.562121,45.67362]},"properties":{"line":"TE12","mode":"bus","color":"#0059a9","colorDark":"#00294f","band":1,"off":[1.7,1.1]}},{"type":"Feature","geometry":{"type":"Point","coordinates":[25.649432,45.666883]},"properties":{"name":"Timiș Triaj","band":1,"modes":"bus","arr":["34"],"off":[0,-0.8]}},{"type":"Feature","geometry":{"type":"Point","coordinates":[25.649432,45.666883]},"properties":{"line":"34","mode":"bus","color":"#0059a9","colorDark":"#00294f","band":1,"off":[0,1.1]}},{"type":"Feature","geometry":{"type":"Point","coordinates":[25.628913,45.649532]},"properties":{"name":"Gemenii","band":1,"modes":"bus","arr":["611"],"off":[0,-0.8]}},{"type":"Feature","geometry":{"type":"Point","coordinates":[25.628913,45.649532]},"properties":{"line":"611","mode":"bus","color":"#0059a9","colorDark":"#00294f","band":1,"off":[0,1.1]}},{"type":"Feature","geometry":{"type":"Point","coordinates":[25.704218,45.670838]},"properties":{"name":"Izvor Cap Linie","band":1,"modes":"bus","arr":["34B"],"off":[0,-0.8]}},{"type":"Feature","geometry":{"type":"Point","coordinates":[25.704218,45.670838]},"properties":{"line":"34B","mode":"bus","color":"#0059a9","colorDark":"#00294f","band":1,"off":[0,1.1]}},{"type":"Feature","geometry":{"type":"Point","coordinates":[25.595456,45.666536]},"properties":{"name":"Independenței","band":1,"modes":"bus","arr":["36"],"off":[0,-0.8]}},{"type":"Feature","geometry":{"type":"Point","coordinates":[25.595456,45.666536]},"properties":{"line":"36","mode":"bus","color":"#0059a9","colorDark":"#00294f","band":1,"off":[0,1.1]}},{"type":"Feature","geometry":{"type":"Point","coordinates":[25.633413,45.656919]},"properties":{"name":"Craiter","band":1,"modes":"bus","arr":["37"],"off":[0,-0.8]}},{"type":"Feature","geometry":{"type":"Point","coordinates":[25.633413,45.656919]},"properties":{"line":"37","mode":"bus","color":"#0059a9","colorDark":"#00294f","band":1,"off":[0,1.1]}},{"type":"Feature","geometry":{"type":"Point","coordinates":[25.553088,45.723876]},"properties":{"name":"Gazon","band":1,"modes":"bus","arr":["40","41"],"off":[0,-0.8]}},{"type":"Feature","geometry":{"type":"Point","coordinates":[25.553088,45.723876]},"properties":{"line":"40","mode":"bus","color":"#0059a9","colorDark":"#00294f","band":1,"off":[-1.7,1.1]}},{"type":"Feature","geometry":{"type":"Point","coordinates":[25.553088,45.723876]},"properties":{"line":"41","mode":"bus","color":"#0059a9","colorDark":"#00294f","band":1,"off":[1.7,1.1]}},{"type":"Feature","geometry":{"type":"Point","coordinates":[25.558481,45.697934]},"properties":{"name":"Stupini Centru","band":1,"modes":"bus","arr":["TE15"],"off":[0,-0.8]}},{"type":"Feature","geometry":{"type":"Point","coordinates":[25.558481,45.697934]},"properties":{"line":"TE15","mode":"bus","color":"#0059a9","colorDark":"#00294f","band":1,"off":[0,1.1]}},{"type":"Feature","geometry":{"type":"Point","coordinates":[25.586182,45.681751]},"properties":{"name":"Zona Industrială Griviței","band":1,"modes":"bus","arr":["42"],"off":[0,-0.8]}},{"type":"Feature","geometry":{"type":"Point","coordinates":[25.586182,45.681751]},"properties":{"line":"42","mode":"bus","color":"#0059a9","colorDark":"#00294f","band":1,"off":[0,1.1]}},{"type":"Feature","geometry":{"type":"Point","coordinates":[25.558645,45.620185]},"properties":{"name":"Solomon","band":1,"modes":"bus","arr":["50"],"off":[0,-0.8]}},{"type":"Feature","geometry":{"type":"Point","coordinates":[25.558645,45.620185]},"properties":{"line":"50","mode":"bus","color":"#0059a9","colorDark":"#00294f","band":1,"off":[0,1.1]}},{"type":"Feature","geometry":{"type":"Point","coordinates":[25.617866,45.66394]},"properties":{"name":"Facultate Construcții","band":1,"modes":"bus","arr":["53"],"off":[0,-0.8]}},{"type":"Feature","geometry":{"type":"Point","coordinates":[25.617866,45.66394]},"properties":{"line":"53","mode":"bus","color":"#0059a9","colorDark":"#00294f","band":1,"off":[0,1.1]}},{"type":"Feature","geometry":{"type":"Point","coordinates":[25.622507,45.627518]},"properties":{"name":"Panselelor","band":1,"modes":"bus","arr":["53"],"off":[0,-0.8]}},{"type":"Feature","geometry":{"type":"Point","coordinates":[25.622507,45.627518]},"properties":{"line":"53","mode":"bus","color":"#0059a9","colorDark":"#00294f","band":1,"off":[0,1.1]}},{"type":"Feature","geometry":{"type":"Point","coordinates":[25.641073,45.640602]},"properties":{"name":"Cimitir Micșunica","band":1,"modes":"bus","arr":["56"],"off":[0,-0.8]}},{"type":"Feature","geometry":{"type":"Point","coordinates":[25.641073,45.640602]},"properties":{"line":"56","mode":"bus","color":"#0059a9","colorDark":"#00294f","band":1,"off":[0,1.1]}},{"type":"Feature","geometry":{"type":"Point","coordinates":[25.471038,45.617219]},"properties":{"name":"Tineretului","band":1,"modes":"bus","arr":["110"],"off":[0,-0.8]}},{"type":"Feature","geometry":{"type":"Point","coordinates":[25.471038,45.617219]},"properties":{"line":"110","mode":"bus","color":"#0059a9","colorDark":"#00294f","band":1,"off":[0,1.1]}},{"type":"Feature","geometry":{"type":"Point","coordinates":[25.421402,45.63399]},"properties":{"name":"Primăria Vulcan","band":1,"modes":"bus","arr":["120"],"off":[0,-0.8]}},{"type":"Feature","geometry":{"type":"Point","coordinates":[25.421402,45.63399]},"properties":{"line":"120","mode":"bus","color":"#0059a9","colorDark":"#00294f","band":1,"off":[0,1.1]}},{"type":"Feature","geometry":{"type":"Point","coordinates":[25.457201,45.577382]},"properties":{"name":"Cap Linie Râșnov","band":1,"modes":"bus","arr":["130"],"off":[0,-0.8]}},{"type":"Feature","geometry":{"type":"Point","coordinates":[25.457201,45.577382]},"properties":{"line":"130","mode":"bus","color":"#0059a9","colorDark":"#00294f","band":1,"off":[0,1.1]}},{"type":"Feature","geometry":{"type":"Point","coordinates":[25.43744,45.58754]},"properties":{"name":"Romacril","band":1,"modes":"bus","arr":["131"],"off":[0,-0.8]}},{"type":"Feature","geometry":{"type":"Point","coordinates":[25.43744,45.58754]},"properties":{"line":"131","mode":"bus","color":"#0059a9","colorDark":"#00294f","band":1,"off":[0,1.1]}},{"type":"Feature","geometry":{"type":"Point","coordinates":[25.313638,45.559098]},"properties":{"name":"CEC Zărnești","band":1,"modes":"bus","arr":["140"],"off":[0,-0.8]}},{"type":"Feature","geometry":{"type":"Point","coordinates":[25.313638,45.559098]},"properties":{"line":"140","mode":"bus","color":"#0059a9","colorDark":"#00294f","band":1,"off":[0,1.1]}},{"type":"Feature","geometry":{"type":"Point","coordinates":[25.503645,45.654824]},"properties":{"name":"Ghimbav Cap Linie","band":1,"modes":"bus","arr":["210"],"off":[0,-0.8]}},{"type":"Feature","geometry":{"type":"Point","coordinates":[25.503645,45.654824]},"properties":{"line":"210","mode":"bus","color":"#0059a9","colorDark":"#00294f","band":1,"off":[0,1.1]}},{"type":"Feature","geometry":{"type":"Point","coordinates":[25.452726,45.706897]},"properties":{"name":"Codlea Nord","band":1,"modes":"bus","arr":["220"],"off":[0,-0.8]}},{"type":"Feature","geometry":{"type":"Point","coordinates":[25.452726,45.706897]},"properties":{"line":"220","mode":"bus","color":"#0059a9","colorDark":"#00294f","band":1,"off":[0,1.1]}},{"type":"Feature","geometry":{"type":"Point","coordinates":[25.51049,45.775973]},"properties":{"name":"Satu Nou cap linie","band":1,"modes":"bus","arr":["310"],"off":[0,-0.8]}},{"type":"Feature","geometry":{"type":"Point","coordinates":[25.51049,45.775973]},"properties":{"line":"310","mode":"bus","color":"#0059a9","colorDark":"#00294f","band":1,"off":[0,1.1]}},{"type":"Feature","geometry":{"type":"Point","coordinates":[25.557368,45.837389]},"properties":{"name":"Rotbav","band":1,"modes":"bus","arr":["320"],"off":[0,-0.8]}},{"type":"Feature","geometry":{"type":"Point","coordinates":[25.557368,45.837389]},"properties":{"line":"320","mode":"bus","color":"#0059a9","colorDark":"#00294f","band":1,"off":[0,1.1]}},{"type":"Feature","geometry":{"type":"Point","coordinates":[25.610733,45.700495]},"properties":{"name":"Subcetate","band":1,"modes":"bus","arr":["410"],"off":[0,-0.8]}},{"type":"Feature","geometry":{"type":"Point","coordinates":[25.610733,45.700495]},"properties":{"line":"410","mode":"bus","color":"#0059a9","colorDark":"#00294f","band":1,"off":[0,1.1]}},{"type":"Feature","geometry":{"type":"Point","coordinates":[25.639349,45.696232]},"properties":{"name":"Residence (capăt)","band":1,"modes":"bus","arr":["411"],"off":[0,-0.8]}},{"type":"Feature","geometry":{"type":"Point","coordinates":[25.639349,45.696232]},"properties":{"line":"411","mode":"bus","color":"#0059a9","colorDark":"#00294f","band":1,"off":[0,1.1]}},{"type":"Feature","geometry":{"type":"Point","coordinates":[25.647424,45.722389]},"properties":{"name":"Spital","band":1,"modes":"bus","arr":["412"],"off":[0,-0.8]}},{"type":"Feature","geometry":{"type":"Point","coordinates":[25.647424,45.722389]},"properties":{"line":"412","mode":"bus","color":"#0059a9","colorDark":"#00294f","band":1,"off":[0,1.1]}},{"type":"Feature","geometry":{"type":"Point","coordinates":[25.598051,45.755461]},"properties":{"name":"Bod Colonie","band":1,"modes":"bus","arr":["420"],"off":[0,-0.8]}},{"type":"Feature","geometry":{"type":"Point","coordinates":[25.598051,45.755461]},"properties":{"line":"420","mode":"bus","color":"#0059a9","colorDark":"#00294f","band":1,"off":[0,1.1]}},{"type":"Feature","geometry":{"type":"Point","coordinates":[25.733987,45.766691]},"properties":{"name":"Cap Linie Podu Oltului","band":1,"modes":"bus","arr":["511"],"off":[0,-0.8]}},{"type":"Feature","geometry":{"type":"Point","coordinates":[25.733987,45.766691]},"properties":{"line":"511","mode":"bus","color":"#0059a9","colorDark":"#00294f","band":1,"off":[0,1.1]}},{"type":"Feature","geometry":{"type":"Point","coordinates":[25.783488,45.759397]},"properties":{"name":"Lunca Câlnicului (Vizaviu)","band":1,"modes":"bus","arr":["520"],"off":[0,-0.8]}},{"type":"Feature","geometry":{"type":"Point","coordinates":[25.783488,45.759397]},"properties":{"line":"520","mode":"bus","color":"#0059a9","colorDark":"#00294f","band":1,"off":[0,1.1]}},{"type":"Feature","geometry":{"type":"Point","coordinates":[25.980834,45.578803]},"properties":{"name":"Vama de Sus","band":1,"modes":"bus","arr":["540","541"],"off":[0,-0.8]}},{"type":"Feature","geometry":{"type":"Point","coordinates":[25.980834,45.578803]},"properties":{"line":"540","mode":"bus","color":"#0059a9","colorDark":"#00294f","band":1,"off":[-1.7,1.1]}},{"type":"Feature","geometry":{"type":"Point","coordinates":[25.980834,45.578803]},"properties":{"line":"541","mode":"bus","color":"#0059a9","colorDark":"#00294f","band":1,"off":[1.7,1.1]}},{"type":"Feature","geometry":{"type":"Point","coordinates":[26.040765,45.563611]},"properties":{"name":"Buzăielul de Sus","band":1,"modes":"bus","arr":["541"],"off":[0,-0.8]}},{"type":"Feature","geometry":{"type":"Point","coordinates":[26.040765,45.563611]},"properties":{"line":"541","mode":"bus","color":"#0059a9","colorDark":"#00294f","band":1,"off":[0,1.1]}},{"type":"Feature","geometry":{"type":"Point","coordinates":[25.792129,45.64446]},"properties":{"name":"Cap Linie Purcăreni","band":1,"modes":"bus","arr":["610","612"],"off":[0,-0.8]}},{"type":"Feature","geometry":{"type":"Point","coordinates":[25.792129,45.64446]},"properties":{"line":"610","mode":"bus","color":"#0059a9","colorDark":"#00294f","band":1,"off":[-1.7,1.1]}},{"type":"Feature","geometry":{"type":"Point","coordinates":[25.792129,45.64446]},"properties":{"line":"612","mode":"bus","color":"#0059a9","colorDark":"#00294f","band":1,"off":[1.7,1.1]}},{"type":"Feature","geometry":{"type":"Point","coordinates":[25.758517,45.634084]},"properties":{"name":"Cap Linie Tărlungeni","band":1,"modes":"bus","arr":["611"],"off":[0,-0.8]}},{"type":"Feature","geometry":{"type":"Point","coordinates":[25.758517,45.634084]},"properties":{"line":"611","mode":"bus","color":"#0059a9","colorDark":"#00294f","band":1,"off":[0,1.1]}},{"type":"Feature","geometry":{"type":"Point","coordinates":[25.731681,45.608799]},"properties":{"name":"Garaje Săcele","band":1,"modes":"bus","arr":["710","TE2","TE14"],"off":[0,-0.8]}},{"type":"Feature","geometry":{"type":"Point","coordinates":[25.731681,45.608799]},"properties":{"line":"710","mode":"bus","color":"#0059a9","colorDark":"#00294f","band":1,"off":[-3.4,1.1]}},{"type":"Feature","geometry":{"type":"Point","coordinates":[25.731681,45.608799]},"properties":{"line":"TE2","mode":"bus","color":"#0059a9","colorDark":"#00294f","band":1,"off":[0,1.1]}},{"type":"Feature","geometry":{"type":"Point","coordinates":[25.731681,45.608799]},"properties":{"line":"TE14","mode":"bus","color":"#0059a9","colorDark":"#00294f","band":1,"off":[3.4,1.1]}},{"type":"Feature","geometry":{"type":"Point","coordinates":[25.739983,45.601452]},"properties":{"name":"Gârcini","band":1,"modes":"bus","arr":["711"],"off":[0,-0.8]}},{"type":"Feature","geometry":{"type":"Point","coordinates":[25.739983,45.601452]},"properties":{"line":"711","mode":"bus","color":"#0059a9","colorDark":"#00294f","band":1,"off":[0,1.1]}},{"type":"Feature","geometry":{"type":"Point","coordinates":[25.564441,45.463229]},"properties":{"name":"Cap Linie Predeal","band":1,"modes":"bus","arr":["810"],"off":[0,-0.8]}},{"type":"Feature","geometry":{"type":"Point","coordinates":[25.564441,45.463229]},"properties":{"line":"810","mode":"bus","color":"#0059a9","colorDark":"#00294f","band":1,"off":[0,1.1]}},{"type":"Feature","geometry":{"type":"Point","coordinates":[25.517484,45.69403]},"properties":{"name":"Aeroportul Brașov","band":1,"modes":"bus","arr":["A1"],"off":[0,-0.8]}},{"type":"Feature","geometry":{"type":"Point","coordinates":[25.517484,45.69403]},"properties":{"line":"A1","mode":"bus","color":"#0059a9","colorDark":"#00294f","band":1,"off":[0,1.1]}},{"type":"Feature","geometry":{"type":"Point","coordinates":[25.585488,45.639311]},"properties":{"name":"Șirul Beethoven","band":1,"modes":"bus","arr":["TE1","TE2","TE3","TE4","TE5","TE6","TE7","TE8","TE9","TE10","TE11","TE12","TE13"],"off":[0,-0.8],"sc":0.98}},{"type":"Feature","geometry":{"type":"Point","coordinates":[25.585488,45.639311]},"properties":{"line":"TE1","mode":"bus","color":"#0059a9","colorDark":"#00294f","band":1,"sc":0.98,"off":[-6.8,1.1]}},{"type":"Feature","geometry":{"type":"Point","coordinates":[25.585488,45.639311]},"properties":{"line":"TE2","mode":"bus","color":"#0059a9","colorDark":"#00294f","band":1,"sc":0.98,"off":[-3.4,1.1]}},{"type":"Feature","geometry":{"type":"Point","coordinates":[25.585488,45.639311]},"properties":{"line":"TE3","mode":"bus","color":"#0059a9","colorDark":"#00294f","band":1,"sc":0.98,"off":[0,1.1]}},{"type":"Feature","geometry":{"type":"Point","coordinates":[25.585488,45.639311]},"properties":{"line":"TE4","mode":"bus","color":"#0059a9","colorDark":"#00294f","band":1,"sc":0.98,"off":[3.4,1.1]}},{"type":"Feature","geometry":{"type":"Point","coordinates":[25.585488,45.639311]},"properties":{"line":"TE5","mode":"bus","color":"#0059a9","colorDark":"#00294f","band":1,"sc":0.98,"off":[6.8,1.1]}},{"type":"Feature","geometry":{"type":"Point","coordinates":[25.585488,45.639311]},"properties":{"line":"TE6","mode":"bus","color":"#0059a9","colorDark":"#00294f","band":1,"sc":0.98,"off":[-6.8,3.1]}},{"type":"Feature","geometry":{"type":"Point","coordinates":[25.585488,45.639311]},"properties":{"line":"TE7","mode":"bus","color":"#0059a9","colorDark":"#00294f","band":1,"sc":0.98,"off":[-3.4,3.1]}},{"type":"Feature","geometry":{"type":"Point","coordinates":[25.585488,45.639311]},"properties":{"line":"TE8","mode":"bus","color":"#0059a9","colorDark":"#00294f","band":1,"sc":0.98,"off":[0,3.1]}},{"type":"Feature","geometry":{"type":"Point","coordinates":[25.585488,45.639311]},"properties":{"line":"TE9","mode":"bus","color":"#0059a9","colorDark":"#00294f","band":1,"sc":0.98,"off":[3.4,3.1]}},{"type":"Feature","geometry":{"type":"Point","coordinates":[25.585488,45.639311]},"properties":{"line":"TE10","mode":"bus","color":"#0059a9","colorDark":"#00294f","band":1,"sc":0.98,"off":[6.8,3.1]}},{"type":"Feature","geometry":{"type":"Point","coordinates":[25.585488,45.639311]},"properties":{"line":"TE11","mode":"bus","color":"#0059a9","colorDark":"#00294f","band":1,"sc":0.98,"off":[-3.4,5.1]}},{"type":"Feature","geometry":{"type":"Point","coordinates":[25.585488,45.639311]},"properties":{"line":"TE12","mode":"bus","color":"#0059a9","colorDark":"#00294f","band":1,"sc":0.98,"off":[0,5.1]}},{"type":"Feature","geometry":{"type":"Point","coordinates":[25.585488,45.639311]},"properties":{"line":"TE13","mode":"bus","color":"#0059a9","colorDark":"#00294f","band":1,"sc":0.98,"off":[3.4,5.1]}},{"type":"Feature","geometry":{"type":"Point","coordinates":[25.58857,45.645734]},"properties":{"name":"Livada Poștei","band":2,"modes":"bus","arr":["1","2","2B","6","14","16","17","20","24","28","31","34","34B","36","41","TE14","TE16"],"off":[0,-0.8],"sc":0.9}},{"type":"Feature","geometry":{"type":"Point","coordinates":[25.58857,45.645734]},"properties":{"line":"1","mode":"bus","color":"#149a3f","colorDark":"#0a5121","band":2,"sc":0.9,"off":[-6.8,1.1]}},{"type":"Feature","geometry":{"type":"Point","coordinates":[25.58857,45.645734]},"properties":{"line":"2","mode":"bus","color":"#149a3f","colorDark":"#0a5121","band":2,"sc":0.9,"off":[-3.4,1.1]}},{"type":"Feature","geometry":{"type":"Point","coordinates":[25.58857,45.645734]},"properties":{"line":"2B","mode":"bus","color":"#0059a9","colorDark":"#00294f","band":2,"sc":0.9,"off":[0,1.1]}},{"type":"Feature","geometry":{"type":"Point","coordinates":[25.58857,45.645734]},"properties":{"line":"6","mode":"bus","color":"#149a3f","colorDark":"#0a5121","band":2,"sc":0.9,"off":[3.4,1.1]}},{"type":"Feature","geometry":{"type":"Point","coordinates":[25.58857,45.645734]},"properties":{"line":"14","mode":"bus","color":"#0059a9","colorDark":"#00294f","band":2,"sc":0.9,"off":[6.8,1.1]}},{"type":"Feature","geometry":{"type":"Point","coordinates":[25.58857,45.645734]},"properties":{"line":"16","mode":"bus","color":"#0059a9","colorDark":"#00294f","band":2,"sc":0.9,"off":[-6.8,3.1]}},{"type":"Feature","geometry":{"type":"Point","coordinates":[25.58857,45.645734]},"properties":{"line":"17","mode":"bus","color":"#0059a9","colorDark":"#00294f","band":2,"sc":0.9,"off":[-3.4,3.1]}},{"type":"Feature","geometry":{"type":"Point","coordinates":[25.58857,45.645734]},"properties":{"line":"20","mode":"bus","color":"#0059a9","colorDark":"#00294f","band":2,"sc":0.9,"off":[0,3.1]}},{"type":"Feature","geometry":{"type":"Point","coordinates":[25.58857,45.645734]},"properties":{"line":"24","mode":"bus","color":"#0059a9","colorDark":"#00294f","band":2,"sc":0.9,"off":[3.4,3.1]}},{"type":"Feature","geometry":{"type":"Point","coordinates":[25.58857,45.645734]},"properties":{"line":"28","mode":"bus","color":"#0059a9","colorDark":"#00294f","band":2,"sc":0.9,"off":[6.8,3.1]}},{"type":"Feature","geometry":{"type":"Point","coordinates":[25.58857,45.645734]},"properties":{"line":"31","mode":"bus","color":"#149a3f","colorDark":"#0a5121","band":2,"sc":0.9,"off":[-6.8,5.1]}},{"type":"Feature","geometry":{"type":"Point","coordinates":[25.58857,45.645734]},"properties":{"line":"34","mode":"bus","color":"#0059a9","colorDark":"#00294f","band":2,"sc":0.9,"off":[-3.4,5.1]}},{"type":"Feature","geometry":{"type":"Point","coordinates":[25.58857,45.645734]},"properties":{"line":"34B","mode":"bus","color":"#0059a9","colorDark":"#00294f","band":2,"sc":0.9,"off":[0,5.1]}},{"type":"Feature","geometry":{"type":"Point","coordinates":[25.58857,45.645734]},"properties":{"line":"36","mode":"bus","color":"#0059a9","colorDark":"#00294f","band":2,"sc":0.9,"off":[3.4,5.1]}},{"type":"Feature","geometry":{"type":"Point","coordinates":[25.58857,45.645734]},"properties":{"line":"41","mode":"bus","color":"#0059a9","colorDark":"#00294f","band":2,"sc":0.9,"off":[6.8,5.1]}},{"type":"Feature","geometry":{"type":"Point","coordinates":[25.58857,45.645734]},"properties":{"line":"TE14","mode":"bus","color":"#0059a9","colorDark":"#00294f","band":2,"sc":0.9,"off":[-1.7,7.1]}},{"type":"Feature","geometry":{"type":"Point","coordinates":[25.58857,45.645734]},"properties":{"line":"TE16","mode":"bus","color":"#0059a9","colorDark":"#00294f","band":2,"sc":0.9,"off":[1.7,7.1]}},{"type":"Feature","geometry":{"type":"Point","coordinates":[25.608959,45.651078]},"properties":{"name":"Hidro A","band":2,"modes":"bus","arr":["37","50","54"],"off":[0,-0.8]}},{"type":"Feature","geometry":{"type":"Point","coordinates":[25.608959,45.651078]},"properties":{"name":"Camera de Comerț","band":2,"modes":"bus","arr":["37","50","54"],"off":[0,-1.9]}},{"type":"Feature","geometry":{"type":"Point","coordinates":[25.608959,45.651078]},"properties":{"line":"37","mode":"bus","color":"#0059a9","colorDark":"#00294f","band":2,"off":[-3.4,1.1]}},{"type":"Feature","geometry":{"type":"Point","coordinates":[25.608959,45.651078]},"properties":{"line":"50","mode":"bus","color":"#0059a9","colorDark":"#00294f","band":2,"off":[0,1.1]}},{"type":"Feature","geometry":{"type":"Point","coordinates":[25.608959,45.651078]},"properties":{"line":"54","mode":"bus","color":"#0059a9","colorDark":"#00294f","band":2,"off":[3.4,1.1]}},{"type":"Feature","geometry":{"type":"Point","coordinates":[25.647414,45.675543]},"properties":{"name":"Triaj","band":2,"modes":"bus","arr":["1","10","15","21","23B","54","TE5","TE6"],"off":[0,-0.8]}},{"type":"Feature","geometry":{"type":"Point","coordinates":[25.647414,45.675543]},"properties":{"line":"1","mode":"bus","color":"#149a3f","colorDark":"#0a5121","band":2,"off":[-6.8,1.1]}},{"type":"Feature","geometry":{"type":"Point","coordinates":[25.647414,45.675543]},"properties":{"line":"10","mode":"bus","color":"#149a3f","colorDark":"#0a5121","band":2,"off":[-3.4,1.1]}},{"type":"Feature","geometry":{"type":"Point","coordinates":[25.647414,45.675543]},"properties":{"line":"15","mode":"bus","color":"#0059a9","colorDark":"#00294f","band":2,"off":[0,1.1]}},{"type":"Feature","geometry":{"type":"Point","coordinates":[25.647414,45.675543]},"properties":{"line":"21","mode":"bus","color":"#0059a9","colorDark":"#00294f","band":2,"off":[3.4,1.1]}},{"type":"Feature","geometry":{"type":"Point","coordinates":[25.647414,45.675543]},"properties":{"line":"23B","mode":"bus","color":"#0059a9","colorDark":"#00294f","band":2,"off":[6.8,1.1]}},{"type":"Feature","geometry":{"type":"Point","coordinates":[25.647414,45.675543]},"properties":{"line":"54","mode":"bus","color":"#0059a9","colorDark":"#00294f","band":2,"off":[-3.4,3.1]}},{"type":"Feature","geometry":{"type":"Point","coordinates":[25.647414,45.675543]},"properties":{"line":"TE5","mode":"bus","color":"#0059a9","colorDark":"#00294f","band":2,"off":[0,3.1]}},{"type":"Feature","geometry":{"type":"Point","coordinates":[25.647414,45.675543]},"properties":{"line":"TE6","mode":"bus","color":"#0059a9","colorDark":"#00294f","band":2,"off":[3.4,3.1]}},{"type":"Feature","geometry":{"type":"Point","coordinates":[25.614877,45.682079]},"properties":{"name":"Rulmentul","band":2,"modes":"bus","arr":["2","2B","7","8","9","410","411","412","420","TE7","TE7S","TE8","TE9"],"off":[0,-0.8],"sc":0.98}},{"type":"Feature","geometry":{"type":"Point","coordinates":[25.614877,45.682079]},"properties":{"line":"2","mode":"bus","color":"#149a3f","colorDark":"#0a5121","band":2,"sc":0.98,"off":[-6.8,1.1]}},{"type":"Feature","geometry":{"type":"Point","coordinates":[25.614877,45.682079]},"properties":{"line":"2B","mode":"bus","color":"#0059a9","colorDark":"#00294f","band":2,"sc":0.98,"off":[-3.4,1.1]}},{"type":"Feature","geometry":{"type":"Point","coordinates":[25.614877,45.682079]},"properties":{"line":"7","mode":"bus","color":"#149a3f","colorDark":"#0a5121","band":2,"sc":0.98,"off":[0,1.1]}},{"type":"Feature","geometry":{"type":"Point","coordinates":[25.614877,45.682079]},"properties":{"line":"8","mode":"bus","color":"#149a3f","colorDark":"#0a5121","band":2,"sc":0.98,"off":[3.4,1.1]}},{"type":"Feature","geometry":{"type":"Point","coordinates":[25.614877,45.682079]},"properties":{"line":"9","mode":"bus","color":"#0059a9","colorDark":"#00294f","band":2,"sc":0.98,"off":[6.8,1.1]}},{"type":"Feature","geometry":{"type":"Point","coordinates":[25.614877,45.682079]},"properties":{"line":"410","mode":"bus","color":"#0059a9","colorDark":"#00294f","band":2,"sc":0.98,"off":[-6.8,3.1]}},{"type":"Feature","geometry":{"type":"Point","coordinates":[25.614877,45.682079]},"properties":{"line":"411","mode":"bus","color":"#0059a9","colorDark":"#00294f","band":2,"sc":0.98,"off":[-3.4,3.1]}},{"type":"Feature","geometry":{"type":"Point","coordinates":[25.614877,45.682079]},"properties":{"line":"412","mode":"bus","color":"#0059a9","colorDark":"#00294f","band":2,"sc":0.98,"off":[0,3.1]}},{"type":"Feature","geometry":{"type":"Point","coordinates":[25.614877,45.682079]},"properties":{"line":"420","mode":"bus","color":"#0059a9","colorDark":"#00294f","band":2,"sc":0.98,"off":[3.4,3.1]}},{"type":"Feature","geometry":{"type":"Point","coordinates":[25.614877,45.682079]},"properties":{"line":"TE7","mode":"bus","color":"#0059a9","colorDark":"#00294f","band":2,"sc":0.98,"off":[6.8,3.1]}},{"type":"Feature","geometry":{"type":"Point","coordinates":[25.614877,45.682079]},"properties":{"line":"TE7S","mode":"bus","color":"#0059a9","colorDark":"#00294f","band":2,"sc":0.98,"off":[-3.4,5.1]}},{"type":"Feature","geometry":{"type":"Point","coordinates":[25.614877,45.682079]},"properties":{"line":"TE8","mode":"bus","color":"#0059a9","colorDark":"#00294f","band":2,"sc":0.98,"off":[0,5.1]}},{"type":"Feature","geometry":{"type":"Point","coordinates":[25.614877,45.682079]},"properties":{"line":"TE9","mode":"bus","color":"#0059a9","colorDark":"#00294f","band":2,"sc":0.98,"off":[3.4,5.1]}},{"type":"Feature","geometry":{"type":"Point","coordinates":[25.583929,45.664859]},"properties":{"name":"Stadionul Tineretului","band":2,"modes":"bus","arr":["3","22"],"off":[0,-0.8]}},{"type":"Feature","geometry":{"type":"Point","coordinates":[25.583929,45.664859]},"properties":{"line":"3","mode":"bus","color":"#149a3f","colorDark":"#0a5121","band":2,"off":[-1.7,1.1]}},{"type":"Feature","geometry":{"type":"Point","coordinates":[25.583929,45.664859]},"properties":{"line":"22","mode":"bus","color":"#0059a9","colorDark":"#00294f","band":2,"off":[1.7,1.1]}},{"type":"Feature","geometry":{"type":"Point","coordinates":[25.60126,45.630546]},"properties":{"name":"Valea Cetății","band":2,"modes":"bus","arr":["3","10","31","32","33","TE3"],"off":[0,-0.8]}},{"type":"Feature","geometry":{"type":"Point","coordinates":[25.60126,45.630546]},"properties":{"line":"3","mode":"bus","color":"#149a3f","colorDark":"#0a5121","band":2,"off":[-6.8,1.1]}},{"type":"Feature","geometry":{"type":"Point","coordinates":[25.60126,45.630546]},"properties":{"line":"10","mode":"bus","color":"#149a3f","colorDark":"#0a5121","band":2,"off":[-3.4,1.1]}},{"type":"Feature","geometry":{"type":"Point","coordinates":[25.60126,45.630546]},"properties":{"line":"31","mode":"bus","color":"#149a3f","colorDark":"#0a5121","band":2,"off":[0,1.1]}},{"type":"Feature","geometry":{"type":"Point","coordinates":[25.60126,45.630546]},"properties":{"line":"32","mode":"bus","color":"#0059a9","colorDark":"#00294f","band":2,"off":[3.4,1.1]}},{"type":"Feature","geometry":{"type":"Point","coordinates":[25.60126,45.630546]},"properties":{"line":"33","mode":"bus","color":"#149a3f","colorDark":"#0a5121","band":2,"off":[6.8,1.1]}},{"type":"Feature","geometry":{"type":"Point","coordinates":[25.60126,45.630546]},"properties":{"line":"TE3","mode":"bus","color":"#0059a9","colorDark":"#00294f","band":2,"off":[0,3.1]}},{"type":"Feature","geometry":{"type":"Point","coordinates":[25.576586,45.633062]},"properties":{"name":"Tocile","band":2,"modes":"bus","arr":["4","52"],"off":[0,-0.8]}},{"type":"Feature","geometry":{"type":"Point","coordinates":[25.576586,45.633062]},"properties":{"line":"4","mode":"bus","color":"#0059a9","colorDark":"#00294f","band":2,"off":[-1.7,1.1]}},{"type":"Feature","geometry":{"type":"Point","coordinates":[25.576586,45.633062]},"properties":{"line":"52","mode":"bus","color":"#0059a9","colorDark":"#00294f","band":2,"off":[1.7,1.1]}},{"type":"Feature","geometry":{"type":"Point","coordinates":[25.612332,45.660917]},"properties":{"name":"Terminal Gară","band":2,"modes":"bus","arr":["4","17B","29","35","40","42","310","320","511","520","540","A1"],"off":[0,-0.8]}},{"type":"Feature","geometry":{"type":"Point","coordinates":[25.612332,45.660917]},"properties":{"line":"4","mode":"bus","color":"#0059a9","colorDark":"#00294f","band":2,"off":[-6.8,1.1]}},{"type":"Feature","geometry":{"type":"Point","coordinates":[25.612332,45.660917]},"properties":{"line":"17B","mode":"bus","color":"#0059a9","colorDark":"#00294f","band":2,"off":[-3.4,1.1]}},{"type":"Feature","geometry":{"type":"Point","coordinates":[25.612332,45.660917]},"properties":{"line":"29","mode":"bus","color":"#0059a9","colorDark":"#00294f","band":2,"off":[0,1.1]}},{"type":"Feature","geometry":{"type":"Point","coordinates":[25.612332,45.660917]},"properties":{"line":"35","mode":"bus","color":"#0059a9","colorDark":"#00294f","band":2,"off":[3.4,1.1]}},{"type":"Feature","geometry":{"type":"Point","coordinates":[25.612332,45.660917]},"properties":{"line":"40","mode":"bus","color":"#0059a9","colorDark":"#00294f","band":2,"off":[6.8,1.1]}},{"type":"Feature","geometry":{"type":"Point","coordinates":[25.612332,45.660917]},"properties":{"line":"42","mode":"bus","color":"#0059a9","colorDark":"#00294f","band":2,"off":[-6.8,3.1]}},{"type":"Feature","geometry":{"type":"Point","coordinates":[25.612332,45.660917]},"properties":{"line":"310","mode":"bus","color":"#0059a9","colorDark":"#00294f","band":2,"off":[-3.4,3.1]}},{"type":"Feature","geometry":{"type":"Point","coordinates":[25.612332,45.660917]},"properties":{"line":"320","mode":"bus","color":"#0059a9","colorDark":"#00294f","band":2,"off":[0,3.1]}},{"type":"Feature","geometry":{"type":"Point","coordinates":[25.612332,45.660917]},"properties":{"line":"511","mode":"bus","color":"#0059a9","colorDark":"#00294f","band":2,"off":[3.4,3.1]}},{"type":"Feature","geometry":{"type":"Point","coordinates":[25.612332,45.660917]},"properties":{"line":"520","mode":"bus","color":"#0059a9","colorDark":"#00294f","band":2,"off":[6.8,3.1]}},{"type":"Feature","geometry":{"type":"Point","coordinates":[25.612332,45.660917]},"properties":{"line":"540","mode":"bus","color":"#0059a9","colorDark":"#00294f","band":2,"off":[-1.7,5.1]}},{"type":"Feature","geometry":{"type":"Point","coordinates":[25.612332,45.660917]},"properties":{"line":"A1","mode":"bus","color":"#0059a9","colorDark":"#00294f","band":2,"off":[1.7,5.1]}},{"type":"Feature","geometry":{"type":"Point","coordinates":[25.569942,45.659865]},"properties":{"name":"Stadionul Municipal","band":2,"modes":"bus","arr":["5","5M","9","23B","110","120","130","131","140","210","220","TE10"],"off":[0,-0.8]}},{"type":"Feature","geometry":{"type":"Point","coordinates":[25.569942,45.659865]},"properties":{"line":"5","mode":"bus","color":"#0059a9","colorDark":"#00294f","band":2,"off":[-6.8,1.1]}},{"type":"Feature","geometry":{"type":"Point","coordinates":[25.569942,45.659865]},"properties":{"line":"5M","mode":"bus","color":"#0059a9","colorDark":"#00294f","band":2,"off":[-3.4,1.1]}},{"type":"Feature","geometry":{"type":"Point","coordinates":[25.569942,45.659865]},"properties":{"line":"9","mode":"bus","color":"#0059a9","colorDark":"#00294f","band":2,"off":[0,1.1]}},{"type":"Feature","geometry":{"type":"Point","coordinates":[25.569942,45.659865]},"properties":{"line":"23B","mode":"bus","color":"#0059a9","colorDark":"#00294f","band":2,"off":[3.4,1.1]}},{"type":"Feature","geometry":{"type":"Point","coordinates":[25.569942,45.659865]},"properties":{"line":"110","mode":"bus","color":"#0059a9","colorDark":"#00294f","band":2,"off":[6.8,1.1]}},{"type":"Feature","geometry":{"type":"Point","coordinates":[25.569942,45.659865]},"properties":{"line":"120","mode":"bus","color":"#0059a9","colorDark":"#00294f","band":2,"off":[-6.8,3.1]}},{"type":"Feature","geometry":{"type":"Point","coordinates":[25.569942,45.659865]},"properties":{"line":"130","mode":"bus","color":"#0059a9","colorDark":"#00294f","band":2,"off":[-3.4,3.1]}},{"type":"Feature","geometry":{"type":"Point","coordinates":[25.569942,45.659865]},"properties":{"line":"131","mode":"bus","color":"#0059a9","colorDark":"#00294f","band":2,"off":[0,3.1]}},{"type":"Feature","geometry":{"type":"Point","coordinates":[25.569942,45.659865]},"properties":{"line":"140","mode":"bus","color":"#0059a9","colorDark":"#00294f","band":2,"off":[3.4,3.1]}},{"type":"Feature","geometry":{"type":"Point","coordinates":[25.569942,45.659865]},"properties":{"line":"210","mode":"bus","color":"#0059a9","colorDark":"#00294f","band":2,"off":[6.8,3.1]}},{"type":"Feature","geometry":{"type":"Point","coordinates":[25.569942,45.659865]},"properties":{"line":"220","mode":"bus","color":"#0059a9","colorDark":"#00294f","band":2,"off":[-1.7,5.1]}},{"type":"Feature","geometry":{"type":"Point","coordinates":[25.569942,45.659865]},"properties":{"line":"TE10","mode":"bus","color":"#0059a9","colorDark":"#00294f","band":2,"off":[1.7,5.1]}},{"type":"Feature","geometry":{"type":"Point","coordinates":[25.632327,45.632811]},"properties":{"name":"Roman","band":2,"modes":"bus","arr":["5","7","25","33","52","56","610","612","710","711","810"],"off":[0,-0.8]}},{"type":"Feature","geometry":{"type":"Point","coordinates":[25.632327,45.632811]},"properties":{"line":"5","mode":"bus","color":"#0059a9","colorDark":"#00294f","band":2,"off":[-6.8,1.1]}},{"type":"Feature","geometry":{"type":"Point","coordinates":[25.632327,45.632811]},"properties":{"line":"7","mode":"bus","color":"#149a3f","colorDark":"#0a5121","band":2,"off":[-3.4,1.1]}},{"type":"Feature","geometry":{"type":"Point","coordinates":[25.632327,45.632811]},"properties":{"line":"25","mode":"bus","color":"#0059a9","colorDark":"#00294f","band":2,"off":[0,1.1]}},{"type":"Feature","geometry":{"type":"Point","coordinates":[25.632327,45.632811]},"properties":{"line":"33","mode":"bus","color":"#149a3f","colorDark":"#0a5121","band":2,"off":[3.4,1.1]}},{"type":"Feature","geometry":{"type":"Point","coordinates":[25.632327,45.632811]},"properties":{"line":"52","mode":"bus","color":"#0059a9","colorDark":"#00294f","band":2,"off":[6.8,1.1]}},{"type":"Feature","geometry":{"type":"Point","coordinates":[25.632327,45.632811]},"properties":{"line":"56","mode":"bus","color":"#0059a9","colorDark":"#00294f","band":2,"off":[-6.8,3.1]}},{"type":"Feature","geometry":{"type":"Point","coordinates":[25.632327,45.632811]},"properties":{"line":"610","mode":"bus","color":"#0059a9","colorDark":"#00294f","band":2,"off":[-3.4,3.1]}},{"type":"Feature","geometry":{"type":"Point","coordinates":[25.632327,45.632811]},"properties":{"line":"612","mode":"bus","color":"#0059a9","colorDark":"#00294f","band":2,"off":[0,3.1]}},{"type":"Feature","geometry":{"type":"Point","coordinates":[25.632327,45.632811]},"properties":{"line":"710","mode":"bus","color":"#0059a9","colorDark":"#00294f","band":2,"off":[3.4,3.1]}},{"type":"Feature","geometry":{"type":"Point","coordinates":[25.632327,45.632811]},"properties":{"line":"711","mode":"bus","color":"#0059a9","colorDark":"#00294f","band":2,"off":[6.8,3.1]}},{"type":"Feature","geometry":{"type":"Point","coordinates":[25.632327,45.632811]},"properties":{"line":"810","mode":"bus","color":"#0059a9","colorDark":"#00294f","band":2,"off":[0,5.1]}},{"type":"Feature","geometry":{"type":"Point","coordinates":[25.523665,45.635931]},"properties":{"name":"Măgurele","band":2,"modes":"bus","arr":["5M"],"off":[0,-0.8]}},{"type":"Feature","geometry":{"type":"Point","coordinates":[25.523665,45.635931]},"properties":{"line":"5M","mode":"bus","color":"#0059a9","colorDark":"#00294f","band":2,"off":[0,1.1]}},{"type":"Feature","geometry":{"type":"Point","coordinates":[25.556517,45.656323]},"properties":{"name":"Depozite ILF","band":2,"modes":"bus","arr":["16","23"],"off":[0,-0.8]}},{"type":"Feature","geometry":{"type":"Point","coordinates":[25.556517,45.656323]},"properties":{"line":"16","mode":"bus","color":"#0059a9","colorDark":"#00294f","band":2,"off":[-1.7,1.1]}},{"type":"Feature","geometry":{"type":"Point","coordinates":[25.556517,45.656323]},"properties":{"line":"23","mode":"bus","color":"#0059a9","colorDark":"#00294f","band":2,"off":[1.7,1.1]}},{"type":"Feature","geometry":{"type":"Point","coordinates":[25.635828,45.634677]},"properties":{"name":"Saturn","band":2,"modes":"bus","arr":["6","8","22","23"],"off":[0,-0.8]}},{"type":"Feature","geometry":{"type":"Point","coordinates":[25.635828,45.634677]},"properties":{"line":"6","mode":"bus","color":"#149a3f","colorDark":"#0a5121","band":2,"off":[-5.1,1.1]}},{"type":"Feature","geometry":{"type":"Point","coordinates":[25.635828,45.634677]},"properties":{"line":"8","mode":"bus","color":"#149a3f","colorDark":"#0a5121","band":2,"off":[-1.7,1.1]}},{"type":"Feature","geometry":{"type":"Point","coordinates":[25.635828,45.634677]},"properties":{"line":"22","mode":"bus","color":"#0059a9","colorDark":"#00294f","band":2,"off":[1.7,1.1]}},{"type":"Feature","geometry":{"type":"Point","coordinates":[25.635828,45.634677]},"properties":{"line":"23","mode":"bus","color":"#0059a9","colorDark":"#00294f","band":2,"off":[5.1,1.1]}},{"type":"Feature","geometry":{"type":"Point","coordinates":[25.552687,45.645527]},"properties":{"name":"Fabrica de Var","band":2,"modes":"bus","arr":["14"],"off":[0,-0.8]}},{"type":"Feature","geometry":{"type":"Point","coordinates":[25.552687,45.645527]},"properties":{"line":"14","mode":"bus","color":"#0059a9","colorDark":"#00294f","band":2,"off":[0,1.1]}},{"type":"Feature","geometry":{"type":"Point","coordinates":[25.556464,45.665277]},"properties":{"name":"Avantgarden","band":2,"modes":"bus","arr":["15","25","TE15"],"off":[0,-0.8]}},{"type":"Feature","geometry":{"type":"Point","coordinates":[25.556464,45.665277]},"properties":{"line":"15","mode":"bus","color":"#0059a9","colorDark":"#00294f","band":2,"off":[-3.4,1.1]}},{"type":"Feature","geometry":{"type":"Point","coordinates":[25.556464,45.665277]},"properties":{"line":"25","mode":"bus","color":"#0059a9","colorDark":"#00294f","band":2,"off":[0,1.1]}},{"type":"Feature","geometry":{"type":"Point","coordinates":[25.556464,45.665277]},"properties":{"line":"TE15","mode":"bus","color":"#0059a9","colorDark":"#00294f","band":2,"off":[3.4,1.1]}},{"type":"Feature","geometry":{"type":"Point","coordinates":[25.61524,45.670887]},"properties":{"name":"13 Decembrie","band":2,"modes":"bus","arr":["32"],"off":[0,-0.8]}},{"type":"Feature","geometry":{"type":"Point","coordinates":[25.61524,45.670887]},"properties":{"line":"32","mode":"bus","color":"#0059a9","colorDark":"#00294f","band":2,"off":[0,1.1]}},{"type":"Feature","geometry":{"type":"Point","coordinates":[25.560251,45.665839]},"properties":{"name":"Pelicanului","band":2,"modes":"bus","arr":["TE11"],"off":[0,-0.8]}},{"type":"Feature","geometry":{"type":"Point","coordinates":[25.560251,45.665839]},"properties":{"line":"TE11","mode":"bus","color":"#0059a9","colorDark":"#00294f","band":2,"off":[0,1.1]}},{"type":"Feature","geometry":{"type":"Point","coordinates":[25.634032,45.620292]},"properties":{"name":"Noua","band":2,"modes":"bus","arr":["17","21","35","TE1","TE4"],"off":[0,-0.8]}},{"type":"Feature","geometry":{"type":"Point","coordinates":[25.634032,45.620292]},"properties":{"line":"17","mode":"bus","color":"#0059a9","colorDark":"#00294f","band":2,"off":[-6.8,1.1]}},{"type":"Feature","geometry":{"type":"Point","coordinates":[25.634032,45.620292]},"properties":{"line":"21","mode":"bus","color":"#0059a9","colorDark":"#00294f","band":2,"off":[-3.4,1.1]}},{"type":"Feature","geometry":{"type":"Point","coordinates":[25.634032,45.620292]},"properties":{"line":"35","mode":"bus","color":"#0059a9","colorDark":"#00294f","band":2,"off":[0,1.1]}},{"type":"Feature","geometry":{"type":"Point","coordinates":[25.634032,45.620292]},"properties":{"line":"TE1","mode":"bus","color":"#0059a9","colorDark":"#00294f","band":2,"off":[3.4,1.1]}},{"type":"Feature","geometry":{"type":"Point","coordinates":[25.634032,45.620292]},"properties":{"line":"TE4","mode":"bus","color":"#0059a9","colorDark":"#00294f","band":2,"off":[6.8,1.1]}},{"type":"Feature","geometry":{"type":"Point","coordinates":[25.614748,45.574064]},"properties":{"name":"Benzinăria Petrom","band":2,"modes":"bus","arr":["17B"],"off":[0,-0.8]}},{"type":"Feature","geometry":{"type":"Point","coordinates":[25.614748,45.574064]},"properties":{"line":"17B","mode":"bus","color":"#0059a9","colorDark":"#00294f","band":2,"off":[0,1.1]}},{"type":"Feature","geometry":{"type":"Point","coordinates":[25.543282,45.683126]},"properties":{"name":"Fundăturii cap linie","band":2,"modes":"bus","arr":["18","28","TE13"],"off":[0,-0.8]}},{"type":"Feature","geometry":{"type":"Point","coordinates":[25.543282,45.683126]},"properties":{"line":"18","mode":"bus","color":"#0059a9","colorDark":"#00294f","band":2,"off":[-3.4,1.1]}},{"type":"Feature","geometry":{"type":"Point","coordinates":[25.543282,45.683126]},"properties":{"line":"28","mode":"bus","color":"#0059a9","colorDark":"#00294f","band":2,"off":[0,1.1]}},{"type":"Feature","geometry":{"type":"Point","coordinates":[25.543282,45.683126]},"properties":{"line":"TE13","mode":"bus","color":"#0059a9","colorDark":"#00294f","band":2,"off":[3.4,1.1]}},{"type":"Feature","geometry":{"type":"Point","coordinates":[25.578006,45.664553]},"properties":{"name":"Bariera Bartolomeu","band":2,"modes":"bus","arr":["18"],"off":[0,-0.8]}},{"type":"Feature","geometry":{"type":"Point","coordinates":[25.578006,45.664553]},"properties":{"line":"18","mode":"bus","color":"#0059a9","colorDark":"#00294f","band":2,"off":[0,1.1]}},{"type":"Feature","geometry":{"type":"Point","coordinates":[25.553259,45.594852]},"properties":{"name":"Poiana Brașov","band":2,"modes":"bus","arr":["20"],"off":[0,-0.8]}},{"type":"Feature","geometry":{"type":"Point","coordinates":[25.553259,45.594852]},"properties":{"line":"20","mode":"bus","color":"#0059a9","colorDark":"#00294f","band":2,"off":[0,1.1]}},{"type":"Feature","geometry":{"type":"Point","coordinates":[25.59629,45.660393]},"properties":{"name":"Plevnei","band":2,"modes":"bus","arr":["TE16"],"off":[0,-0.8]}},{"type":"Feature","geometry":{"type":"Point","coordinates":[25.59629,45.660393]},"properties":{"line":"TE16","mode":"bus","color":"#0059a9","colorDark":"#00294f","band":2,"off":[0,1.1]}},{"type":"Feature","geometry":{"type":"Point","coordinates":[25.596842,45.718992]},"properties":{"name":"Baciului","band":2,"modes":"bus","arr":["24"],"off":[0,-0.8]}},{"type":"Feature","geometry":{"type":"Point","coordinates":[25.596842,45.718992]},"properties":{"line":"24","mode":"bus","color":"#0059a9","colorDark":"#00294f","band":2,"off":[0,1.1]}},{"type":"Feature","geometry":{"type":"Point","coordinates":[25.562121,45.67362]},"properties":{"name":"Bartolomeu Nord","band":2,"modes":"bus","arr":["29","TE12"],"off":[0,-0.8]}},{"type":"Feature","geometry":{"type":"Point","coordinates":[25.562121,45.67362]},"properties":{"line":"29","mode":"bus","color":"#0059a9","colorDark":"#00294f","band":2,"off":[-1.7,1.1]}},{"type":"Feature","geometry":{"type":"Point","coordinates":[25.562121,45.67362]},"properties":{"line":"TE12","mode":"bus","color":"#0059a9","colorDark":"#00294f","band":2,"off":[1.7,1.1]}},{"type":"Feature","geometry":{"type":"Point","coordinates":[25.649432,45.666883]},"properties":{"name":"Timiș Triaj","band":2,"modes":"bus","arr":["34"],"off":[0,-0.8]}},{"type":"Feature","geometry":{"type":"Point","coordinates":[25.649432,45.666883]},"properties":{"line":"34","mode":"bus","color":"#0059a9","colorDark":"#00294f","band":2,"off":[0,1.1]}},{"type":"Feature","geometry":{"type":"Point","coordinates":[25.628913,45.649532]},"properties":{"name":"Gemenii","band":2,"modes":"bus","arr":["611"],"off":[0,-0.8]}},{"type":"Feature","geometry":{"type":"Point","coordinates":[25.628913,45.649532]},"properties":{"line":"611","mode":"bus","color":"#0059a9","colorDark":"#00294f","band":2,"off":[0,1.1]}},{"type":"Feature","geometry":{"type":"Point","coordinates":[25.704218,45.670838]},"properties":{"name":"Izvor Cap Linie","band":2,"modes":"bus","arr":["34B"],"off":[0,-0.8]}},{"type":"Feature","geometry":{"type":"Point","coordinates":[25.704218,45.670838]},"properties":{"line":"34B","mode":"bus","color":"#0059a9","colorDark":"#00294f","band":2,"off":[0,1.1]}},{"type":"Feature","geometry":{"type":"Point","coordinates":[25.595456,45.666536]},"properties":{"name":"Independenței","band":2,"modes":"bus","arr":["36"],"off":[0,-0.8]}},{"type":"Feature","geometry":{"type":"Point","coordinates":[25.595456,45.666536]},"properties":{"line":"36","mode":"bus","color":"#0059a9","colorDark":"#00294f","band":2,"off":[0,1.1]}},{"type":"Feature","geometry":{"type":"Point","coordinates":[25.633413,45.656919]},"properties":{"name":"Craiter","band":2,"modes":"bus","arr":["37"],"off":[0,-0.8]}},{"type":"Feature","geometry":{"type":"Point","coordinates":[25.633413,45.656919]},"properties":{"line":"37","mode":"bus","color":"#0059a9","colorDark":"#00294f","band":2,"off":[0,1.1]}},{"type":"Feature","geometry":{"type":"Point","coordinates":[25.553088,45.723876]},"properties":{"name":"Gazon","band":2,"modes":"bus","arr":["40","41"],"off":[0,-0.8]}},{"type":"Feature","geometry":{"type":"Point","coordinates":[25.553088,45.723876]},"properties":{"line":"40","mode":"bus","color":"#0059a9","colorDark":"#00294f","band":2,"off":[-1.7,1.1]}},{"type":"Feature","geometry":{"type":"Point","coordinates":[25.553088,45.723876]},"properties":{"line":"41","mode":"bus","color":"#0059a9","colorDark":"#00294f","band":2,"off":[1.7,1.1]}},{"type":"Feature","geometry":{"type":"Point","coordinates":[25.558481,45.697934]},"properties":{"name":"Stupini Centru","band":2,"modes":"bus","arr":["TE15"],"off":[0,-0.8]}},{"type":"Feature","geometry":{"type":"Point","coordinates":[25.558481,45.697934]},"properties":{"line":"TE15","mode":"bus","color":"#0059a9","colorDark":"#00294f","band":2,"off":[0,1.1]}},{"type":"Feature","geometry":{"type":"Point","coordinates":[25.586182,45.681751]},"properties":{"name":"Zona Industrială Griviței","band":2,"modes":"bus","arr":["42"],"off":[0,-0.8]}},{"type":"Feature","geometry":{"type":"Point","coordinates":[25.586182,45.681751]},"properties":{"line":"42","mode":"bus","color":"#0059a9","colorDark":"#00294f","band":2,"off":[0,1.1]}},{"type":"Feature","geometry":{"type":"Point","coordinates":[25.558645,45.620185]},"properties":{"name":"Solomon","band":2,"modes":"bus","arr":["50"],"off":[0,-0.8]}},{"type":"Feature","geometry":{"type":"Point","coordinates":[25.558645,45.620185]},"properties":{"line":"50","mode":"bus","color":"#0059a9","colorDark":"#00294f","band":2,"off":[0,1.1]}},{"type":"Feature","geometry":{"type":"Point","coordinates":[25.617866,45.66394]},"properties":{"name":"Facultate Construcții","band":2,"modes":"bus","arr":["53"],"off":[0,-0.8]}},{"type":"Feature","geometry":{"type":"Point","coordinates":[25.617866,45.66394]},"properties":{"line":"53","mode":"bus","color":"#0059a9","colorDark":"#00294f","band":2,"off":[0,1.1]}},{"type":"Feature","geometry":{"type":"Point","coordinates":[25.622507,45.627518]},"properties":{"name":"Panselelor","band":2,"modes":"bus","arr":["53"],"off":[0,-0.8]}},{"type":"Feature","geometry":{"type":"Point","coordinates":[25.622507,45.627518]},"properties":{"line":"53","mode":"bus","color":"#0059a9","colorDark":"#00294f","band":2,"off":[0,1.1]}},{"type":"Feature","geometry":{"type":"Point","coordinates":[25.641073,45.640602]},"properties":{"name":"Cimitir Micșunica","band":2,"modes":"bus","arr":["56"],"off":[0,-0.8]}},{"type":"Feature","geometry":{"type":"Point","coordinates":[25.641073,45.640602]},"properties":{"line":"56","mode":"bus","color":"#0059a9","colorDark":"#00294f","band":2,"off":[0,1.1]}},{"type":"Feature","geometry":{"type":"Point","coordinates":[25.471038,45.617219]},"properties":{"name":"Tineretului","band":2,"modes":"bus","arr":["110"],"off":[0,-0.8]}},{"type":"Feature","geometry":{"type":"Point","coordinates":[25.471038,45.617219]},"properties":{"line":"110","mode":"bus","color":"#0059a9","colorDark":"#00294f","band":2,"off":[0,1.1]}},{"type":"Feature","geometry":{"type":"Point","coordinates":[25.421402,45.63399]},"properties":{"name":"Primăria Vulcan","band":2,"modes":"bus","arr":["120"],"off":[0,-0.8]}},{"type":"Feature","geometry":{"type":"Point","coordinates":[25.421402,45.63399]},"properties":{"line":"120","mode":"bus","color":"#0059a9","colorDark":"#00294f","band":2,"off":[0,1.1]}},{"type":"Feature","geometry":{"type":"Point","coordinates":[25.457201,45.577382]},"properties":{"name":"Cap Linie Râșnov","band":2,"modes":"bus","arr":["130"],"off":[0,-0.8]}},{"type":"Feature","geometry":{"type":"Point","coordinates":[25.457201,45.577382]},"properties":{"line":"130","mode":"bus","color":"#0059a9","colorDark":"#00294f","band":2,"off":[0,1.1]}},{"type":"Feature","geometry":{"type":"Point","coordinates":[25.43744,45.58754]},"properties":{"name":"Romacril","band":2,"modes":"bus","arr":["131"],"off":[0,-0.8]}},{"type":"Feature","geometry":{"type":"Point","coordinates":[25.43744,45.58754]},"properties":{"line":"131","mode":"bus","color":"#0059a9","colorDark":"#00294f","band":2,"off":[0,1.1]}},{"type":"Feature","geometry":{"type":"Point","coordinates":[25.313638,45.559098]},"properties":{"name":"CEC Zărnești","band":2,"modes":"bus","arr":["140"],"off":[0,-0.8]}},{"type":"Feature","geometry":{"type":"Point","coordinates":[25.313638,45.559098]},"properties":{"line":"140","mode":"bus","color":"#0059a9","colorDark":"#00294f","band":2,"off":[0,1.1]}},{"type":"Feature","geometry":{"type":"Point","coordinates":[25.503645,45.654824]},"properties":{"name":"Ghimbav Cap Linie","band":2,"modes":"bus","arr":["210"],"off":[0,-0.8]}},{"type":"Feature","geometry":{"type":"Point","coordinates":[25.503645,45.654824]},"properties":{"line":"210","mode":"bus","color":"#0059a9","colorDark":"#00294f","band":2,"off":[0,1.1]}},{"type":"Feature","geometry":{"type":"Point","coordinates":[25.452726,45.706897]},"properties":{"name":"Codlea Nord","band":2,"modes":"bus","arr":["220"],"off":[0,-0.8]}},{"type":"Feature","geometry":{"type":"Point","coordinates":[25.452726,45.706897]},"properties":{"line":"220","mode":"bus","color":"#0059a9","colorDark":"#00294f","band":2,"off":[0,1.1]}},{"type":"Feature","geometry":{"type":"Point","coordinates":[25.51049,45.775973]},"properties":{"name":"Satu Nou cap linie","band":2,"modes":"bus","arr":["310"],"off":[0,-0.8]}},{"type":"Feature","geometry":{"type":"Point","coordinates":[25.51049,45.775973]},"properties":{"line":"310","mode":"bus","color":"#0059a9","colorDark":"#00294f","band":2,"off":[0,1.1]}},{"type":"Feature","geometry":{"type":"Point","coordinates":[25.557368,45.837389]},"properties":{"name":"Rotbav","band":2,"modes":"bus","arr":["320"],"off":[0,-0.8]}},{"type":"Feature","geometry":{"type":"Point","coordinates":[25.557368,45.837389]},"properties":{"line":"320","mode":"bus","color":"#0059a9","colorDark":"#00294f","band":2,"off":[0,1.1]}},{"type":"Feature","geometry":{"type":"Point","coordinates":[25.610733,45.700495]},"properties":{"name":"Subcetate","band":2,"modes":"bus","arr":["410"],"off":[0,-0.8]}},{"type":"Feature","geometry":{"type":"Point","coordinates":[25.610733,45.700495]},"properties":{"line":"410","mode":"bus","color":"#0059a9","colorDark":"#00294f","band":2,"off":[0,1.1]}},{"type":"Feature","geometry":{"type":"Point","coordinates":[25.639349,45.696232]},"properties":{"name":"Residence (capăt)","band":2,"modes":"bus","arr":["411"],"off":[0,-0.8]}},{"type":"Feature","geometry":{"type":"Point","coordinates":[25.639349,45.696232]},"properties":{"line":"411","mode":"bus","color":"#0059a9","colorDark":"#00294f","band":2,"off":[0,1.1]}},{"type":"Feature","geometry":{"type":"Point","coordinates":[25.647424,45.722389]},"properties":{"name":"Spital","band":2,"modes":"bus","arr":["412"],"off":[0,-0.8]}},{"type":"Feature","geometry":{"type":"Point","coordinates":[25.647424,45.722389]},"properties":{"line":"412","mode":"bus","color":"#0059a9","colorDark":"#00294f","band":2,"off":[0,1.1]}},{"type":"Feature","geometry":{"type":"Point","coordinates":[25.598051,45.755461]},"properties":{"name":"Bod Colonie","band":2,"modes":"bus","arr":["420"],"off":[0,-0.8]}},{"type":"Feature","geometry":{"type":"Point","coordinates":[25.598051,45.755461]},"properties":{"line":"420","mode":"bus","color":"#0059a9","colorDark":"#00294f","band":2,"off":[0,1.1]}},{"type":"Feature","geometry":{"type":"Point","coordinates":[25.733987,45.766691]},"properties":{"name":"Cap Linie Podu Oltului","band":2,"modes":"bus","arr":["511"],"off":[0,-0.8]}},{"type":"Feature","geometry":{"type":"Point","coordinates":[25.733987,45.766691]},"properties":{"line":"511","mode":"bus","color":"#0059a9","colorDark":"#00294f","band":2,"off":[0,1.1]}},{"type":"Feature","geometry":{"type":"Point","coordinates":[25.783488,45.759397]},"properties":{"name":"Lunca Câlnicului (Vizaviu)","band":2,"modes":"bus","arr":["520"],"off":[0,-0.8]}},{"type":"Feature","geometry":{"type":"Point","coordinates":[25.783488,45.759397]},"properties":{"line":"520","mode":"bus","color":"#0059a9","colorDark":"#00294f","band":2,"off":[0,1.1]}},{"type":"Feature","geometry":{"type":"Point","coordinates":[25.980834,45.578803]},"properties":{"name":"Vama de Sus","band":2,"modes":"bus","arr":["540","541"],"off":[0,-0.8]}},{"type":"Feature","geometry":{"type":"Point","coordinates":[25.980834,45.578803]},"properties":{"line":"540","mode":"bus","color":"#0059a9","colorDark":"#00294f","band":2,"off":[-1.7,1.1]}},{"type":"Feature","geometry":{"type":"Point","coordinates":[25.980834,45.578803]},"properties":{"line":"541","mode":"bus","color":"#0059a9","colorDark":"#00294f","band":2,"off":[1.7,1.1]}},{"type":"Feature","geometry":{"type":"Point","coordinates":[26.040765,45.563611]},"properties":{"name":"Buzăielul de Sus","band":2,"modes":"bus","arr":["541"],"off":[0,-0.8]}},{"type":"Feature","geometry":{"type":"Point","coordinates":[26.040765,45.563611]},"properties":{"line":"541","mode":"bus","color":"#0059a9","colorDark":"#00294f","band":2,"off":[0,1.1]}},{"type":"Feature","geometry":{"type":"Point","coordinates":[25.792129,45.64446]},"properties":{"name":"Cap Linie Purcăreni","band":2,"modes":"bus","arr":["610","612"],"off":[0,-0.8]}},{"type":"Feature","geometry":{"type":"Point","coordinates":[25.792129,45.64446]},"properties":{"line":"610","mode":"bus","color":"#0059a9","colorDark":"#00294f","band":2,"off":[-1.7,1.1]}},{"type":"Feature","geometry":{"type":"Point","coordinates":[25.792129,45.64446]},"properties":{"line":"612","mode":"bus","color":"#0059a9","colorDark":"#00294f","band":2,"off":[1.7,1.1]}},{"type":"Feature","geometry":{"type":"Point","coordinates":[25.758517,45.634084]},"properties":{"name":"Cap Linie Tărlungeni","band":2,"modes":"bus","arr":["611"],"off":[0,-0.8]}},{"type":"Feature","geometry":{"type":"Point","coordinates":[25.758517,45.634084]},"properties":{"line":"611","mode":"bus","color":"#0059a9","colorDark":"#00294f","band":2,"off":[0,1.1]}},{"type":"Feature","geometry":{"type":"Point","coordinates":[25.731681,45.608799]},"properties":{"name":"Garaje Săcele","band":2,"modes":"bus","arr":["710","TE2","TE14"],"off":[0,-0.8]}},{"type":"Feature","geometry":{"type":"Point","coordinates":[25.731681,45.608799]},"properties":{"line":"710","mode":"bus","color":"#0059a9","colorDark":"#00294f","band":2,"off":[-3.4,1.1]}},{"type":"Feature","geometry":{"type":"Point","coordinates":[25.731681,45.608799]},"properties":{"line":"TE2","mode":"bus","color":"#0059a9","colorDark":"#00294f","band":2,"off":[0,1.1]}},{"type":"Feature","geometry":{"type":"Point","coordinates":[25.731681,45.608799]},"properties":{"line":"TE14","mode":"bus","color":"#0059a9","colorDark":"#00294f","band":2,"off":[3.4,1.1]}},{"type":"Feature","geometry":{"type":"Point","coordinates":[25.739983,45.601452]},"properties":{"name":"Gârcini","band":2,"modes":"bus","arr":["711"],"off":[0,-0.8]}},{"type":"Feature","geometry":{"type":"Point","coordinates":[25.739983,45.601452]},"properties":{"line":"711","mode":"bus","color":"#0059a9","colorDark":"#00294f","band":2,"off":[0,1.1]}},{"type":"Feature","geometry":{"type":"Point","coordinates":[25.564441,45.463229]},"properties":{"name":"Cap Linie Predeal","band":2,"modes":"bus","arr":["810"],"off":[0,-0.8]}},{"type":"Feature","geometry":{"type":"Point","coordinates":[25.564441,45.463229]},"properties":{"line":"810","mode":"bus","color":"#0059a9","colorDark":"#00294f","band":2,"off":[0,1.1]}},{"type":"Feature","geometry":{"type":"Point","coordinates":[25.517484,45.69403]},"properties":{"name":"Aeroportul Brașov","band":2,"modes":"bus","arr":["A1"],"off":[0,-0.8]}},{"type":"Feature","geometry":{"type":"Point","coordinates":[25.517484,45.69403]},"properties":{"line":"A1","mode":"bus","color":"#0059a9","colorDark":"#00294f","band":2,"off":[0,1.1]}},{"type":"Feature","geometry":{"type":"Point","coordinates":[25.585488,45.639311]},"properties":{"name":"Șirul Beethoven","band":2,"modes":"bus","arr":["TE1","TE2","TE3","TE4","TE5","TE6","TE7","TE8","TE9","TE10","TE11","TE12","TE13"],"off":[0,-0.8],"sc":0.98}},{"type":"Feature","geometry":{"type":"Point","coordinates":[25.585488,45.639311]},"properties":{"line":"TE1","mode":"bus","color":"#0059a9","colorDark":"#00294f","band":2,"sc":0.98,"off":[-6.8,1.1]}},{"type":"Feature","geometry":{"type":"Point","coordinates":[25.585488,45.639311]},"properties":{"line":"TE2","mode":"bus","color":"#0059a9","colorDark":"#00294f","band":2,"sc":0.98,"off":[-3.4,1.1]}},{"type":"Feature","geometry":{"type":"Point","coordinates":[25.585488,45.639311]},"properties":{"line":"TE3","mode":"bus","color":"#0059a9","colorDark":"#00294f","band":2,"sc":0.98,"off":[0,1.1]}},{"type":"Feature","geometry":{"type":"Point","coordinates":[25.585488,45.639311]},"properties":{"line":"TE4","mode":"bus","color":"#0059a9","colorDark":"#00294f","band":2,"sc":0.98,"off":[3.4,1.1]}},{"type":"Feature","geometry":{"type":"Point","coordinates":[25.585488,45.639311]},"properties":{"line":"TE5","mode":"bus","color":"#0059a9","colorDark":"#00294f","band":2,"sc":0.98,"off":[6.8,1.1]}},{"type":"Feature","geometry":{"type":"Point","coordinates":[25.585488,45.639311]},"properties":{"line":"TE6","mode":"bus","color":"#0059a9","colorDark":"#00294f","band":2,"sc":0.98,"off":[-6.8,3.1]}},{"type":"Feature","geometry":{"type":"Point","coordinates":[25.585488,45.639311]},"properties":{"line":"TE7","mode":"bus","color":"#0059a9","colorDark":"#00294f","band":2,"sc":0.98,"off":[-3.4,3.1]}},{"type":"Feature","geometry":{"type":"Point","coordinates":[25.585488,45.639311]},"properties":{"line":"TE8","mode":"bus","color":"#0059a9","colorDark":"#00294f","band":2,"sc":0.98,"off":[0,3.1]}},{"type":"Feature","geometry":{"type":"Point","coordinates":[25.585488,45.639311]},"properties":{"line":"TE9","mode":"bus","color":"#0059a9","colorDark":"#00294f","band":2,"sc":0.98,"off":[3.4,3.1]}},{"type":"Feature","geometry":{"type":"Point","coordinates":[25.585488,45.639311]},"properties":{"line":"TE10","mode":"bus","color":"#0059a9","colorDark":"#00294f","band":2,"sc":0.98,"off":[6.8,3.1]}},{"type":"Feature","geometry":{"type":"Point","coordinates":[25.585488,45.639311]},"properties":{"line":"TE11","mode":"bus","color":"#0059a9","colorDark":"#00294f","band":2,"sc":0.98,"off":[-3.4,5.1]}},{"type":"Feature","geometry":{"type":"Point","coordinates":[25.585488,45.639311]},"properties":{"line":"TE12","mode":"bus","color":"#0059a9","colorDark":"#00294f","band":2,"sc":0.98,"off":[0,5.1]}},{"type":"Feature","geometry":{"type":"Point","coordinates":[25.585488,45.639311]},"properties":{"line":"TE13","mode":"bus","color":"#0059a9","colorDark":"#00294f","band":2,"sc":0.98,"off":[3.4,5.1]}},{"type":"Feature","geometry":{"type":"Point","coordinates":[25.58857,45.645734]},"properties":{"name":"Livada Poștei","band":3,"modes":"bus","arr":["1","2","2B","6","14","16","17","20","24","28","31","34","34B","36","41","TE14","TE16"],"off":[0,-0.8]}},{"type":"Feature","geometry":{"type":"Point","coordinates":[25.58857,45.645734]},"properties":{"line":"1","mode":"bus","color":"#149a3f","colorDark":"#0a5121","band":3,"off":[-6.8,1.1]}},{"type":"Feature","geometry":{"type":"Point","coordinates":[25.58857,45.645734]},"properties":{"line":"2","mode":"bus","color":"#149a3f","colorDark":"#0a5121","band":3,"off":[-3.4,1.1]}},{"type":"Feature","geometry":{"type":"Point","coordinates":[25.58857,45.645734]},"properties":{"line":"2B","mode":"bus","color":"#0059a9","colorDark":"#00294f","band":3,"off":[0,1.1]}},{"type":"Feature","geometry":{"type":"Point","coordinates":[25.58857,45.645734]},"properties":{"line":"6","mode":"bus","color":"#149a3f","colorDark":"#0a5121","band":3,"off":[3.4,1.1]}},{"type":"Feature","geometry":{"type":"Point","coordinates":[25.58857,45.645734]},"properties":{"line":"14","mode":"bus","color":"#0059a9","colorDark":"#00294f","band":3,"off":[6.8,1.1]}},{"type":"Feature","geometry":{"type":"Point","coordinates":[25.58857,45.645734]},"properties":{"line":"16","mode":"bus","color":"#0059a9","colorDark":"#00294f","band":3,"off":[-6.8,3.1]}},{"type":"Feature","geometry":{"type":"Point","coordinates":[25.58857,45.645734]},"properties":{"line":"17","mode":"bus","color":"#0059a9","colorDark":"#00294f","band":3,"off":[-3.4,3.1]}},{"type":"Feature","geometry":{"type":"Point","coordinates":[25.58857,45.645734]},"properties":{"line":"20","mode":"bus","color":"#0059a9","colorDark":"#00294f","band":3,"off":[0,3.1]}},{"type":"Feature","geometry":{"type":"Point","coordinates":[25.58857,45.645734]},"properties":{"line":"24","mode":"bus","color":"#0059a9","colorDark":"#00294f","band":3,"off":[3.4,3.1]}},{"type":"Feature","geometry":{"type":"Point","coordinates":[25.58857,45.645734]},"properties":{"line":"28","mode":"bus","color":"#0059a9","colorDark":"#00294f","band":3,"off":[6.8,3.1]}},{"type":"Feature","geometry":{"type":"Point","coordinates":[25.58857,45.645734]},"properties":{"line":"31","mode":"bus","color":"#149a3f","colorDark":"#0a5121","band":3,"off":[-6.8,5.1]}},{"type":"Feature","geometry":{"type":"Point","coordinates":[25.58857,45.645734]},"properties":{"line":"34","mode":"bus","color":"#0059a9","colorDark":"#00294f","band":3,"off":[-3.4,5.1]}},{"type":"Feature","geometry":{"type":"Point","coordinates":[25.58857,45.645734]},"properties":{"line":"34B","mode":"bus","color":"#0059a9","colorDark":"#00294f","band":3,"off":[0,5.1]}},{"type":"Feature","geometry":{"type":"Point","coordinates":[25.58857,45.645734]},"properties":{"line":"36","mode":"bus","color":"#0059a9","colorDark":"#00294f","band":3,"off":[3.4,5.1]}},{"type":"Feature","geometry":{"type":"Point","coordinates":[25.58857,45.645734]},"properties":{"line":"41","mode":"bus","color":"#0059a9","colorDark":"#00294f","band":3,"off":[6.8,5.1]}},{"type":"Feature","geometry":{"type":"Point","coordinates":[25.58857,45.645734]},"properties":{"line":"TE14","mode":"bus","color":"#0059a9","colorDark":"#00294f","band":3,"off":[-1.7,7.1]}},{"type":"Feature","geometry":{"type":"Point","coordinates":[25.58857,45.645734]},"properties":{"line":"TE16","mode":"bus","color":"#0059a9","colorDark":"#00294f","band":3,"off":[1.7,7.1]}},{"type":"Feature","geometry":{"type":"Point","coordinates":[25.609675,45.651169]},"properties":{"name":"Hidro A","band":3,"modes":"bus","arr":["37","54"],"off":[0,-0.8]}},{"type":"Feature","geometry":{"type":"Point","coordinates":[25.609675,45.651169]},"properties":{"line":"37","mode":"bus","color":"#0059a9","colorDark":"#00294f","band":3,"off":[-1.7,1.1]}},{"type":"Feature","geometry":{"type":"Point","coordinates":[25.609675,45.651169]},"properties":{"line":"54","mode":"bus","color":"#0059a9","colorDark":"#00294f","band":3,"off":[1.7,1.1]}},{"type":"Feature","geometry":{"type":"Point","coordinates":[25.647414,45.675543]},"properties":{"name":"Triaj","band":3,"modes":"bus","arr":["1","10","15","21","23B","54","TE5","TE6"],"off":[0,-0.8]}},{"type":"Feature","geometry":{"type":"Point","coordinates":[25.647414,45.675543]},"properties":{"line":"1","mode":"bus","color":"#149a3f","colorDark":"#0a5121","band":3,"off":[-6.8,1.1]}},{"type":"Feature","geometry":{"type":"Point","coordinates":[25.647414,45.675543]},"properties":{"line":"10","mode":"bus","color":"#149a3f","colorDark":"#0a5121","band":3,"off":[-3.4,1.1]}},{"type":"Feature","geometry":{"type":"Point","coordinates":[25.647414,45.675543]},"properties":{"line":"15","mode":"bus","color":"#0059a9","colorDark":"#00294f","band":3,"off":[0,1.1]}},{"type":"Feature","geometry":{"type":"Point","coordinates":[25.647414,45.675543]},"properties":{"line":"21","mode":"bus","color":"#0059a9","colorDark":"#00294f","band":3,"off":[3.4,1.1]}},{"type":"Feature","geometry":{"type":"Point","coordinates":[25.647414,45.675543]},"properties":{"line":"23B","mode":"bus","color":"#0059a9","colorDark":"#00294f","band":3,"off":[6.8,1.1]}},{"type":"Feature","geometry":{"type":"Point","coordinates":[25.647414,45.675543]},"properties":{"line":"54","mode":"bus","color":"#0059a9","colorDark":"#00294f","band":3,"off":[-3.4,3.1]}},{"type":"Feature","geometry":{"type":"Point","coordinates":[25.647414,45.675543]},"properties":{"line":"TE5","mode":"bus","color":"#0059a9","colorDark":"#00294f","band":3,"off":[0,3.1]}},{"type":"Feature","geometry":{"type":"Point","coordinates":[25.647414,45.675543]},"properties":{"line":"TE6","mode":"bus","color":"#0059a9","colorDark":"#00294f","band":3,"off":[3.4,3.1]}},{"type":"Feature","geometry":{"type":"Point","coordinates":[25.608243,45.650986]},"properties":{"name":"Camera de Comerț","band":3,"modes":"bus","arr":["50"],"off":[0,-0.8]}},{"type":"Feature","geometry":{"type":"Point","coordinates":[25.608243,45.650986]},"properties":{"line":"50","mode":"bus","color":"#0059a9","colorDark":"#00294f","band":3,"off":[0,1.1]}},{"type":"Feature","geometry":{"type":"Point","coordinates":[25.614877,45.682079]},"properties":{"name":"Rulmentul","band":3,"modes":"bus","arr":["2","2B","7","8","9","410","411","412","420","TE7","TE7S","TE8","TE9"],"off":[0,-0.8]}},{"type":"Feature","geometry":{"type":"Point","coordinates":[25.614877,45.682079]},"properties":{"line":"2","mode":"bus","color":"#149a3f","colorDark":"#0a5121","band":3,"off":[-6.8,1.1]}},{"type":"Feature","geometry":{"type":"Point","coordinates":[25.614877,45.682079]},"properties":{"line":"2B","mode":"bus","color":"#0059a9","colorDark":"#00294f","band":3,"off":[-3.4,1.1]}},{"type":"Feature","geometry":{"type":"Point","coordinates":[25.614877,45.682079]},"properties":{"line":"7","mode":"bus","color":"#149a3f","colorDark":"#0a5121","band":3,"off":[0,1.1]}},{"type":"Feature","geometry":{"type":"Point","coordinates":[25.614877,45.682079]},"properties":{"line":"8","mode":"bus","color":"#149a3f","colorDark":"#0a5121","band":3,"off":[3.4,1.1]}},{"type":"Feature","geometry":{"type":"Point","coordinates":[25.614877,45.682079]},"properties":{"line":"9","mode":"bus","color":"#0059a9","colorDark":"#00294f","band":3,"off":[6.8,1.1]}},{"type":"Feature","geometry":{"type":"Point","coordinates":[25.614877,45.682079]},"properties":{"line":"410","mode":"bus","color":"#0059a9","colorDark":"#00294f","band":3,"off":[-6.8,3.1]}},{"type":"Feature","geometry":{"type":"Point","coordinates":[25.614877,45.682079]},"properties":{"line":"411","mode":"bus","color":"#0059a9","colorDark":"#00294f","band":3,"off":[-3.4,3.1]}},{"type":"Feature","geometry":{"type":"Point","coordinates":[25.614877,45.682079]},"properties":{"line":"412","mode":"bus","color":"#0059a9","colorDark":"#00294f","band":3,"off":[0,3.1]}},{"type":"Feature","geometry":{"type":"Point","coordinates":[25.614877,45.682079]},"properties":{"line":"420","mode":"bus","color":"#0059a9","colorDark":"#00294f","band":3,"off":[3.4,3.1]}},{"type":"Feature","geometry":{"type":"Point","coordinates":[25.614877,45.682079]},"properties":{"line":"TE7","mode":"bus","color":"#0059a9","colorDark":"#00294f","band":3,"off":[6.8,3.1]}},{"type":"Feature","geometry":{"type":"Point","coordinates":[25.614877,45.682079]},"properties":{"line":"TE7S","mode":"bus","color":"#0059a9","colorDark":"#00294f","band":3,"off":[-3.4,5.1]}},{"type":"Feature","geometry":{"type":"Point","coordinates":[25.614877,45.682079]},"properties":{"line":"TE8","mode":"bus","color":"#0059a9","colorDark":"#00294f","band":3,"off":[0,5.1]}},{"type":"Feature","geometry":{"type":"Point","coordinates":[25.614877,45.682079]},"properties":{"line":"TE9","mode":"bus","color":"#0059a9","colorDark":"#00294f","band":3,"off":[3.4,5.1]}},{"type":"Feature","geometry":{"type":"Point","coordinates":[25.583929,45.664859]},"properties":{"name":"Stadionul Tineretului","band":3,"modes":"bus","arr":["3","22"],"off":[0,-0.8]}},{"type":"Feature","geometry":{"type":"Point","coordinates":[25.583929,45.664859]},"properties":{"line":"3","mode":"bus","color":"#149a3f","colorDark":"#0a5121","band":3,"off":[-1.7,1.1]}},{"type":"Feature","geometry":{"type":"Point","coordinates":[25.583929,45.664859]},"properties":{"line":"22","mode":"bus","color":"#0059a9","colorDark":"#00294f","band":3,"off":[1.7,1.1]}},{"type":"Feature","geometry":{"type":"Point","coordinates":[25.60126,45.630546]},"properties":{"name":"Valea Cetății","band":3,"modes":"bus","arr":["3","10","31","32","33","TE3"],"off":[0,-0.8]}},{"type":"Feature","geometry":{"type":"Point","coordinates":[25.60126,45.630546]},"properties":{"line":"3","mode":"bus","color":"#149a3f","colorDark":"#0a5121","band":3,"off":[-6.8,1.1]}},{"type":"Feature","geometry":{"type":"Point","coordinates":[25.60126,45.630546]},"properties":{"line":"10","mode":"bus","color":"#149a3f","colorDark":"#0a5121","band":3,"off":[-3.4,1.1]}},{"type":"Feature","geometry":{"type":"Point","coordinates":[25.60126,45.630546]},"properties":{"line":"31","mode":"bus","color":"#149a3f","colorDark":"#0a5121","band":3,"off":[0,1.1]}},{"type":"Feature","geometry":{"type":"Point","coordinates":[25.60126,45.630546]},"properties":{"line":"32","mode":"bus","color":"#0059a9","colorDark":"#00294f","band":3,"off":[3.4,1.1]}},{"type":"Feature","geometry":{"type":"Point","coordinates":[25.60126,45.630546]},"properties":{"line":"33","mode":"bus","color":"#149a3f","colorDark":"#0a5121","band":3,"off":[6.8,1.1]}},{"type":"Feature","geometry":{"type":"Point","coordinates":[25.60126,45.630546]},"properties":{"line":"TE3","mode":"bus","color":"#0059a9","colorDark":"#00294f","band":3,"off":[0,3.1]}},{"type":"Feature","geometry":{"type":"Point","coordinates":[25.576586,45.633062]},"properties":{"name":"Tocile","band":3,"modes":"bus","arr":["4","52"],"off":[0,-0.8]}},{"type":"Feature","geometry":{"type":"Point","coordinates":[25.576586,45.633062]},"properties":{"line":"4","mode":"bus","color":"#0059a9","colorDark":"#00294f","band":3,"off":[-1.7,1.1]}},{"type":"Feature","geometry":{"type":"Point","coordinates":[25.576586,45.633062]},"properties":{"line":"52","mode":"bus","color":"#0059a9","colorDark":"#00294f","band":3,"off":[1.7,1.1]}},{"type":"Feature","geometry":{"type":"Point","coordinates":[25.612332,45.660917]},"properties":{"name":"Terminal Gară","band":3,"modes":"bus","arr":["4","17B","29","35","40","42","310","320","511","520","540","A1"],"off":[0,-0.8]}},{"type":"Feature","geometry":{"type":"Point","coordinates":[25.612332,45.660917]},"properties":{"line":"4","mode":"bus","color":"#0059a9","colorDark":"#00294f","band":3,"off":[-6.8,1.1]}},{"type":"Feature","geometry":{"type":"Point","coordinates":[25.612332,45.660917]},"properties":{"line":"17B","mode":"bus","color":"#0059a9","colorDark":"#00294f","band":3,"off":[-3.4,1.1]}},{"type":"Feature","geometry":{"type":"Point","coordinates":[25.612332,45.660917]},"properties":{"line":"29","mode":"bus","color":"#0059a9","colorDark":"#00294f","band":3,"off":[0,1.1]}},{"type":"Feature","geometry":{"type":"Point","coordinates":[25.612332,45.660917]},"properties":{"line":"35","mode":"bus","color":"#0059a9","colorDark":"#00294f","band":3,"off":[3.4,1.1]}},{"type":"Feature","geometry":{"type":"Point","coordinates":[25.612332,45.660917]},"properties":{"line":"40","mode":"bus","color":"#0059a9","colorDark":"#00294f","band":3,"off":[6.8,1.1]}},{"type":"Feature","geometry":{"type":"Point","coordinates":[25.612332,45.660917]},"properties":{"line":"42","mode":"bus","color":"#0059a9","colorDark":"#00294f","band":3,"off":[-6.8,3.1]}},{"type":"Feature","geometry":{"type":"Point","coordinates":[25.612332,45.660917]},"properties":{"line":"310","mode":"bus","color":"#0059a9","colorDark":"#00294f","band":3,"off":[-3.4,3.1]}},{"type":"Feature","geometry":{"type":"Point","coordinates":[25.612332,45.660917]},"properties":{"line":"320","mode":"bus","color":"#0059a9","colorDark":"#00294f","band":3,"off":[0,3.1]}},{"type":"Feature","geometry":{"type":"Point","coordinates":[25.612332,45.660917]},"properties":{"line":"511","mode":"bus","color":"#0059a9","colorDark":"#00294f","band":3,"off":[3.4,3.1]}},{"type":"Feature","geometry":{"type":"Point","coordinates":[25.612332,45.660917]},"properties":{"line":"520","mode":"bus","color":"#0059a9","colorDark":"#00294f","band":3,"off":[6.8,3.1]}},{"type":"Feature","geometry":{"type":"Point","coordinates":[25.612332,45.660917]},"properties":{"line":"540","mode":"bus","color":"#0059a9","colorDark":"#00294f","band":3,"off":[-1.7,5.1]}},{"type":"Feature","geometry":{"type":"Point","coordinates":[25.612332,45.660917]},"properties":{"line":"A1","mode":"bus","color":"#0059a9","colorDark":"#00294f","band":3,"off":[1.7,5.1]}},{"type":"Feature","geometry":{"type":"Point","coordinates":[25.569942,45.659865]},"properties":{"name":"Stadionul Municipal","band":3,"modes":"bus","arr":["5","5M","9","23B","110","120","130","131","140","210","220","TE10"],"off":[0,-0.8]}},{"type":"Feature","geometry":{"type":"Point","coordinates":[25.569942,45.659865]},"properties":{"line":"5","mode":"bus","color":"#0059a9","colorDark":"#00294f","band":3,"off":[-6.8,1.1]}},{"type":"Feature","geometry":{"type":"Point","coordinates":[25.569942,45.659865]},"properties":{"line":"5M","mode":"bus","color":"#0059a9","colorDark":"#00294f","band":3,"off":[-3.4,1.1]}},{"type":"Feature","geometry":{"type":"Point","coordinates":[25.569942,45.659865]},"properties":{"line":"9","mode":"bus","color":"#0059a9","colorDark":"#00294f","band":3,"off":[0,1.1]}},{"type":"Feature","geometry":{"type":"Point","coordinates":[25.569942,45.659865]},"properties":{"line":"23B","mode":"bus","color":"#0059a9","colorDark":"#00294f","band":3,"off":[3.4,1.1]}},{"type":"Feature","geometry":{"type":"Point","coordinates":[25.569942,45.659865]},"properties":{"line":"110","mode":"bus","color":"#0059a9","colorDark":"#00294f","band":3,"off":[6.8,1.1]}},{"type":"Feature","geometry":{"type":"Point","coordinates":[25.569942,45.659865]},"properties":{"line":"120","mode":"bus","color":"#0059a9","colorDark":"#00294f","band":3,"off":[-6.8,3.1]}},{"type":"Feature","geometry":{"type":"Point","coordinates":[25.569942,45.659865]},"properties":{"line":"130","mode":"bus","color":"#0059a9","colorDark":"#00294f","band":3,"off":[-3.4,3.1]}},{"type":"Feature","geometry":{"type":"Point","coordinates":[25.569942,45.659865]},"properties":{"line":"131","mode":"bus","color":"#0059a9","colorDark":"#00294f","band":3,"off":[0,3.1]}},{"type":"Feature","geometry":{"type":"Point","coordinates":[25.569942,45.659865]},"properties":{"line":"140","mode":"bus","color":"#0059a9","colorDark":"#00294f","band":3,"off":[3.4,3.1]}},{"type":"Feature","geometry":{"type":"Point","coordinates":[25.569942,45.659865]},"properties":{"line":"210","mode":"bus","color":"#0059a9","colorDark":"#00294f","band":3,"off":[6.8,3.1]}},{"type":"Feature","geometry":{"type":"Point","coordinates":[25.569942,45.659865]},"properties":{"line":"220","mode":"bus","color":"#0059a9","colorDark":"#00294f","band":3,"off":[-1.7,5.1]}},{"type":"Feature","geometry":{"type":"Point","coordinates":[25.569942,45.659865]},"properties":{"line":"TE10","mode":"bus","color":"#0059a9","colorDark":"#00294f","band":3,"off":[1.7,5.1]}},{"type":"Feature","geometry":{"type":"Point","coordinates":[25.632327,45.632811]},"properties":{"name":"Roman","band":3,"modes":"bus","arr":["5","7","25","33","52","56","610","612","710","711","810"],"off":[0,-0.8]}},{"type":"Feature","geometry":{"type":"Point","coordinates":[25.632327,45.632811]},"properties":{"line":"5","mode":"bus","color":"#0059a9","colorDark":"#00294f","band":3,"off":[-6.8,1.1]}},{"type":"Feature","geometry":{"type":"Point","coordinates":[25.632327,45.632811]},"properties":{"line":"7","mode":"bus","color":"#149a3f","colorDark":"#0a5121","band":3,"off":[-3.4,1.1]}},{"type":"Feature","geometry":{"type":"Point","coordinates":[25.632327,45.632811]},"properties":{"line":"25","mode":"bus","color":"#0059a9","colorDark":"#00294f","band":3,"off":[0,1.1]}},{"type":"Feature","geometry":{"type":"Point","coordinates":[25.632327,45.632811]},"properties":{"line":"33","mode":"bus","color":"#149a3f","colorDark":"#0a5121","band":3,"off":[3.4,1.1]}},{"type":"Feature","geometry":{"type":"Point","coordinates":[25.632327,45.632811]},"properties":{"line":"52","mode":"bus","color":"#0059a9","colorDark":"#00294f","band":3,"off":[6.8,1.1]}},{"type":"Feature","geometry":{"type":"Point","coordinates":[25.632327,45.632811]},"properties":{"line":"56","mode":"bus","color":"#0059a9","colorDark":"#00294f","band":3,"off":[-6.8,3.1]}},{"type":"Feature","geometry":{"type":"Point","coordinates":[25.632327,45.632811]},"properties":{"line":"610","mode":"bus","color":"#0059a9","colorDark":"#00294f","band":3,"off":[-3.4,3.1]}},{"type":"Feature","geometry":{"type":"Point","coordinates":[25.632327,45.632811]},"properties":{"line":"612","mode":"bus","color":"#0059a9","colorDark":"#00294f","band":3,"off":[0,3.1]}},{"type":"Feature","geometry":{"type":"Point","coordinates":[25.632327,45.632811]},"properties":{"line":"710","mode":"bus","color":"#0059a9","colorDark":"#00294f","band":3,"off":[3.4,3.1]}},{"type":"Feature","geometry":{"type":"Point","coordinates":[25.632327,45.632811]},"properties":{"line":"711","mode":"bus","color":"#0059a9","colorDark":"#00294f","band":3,"off":[6.8,3.1]}},{"type":"Feature","geometry":{"type":"Point","coordinates":[25.632327,45.632811]},"properties":{"line":"810","mode":"bus","color":"#0059a9","colorDark":"#00294f","band":3,"off":[0,5.1]}},{"type":"Feature","geometry":{"type":"Point","coordinates":[25.523665,45.635931]},"properties":{"name":"Măgurele","band":3,"modes":"bus","arr":["5M"],"off":[0,-0.8]}},{"type":"Feature","geometry":{"type":"Point","coordinates":[25.523665,45.635931]},"properties":{"line":"5M","mode":"bus","color":"#0059a9","colorDark":"#00294f","band":3,"off":[0,1.1]}},{"type":"Feature","geometry":{"type":"Point","coordinates":[25.556517,45.656323]},"properties":{"name":"Depozite ILF","band":3,"modes":"bus","arr":["16","23"],"off":[0,-0.8]}},{"type":"Feature","geometry":{"type":"Point","coordinates":[25.556517,45.656323]},"properties":{"line":"16","mode":"bus","color":"#0059a9","colorDark":"#00294f","band":3,"off":[-1.7,1.1]}},{"type":"Feature","geometry":{"type":"Point","coordinates":[25.556517,45.656323]},"properties":{"line":"23","mode":"bus","color":"#0059a9","colorDark":"#00294f","band":3,"off":[1.7,1.1]}},{"type":"Feature","geometry":{"type":"Point","coordinates":[25.635828,45.634677]},"properties":{"name":"Saturn","band":3,"modes":"bus","arr":["6","8","22","23"],"off":[0,-0.8]}},{"type":"Feature","geometry":{"type":"Point","coordinates":[25.635828,45.634677]},"properties":{"line":"6","mode":"bus","color":"#149a3f","colorDark":"#0a5121","band":3,"off":[-5.1,1.1]}},{"type":"Feature","geometry":{"type":"Point","coordinates":[25.635828,45.634677]},"properties":{"line":"8","mode":"bus","color":"#149a3f","colorDark":"#0a5121","band":3,"off":[-1.7,1.1]}},{"type":"Feature","geometry":{"type":"Point","coordinates":[25.635828,45.634677]},"properties":{"line":"22","mode":"bus","color":"#0059a9","colorDark":"#00294f","band":3,"off":[1.7,1.1]}},{"type":"Feature","geometry":{"type":"Point","coordinates":[25.635828,45.634677]},"properties":{"line":"23","mode":"bus","color":"#0059a9","colorDark":"#00294f","band":3,"off":[5.1,1.1]}},{"type":"Feature","geometry":{"type":"Point","coordinates":[25.552687,45.645527]},"properties":{"name":"Fabrica de Var","band":3,"modes":"bus","arr":["14"],"off":[0,-0.8]}},{"type":"Feature","geometry":{"type":"Point","coordinates":[25.552687,45.645527]},"properties":{"line":"14","mode":"bus","color":"#0059a9","colorDark":"#00294f","band":3,"off":[0,1.1]}},{"type":"Feature","geometry":{"type":"Point","coordinates":[25.556464,45.665277]},"properties":{"name":"Avantgarden","band":3,"modes":"bus","arr":["15","25","TE15"],"off":[0,-0.8]}},{"type":"Feature","geometry":{"type":"Point","coordinates":[25.556464,45.665277]},"properties":{"line":"15","mode":"bus","color":"#0059a9","colorDark":"#00294f","band":3,"off":[-3.4,1.1]}},{"type":"Feature","geometry":{"type":"Point","coordinates":[25.556464,45.665277]},"properties":{"line":"25","mode":"bus","color":"#0059a9","colorDark":"#00294f","band":3,"off":[0,1.1]}},{"type":"Feature","geometry":{"type":"Point","coordinates":[25.556464,45.665277]},"properties":{"line":"TE15","mode":"bus","color":"#0059a9","colorDark":"#00294f","band":3,"off":[3.4,1.1]}},{"type":"Feature","geometry":{"type":"Point","coordinates":[25.61524,45.670887]},"properties":{"name":"13 Decembrie","band":3,"modes":"bus","arr":["32"],"off":[0,-0.8]}},{"type":"Feature","geometry":{"type":"Point","coordinates":[25.61524,45.670887]},"properties":{"line":"32","mode":"bus","color":"#0059a9","colorDark":"#00294f","band":3,"off":[0,1.1]}},{"type":"Feature","geometry":{"type":"Point","coordinates":[25.560251,45.665839]},"properties":{"name":"Pelicanului","band":3,"modes":"bus","arr":["TE11"],"off":[0,-0.8]}},{"type":"Feature","geometry":{"type":"Point","coordinates":[25.560251,45.665839]},"properties":{"line":"TE11","mode":"bus","color":"#0059a9","colorDark":"#00294f","band":3,"off":[0,1.1]}},{"type":"Feature","geometry":{"type":"Point","coordinates":[25.634032,45.620292]},"properties":{"name":"Noua","band":3,"modes":"bus","arr":["17","21","35","TE1","TE4"],"off":[0,-0.8]}},{"type":"Feature","geometry":{"type":"Point","coordinates":[25.634032,45.620292]},"properties":{"line":"17","mode":"bus","color":"#0059a9","colorDark":"#00294f","band":3,"off":[-6.8,1.1]}},{"type":"Feature","geometry":{"type":"Point","coordinates":[25.634032,45.620292]},"properties":{"line":"21","mode":"bus","color":"#0059a9","colorDark":"#00294f","band":3,"off":[-3.4,1.1]}},{"type":"Feature","geometry":{"type":"Point","coordinates":[25.634032,45.620292]},"properties":{"line":"35","mode":"bus","color":"#0059a9","colorDark":"#00294f","band":3,"off":[0,1.1]}},{"type":"Feature","geometry":{"type":"Point","coordinates":[25.634032,45.620292]},"properties":{"line":"TE1","mode":"bus","color":"#0059a9","colorDark":"#00294f","band":3,"off":[3.4,1.1]}},{"type":"Feature","geometry":{"type":"Point","coordinates":[25.634032,45.620292]},"properties":{"line":"TE4","mode":"bus","color":"#0059a9","colorDark":"#00294f","band":3,"off":[6.8,1.1]}},{"type":"Feature","geometry":{"type":"Point","coordinates":[25.614748,45.574064]},"properties":{"name":"Benzinăria Petrom","band":3,"modes":"bus","arr":["17B"],"off":[0,-0.8]}},{"type":"Feature","geometry":{"type":"Point","coordinates":[25.614748,45.574064]},"properties":{"line":"17B","mode":"bus","color":"#0059a9","colorDark":"#00294f","band":3,"off":[0,1.1]}},{"type":"Feature","geometry":{"type":"Point","coordinates":[25.543282,45.683126]},"properties":{"name":"Fundăturii cap linie","band":3,"modes":"bus","arr":["18","28","TE13"],"off":[0,-0.8]}},{"type":"Feature","geometry":{"type":"Point","coordinates":[25.543282,45.683126]},"properties":{"line":"18","mode":"bus","color":"#0059a9","colorDark":"#00294f","band":3,"off":[-3.4,1.1]}},{"type":"Feature","geometry":{"type":"Point","coordinates":[25.543282,45.683126]},"properties":{"line":"28","mode":"bus","color":"#0059a9","colorDark":"#00294f","band":3,"off":[0,1.1]}},{"type":"Feature","geometry":{"type":"Point","coordinates":[25.543282,45.683126]},"properties":{"line":"TE13","mode":"bus","color":"#0059a9","colorDark":"#00294f","band":3,"off":[3.4,1.1]}},{"type":"Feature","geometry":{"type":"Point","coordinates":[25.578006,45.664553]},"properties":{"name":"Bariera Bartolomeu","band":3,"modes":"bus","arr":["18"],"off":[0,-0.8]}},{"type":"Feature","geometry":{"type":"Point","coordinates":[25.578006,45.664553]},"properties":{"line":"18","mode":"bus","color":"#0059a9","colorDark":"#00294f","band":3,"off":[0,1.1]}},{"type":"Feature","geometry":{"type":"Point","coordinates":[25.553259,45.594852]},"properties":{"name":"Poiana Brașov","band":3,"modes":"bus","arr":["20"],"off":[0,-0.8]}},{"type":"Feature","geometry":{"type":"Point","coordinates":[25.553259,45.594852]},"properties":{"line":"20","mode":"bus","color":"#0059a9","colorDark":"#00294f","band":3,"off":[0,1.1]}},{"type":"Feature","geometry":{"type":"Point","coordinates":[25.59629,45.660393]},"properties":{"name":"Plevnei","band":3,"modes":"bus","arr":["TE16"],"off":[0,-0.8]}},{"type":"Feature","geometry":{"type":"Point","coordinates":[25.59629,45.660393]},"properties":{"line":"TE16","mode":"bus","color":"#0059a9","colorDark":"#00294f","band":3,"off":[0,1.1]}},{"type":"Feature","geometry":{"type":"Point","coordinates":[25.596842,45.718992]},"properties":{"name":"Baciului","band":3,"modes":"bus","arr":["24"],"off":[0,-0.8]}},{"type":"Feature","geometry":{"type":"Point","coordinates":[25.596842,45.718992]},"properties":{"line":"24","mode":"bus","color":"#0059a9","colorDark":"#00294f","band":3,"off":[0,1.1]}},{"type":"Feature","geometry":{"type":"Point","coordinates":[25.562121,45.67362]},"properties":{"name":"Bartolomeu Nord","band":3,"modes":"bus","arr":["29","TE12"],"off":[0,-0.8]}},{"type":"Feature","geometry":{"type":"Point","coordinates":[25.562121,45.67362]},"properties":{"line":"29","mode":"bus","color":"#0059a9","colorDark":"#00294f","band":3,"off":[-1.7,1.1]}},{"type":"Feature","geometry":{"type":"Point","coordinates":[25.562121,45.67362]},"properties":{"line":"TE12","mode":"bus","color":"#0059a9","colorDark":"#00294f","band":3,"off":[1.7,1.1]}},{"type":"Feature","geometry":{"type":"Point","coordinates":[25.649432,45.666883]},"properties":{"name":"Timiș Triaj","band":3,"modes":"bus","arr":["34"],"off":[0,-0.8]}},{"type":"Feature","geometry":{"type":"Point","coordinates":[25.649432,45.666883]},"properties":{"line":"34","mode":"bus","color":"#0059a9","colorDark":"#00294f","band":3,"off":[0,1.1]}},{"type":"Feature","geometry":{"type":"Point","coordinates":[25.628913,45.649532]},"properties":{"name":"Gemenii","band":3,"modes":"bus","arr":["611"],"off":[0,-0.8]}},{"type":"Feature","geometry":{"type":"Point","coordinates":[25.628913,45.649532]},"properties":{"line":"611","mode":"bus","color":"#0059a9","colorDark":"#00294f","band":3,"off":[0,1.1]}},{"type":"Feature","geometry":{"type":"Point","coordinates":[25.704218,45.670838]},"properties":{"name":"Izvor Cap Linie","band":3,"modes":"bus","arr":["34B"],"off":[0,-0.8]}},{"type":"Feature","geometry":{"type":"Point","coordinates":[25.704218,45.670838]},"properties":{"line":"34B","mode":"bus","color":"#0059a9","colorDark":"#00294f","band":3,"off":[0,1.1]}},{"type":"Feature","geometry":{"type":"Point","coordinates":[25.595456,45.666536]},"properties":{"name":"Independenței","band":3,"modes":"bus","arr":["36"],"off":[0,-0.8]}},{"type":"Feature","geometry":{"type":"Point","coordinates":[25.595456,45.666536]},"properties":{"line":"36","mode":"bus","color":"#0059a9","colorDark":"#00294f","band":3,"off":[0,1.1]}},{"type":"Feature","geometry":{"type":"Point","coordinates":[25.633413,45.656919]},"properties":{"name":"Craiter","band":3,"modes":"bus","arr":["37"],"off":[0,-0.8]}},{"type":"Feature","geometry":{"type":"Point","coordinates":[25.633413,45.656919]},"properties":{"line":"37","mode":"bus","color":"#0059a9","colorDark":"#00294f","band":3,"off":[0,1.1]}},{"type":"Feature","geometry":{"type":"Point","coordinates":[25.553088,45.723876]},"properties":{"name":"Gazon","band":3,"modes":"bus","arr":["40","41"],"off":[0,-0.8]}},{"type":"Feature","geometry":{"type":"Point","coordinates":[25.553088,45.723876]},"properties":{"line":"40","mode":"bus","color":"#0059a9","colorDark":"#00294f","band":3,"off":[-1.7,1.1]}},{"type":"Feature","geometry":{"type":"Point","coordinates":[25.553088,45.723876]},"properties":{"line":"41","mode":"bus","color":"#0059a9","colorDark":"#00294f","band":3,"off":[1.7,1.1]}},{"type":"Feature","geometry":{"type":"Point","coordinates":[25.558481,45.697934]},"properties":{"name":"Stupini Centru","band":3,"modes":"bus","arr":["TE15"],"off":[0,-0.8]}},{"type":"Feature","geometry":{"type":"Point","coordinates":[25.558481,45.697934]},"properties":{"line":"TE15","mode":"bus","color":"#0059a9","colorDark":"#00294f","band":3,"off":[0,1.1]}},{"type":"Feature","geometry":{"type":"Point","coordinates":[25.586182,45.681751]},"properties":{"name":"Zona Industrială Griviței","band":3,"modes":"bus","arr":["42"],"off":[0,-0.8]}},{"type":"Feature","geometry":{"type":"Point","coordinates":[25.586182,45.681751]},"properties":{"line":"42","mode":"bus","color":"#0059a9","colorDark":"#00294f","band":3,"off":[0,1.1]}},{"type":"Feature","geometry":{"type":"Point","coordinates":[25.558645,45.620185]},"properties":{"name":"Solomon","band":3,"modes":"bus","arr":["50"],"off":[0,-0.8]}},{"type":"Feature","geometry":{"type":"Point","coordinates":[25.558645,45.620185]},"properties":{"line":"50","mode":"bus","color":"#0059a9","colorDark":"#00294f","band":3,"off":[0,1.1]}},{"type":"Feature","geometry":{"type":"Point","coordinates":[25.617866,45.66394]},"properties":{"name":"Facultate Construcții","band":3,"modes":"bus","arr":["53"],"off":[0,-0.8]}},{"type":"Feature","geometry":{"type":"Point","coordinates":[25.617866,45.66394]},"properties":{"line":"53","mode":"bus","color":"#0059a9","colorDark":"#00294f","band":3,"off":[0,1.1]}},{"type":"Feature","geometry":{"type":"Point","coordinates":[25.622507,45.627518]},"properties":{"name":"Panselelor","band":3,"modes":"bus","arr":["53"],"off":[0,-0.8]}},{"type":"Feature","geometry":{"type":"Point","coordinates":[25.622507,45.627518]},"properties":{"line":"53","mode":"bus","color":"#0059a9","colorDark":"#00294f","band":3,"off":[0,1.1]}},{"type":"Feature","geometry":{"type":"Point","coordinates":[25.641073,45.640602]},"properties":{"name":"Cimitir Micșunica","band":3,"modes":"bus","arr":["56"],"off":[0,-0.8]}},{"type":"Feature","geometry":{"type":"Point","coordinates":[25.641073,45.640602]},"properties":{"line":"56","mode":"bus","color":"#0059a9","colorDark":"#00294f","band":3,"off":[0,1.1]}},{"type":"Feature","geometry":{"type":"Point","coordinates":[25.471038,45.617219]},"properties":{"name":"Tineretului","band":3,"modes":"bus","arr":["110"],"off":[0,-0.8]}},{"type":"Feature","geometry":{"type":"Point","coordinates":[25.471038,45.617219]},"properties":{"line":"110","mode":"bus","color":"#0059a9","colorDark":"#00294f","band":3,"off":[0,1.1]}},{"type":"Feature","geometry":{"type":"Point","coordinates":[25.421402,45.63399]},"properties":{"name":"Primăria Vulcan","band":3,"modes":"bus","arr":["120"],"off":[0,-0.8]}},{"type":"Feature","geometry":{"type":"Point","coordinates":[25.421402,45.63399]},"properties":{"line":"120","mode":"bus","color":"#0059a9","colorDark":"#00294f","band":3,"off":[0,1.1]}},{"type":"Feature","geometry":{"type":"Point","coordinates":[25.457201,45.577382]},"properties":{"name":"Cap Linie Râșnov","band":3,"modes":"bus","arr":["130"],"off":[0,-0.8]}},{"type":"Feature","geometry":{"type":"Point","coordinates":[25.457201,45.577382]},"properties":{"line":"130","mode":"bus","color":"#0059a9","colorDark":"#00294f","band":3,"off":[0,1.1]}},{"type":"Feature","geometry":{"type":"Point","coordinates":[25.43744,45.58754]},"properties":{"name":"Romacril","band":3,"modes":"bus","arr":["131"],"off":[0,-0.8]}},{"type":"Feature","geometry":{"type":"Point","coordinates":[25.43744,45.58754]},"properties":{"line":"131","mode":"bus","color":"#0059a9","colorDark":"#00294f","band":3,"off":[0,1.1]}},{"type":"Feature","geometry":{"type":"Point","coordinates":[25.313638,45.559098]},"properties":{"name":"CEC Zărnești","band":3,"modes":"bus","arr":["140"],"off":[0,-0.8]}},{"type":"Feature","geometry":{"type":"Point","coordinates":[25.313638,45.559098]},"properties":{"line":"140","mode":"bus","color":"#0059a9","colorDark":"#00294f","band":3,"off":[0,1.1]}},{"type":"Feature","geometry":{"type":"Point","coordinates":[25.503645,45.654824]},"properties":{"name":"Ghimbav Cap Linie","band":3,"modes":"bus","arr":["210"],"off":[0,-0.8]}},{"type":"Feature","geometry":{"type":"Point","coordinates":[25.503645,45.654824]},"properties":{"line":"210","mode":"bus","color":"#0059a9","colorDark":"#00294f","band":3,"off":[0,1.1]}},{"type":"Feature","geometry":{"type":"Point","coordinates":[25.452726,45.706897]},"properties":{"name":"Codlea Nord","band":3,"modes":"bus","arr":["220"],"off":[0,-0.8]}},{"type":"Feature","geometry":{"type":"Point","coordinates":[25.452726,45.706897]},"properties":{"line":"220","mode":"bus","color":"#0059a9","colorDark":"#00294f","band":3,"off":[0,1.1]}},{"type":"Feature","geometry":{"type":"Point","coordinates":[25.51049,45.775973]},"properties":{"name":"Satu Nou cap linie","band":3,"modes":"bus","arr":["310"],"off":[0,-0.8]}},{"type":"Feature","geometry":{"type":"Point","coordinates":[25.51049,45.775973]},"properties":{"line":"310","mode":"bus","color":"#0059a9","colorDark":"#00294f","band":3,"off":[0,1.1]}},{"type":"Feature","geometry":{"type":"Point","coordinates":[25.557368,45.837389]},"properties":{"name":"Rotbav","band":3,"modes":"bus","arr":["320"],"off":[0,-0.8]}},{"type":"Feature","geometry":{"type":"Point","coordinates":[25.557368,45.837389]},"properties":{"line":"320","mode":"bus","color":"#0059a9","colorDark":"#00294f","band":3,"off":[0,1.1]}},{"type":"Feature","geometry":{"type":"Point","coordinates":[25.610733,45.700495]},"properties":{"name":"Subcetate","band":3,"modes":"bus","arr":["410"],"off":[0,-0.8]}},{"type":"Feature","geometry":{"type":"Point","coordinates":[25.610733,45.700495]},"properties":{"line":"410","mode":"bus","color":"#0059a9","colorDark":"#00294f","band":3,"off":[0,1.1]}},{"type":"Feature","geometry":{"type":"Point","coordinates":[25.639349,45.696232]},"properties":{"name":"Residence (capăt)","band":3,"modes":"bus","arr":["411"],"off":[0,-0.8]}},{"type":"Feature","geometry":{"type":"Point","coordinates":[25.639349,45.696232]},"properties":{"line":"411","mode":"bus","color":"#0059a9","colorDark":"#00294f","band":3,"off":[0,1.1]}},{"type":"Feature","geometry":{"type":"Point","coordinates":[25.647424,45.722389]},"properties":{"name":"Spital","band":3,"modes":"bus","arr":["412"],"off":[0,-0.8]}},{"type":"Feature","geometry":{"type":"Point","coordinates":[25.647424,45.722389]},"properties":{"line":"412","mode":"bus","color":"#0059a9","colorDark":"#00294f","band":3,"off":[0,1.1]}},{"type":"Feature","geometry":{"type":"Point","coordinates":[25.598051,45.755461]},"properties":{"name":"Bod Colonie","band":3,"modes":"bus","arr":["420"],"off":[0,-0.8]}},{"type":"Feature","geometry":{"type":"Point","coordinates":[25.598051,45.755461]},"properties":{"line":"420","mode":"bus","color":"#0059a9","colorDark":"#00294f","band":3,"off":[0,1.1]}},{"type":"Feature","geometry":{"type":"Point","coordinates":[25.733987,45.766691]},"properties":{"name":"Cap Linie Podu Oltului","band":3,"modes":"bus","arr":["511"],"off":[0,-0.8]}},{"type":"Feature","geometry":{"type":"Point","coordinates":[25.733987,45.766691]},"properties":{"line":"511","mode":"bus","color":"#0059a9","colorDark":"#00294f","band":3,"off":[0,1.1]}},{"type":"Feature","geometry":{"type":"Point","coordinates":[25.783488,45.759397]},"properties":{"name":"Lunca Câlnicului (Vizaviu)","band":3,"modes":"bus","arr":["520"],"off":[0,-0.8]}},{"type":"Feature","geometry":{"type":"Point","coordinates":[25.783488,45.759397]},"properties":{"line":"520","mode":"bus","color":"#0059a9","colorDark":"#00294f","band":3,"off":[0,1.1]}},{"type":"Feature","geometry":{"type":"Point","coordinates":[25.980834,45.578803]},"properties":{"name":"Vama de Sus","band":3,"modes":"bus","arr":["540","541"],"off":[0,-0.8]}},{"type":"Feature","geometry":{"type":"Point","coordinates":[25.980834,45.578803]},"properties":{"line":"540","mode":"bus","color":"#0059a9","colorDark":"#00294f","band":3,"off":[-1.7,1.1]}},{"type":"Feature","geometry":{"type":"Point","coordinates":[25.980834,45.578803]},"properties":{"line":"541","mode":"bus","color":"#0059a9","colorDark":"#00294f","band":3,"off":[1.7,1.1]}},{"type":"Feature","geometry":{"type":"Point","coordinates":[26.040765,45.563611]},"properties":{"name":"Buzăielul de Sus","band":3,"modes":"bus","arr":["541"],"off":[0,-0.8]}},{"type":"Feature","geometry":{"type":"Point","coordinates":[26.040765,45.563611]},"properties":{"line":"541","mode":"bus","color":"#0059a9","colorDark":"#00294f","band":3,"off":[0,1.1]}},{"type":"Feature","geometry":{"type":"Point","coordinates":[25.792129,45.64446]},"properties":{"name":"Cap Linie Purcăreni","band":3,"modes":"bus","arr":["610","612"],"off":[0,-0.8]}},{"type":"Feature","geometry":{"type":"Point","coordinates":[25.792129,45.64446]},"properties":{"line":"610","mode":"bus","color":"#0059a9","colorDark":"#00294f","band":3,"off":[-1.7,1.1]}},{"type":"Feature","geometry":{"type":"Point","coordinates":[25.792129,45.64446]},"properties":{"line":"612","mode":"bus","color":"#0059a9","colorDark":"#00294f","band":3,"off":[1.7,1.1]}},{"type":"Feature","geometry":{"type":"Point","coordinates":[25.758517,45.634084]},"properties":{"name":"Cap Linie Tărlungeni","band":3,"modes":"bus","arr":["611"],"off":[0,-0.8]}},{"type":"Feature","geometry":{"type":"Point","coordinates":[25.758517,45.634084]},"properties":{"line":"611","mode":"bus","color":"#0059a9","colorDark":"#00294f","band":3,"off":[0,1.1]}},{"type":"Feature","geometry":{"type":"Point","coordinates":[25.731681,45.608799]},"properties":{"name":"Garaje Săcele","band":3,"modes":"bus","arr":["710","TE2","TE14"],"off":[0,-0.8]}},{"type":"Feature","geometry":{"type":"Point","coordinates":[25.731681,45.608799]},"properties":{"line":"710","mode":"bus","color":"#0059a9","colorDark":"#00294f","band":3,"off":[-3.4,1.1]}},{"type":"Feature","geometry":{"type":"Point","coordinates":[25.731681,45.608799]},"properties":{"line":"TE2","mode":"bus","color":"#0059a9","colorDark":"#00294f","band":3,"off":[0,1.1]}},{"type":"Feature","geometry":{"type":"Point","coordinates":[25.731681,45.608799]},"properties":{"line":"TE14","mode":"bus","color":"#0059a9","colorDark":"#00294f","band":3,"off":[3.4,1.1]}},{"type":"Feature","geometry":{"type":"Point","coordinates":[25.739983,45.601452]},"properties":{"name":"Gârcini","band":3,"modes":"bus","arr":["711"],"off":[0,-0.8]}},{"type":"Feature","geometry":{"type":"Point","coordinates":[25.739983,45.601452]},"properties":{"line":"711","mode":"bus","color":"#0059a9","colorDark":"#00294f","band":3,"off":[0,1.1]}},{"type":"Feature","geometry":{"type":"Point","coordinates":[25.564441,45.463229]},"properties":{"name":"Cap Linie Predeal","band":3,"modes":"bus","arr":["810"],"off":[0,-0.8]}},{"type":"Feature","geometry":{"type":"Point","coordinates":[25.564441,45.463229]},"properties":{"line":"810","mode":"bus","color":"#0059a9","colorDark":"#00294f","band":3,"off":[0,1.1]}},{"type":"Feature","geometry":{"type":"Point","coordinates":[25.517484,45.69403]},"properties":{"name":"Aeroportul Brașov","band":3,"modes":"bus","arr":["A1"],"off":[0,-0.8]}},{"type":"Feature","geometry":{"type":"Point","coordinates":[25.517484,45.69403]},"properties":{"line":"A1","mode":"bus","color":"#0059a9","colorDark":"#00294f","band":3,"off":[0,1.1]}},{"type":"Feature","geometry":{"type":"Point","coordinates":[25.585488,45.639311]},"properties":{"name":"Șirul Beethoven","band":3,"modes":"bus","arr":["TE1","TE2","TE3","TE4","TE5","TE6","TE7","TE8","TE9","TE10","TE11","TE12","TE13"],"off":[0,-0.8]}},{"type":"Feature","geometry":{"type":"Point","coordinates":[25.585488,45.639311]},"properties":{"line":"TE1","mode":"bus","color":"#0059a9","colorDark":"#00294f","band":3,"off":[-6.8,1.1]}},{"type":"Feature","geometry":{"type":"Point","coordinates":[25.585488,45.639311]},"properties":{"line":"TE2","mode":"bus","color":"#0059a9","colorDark":"#00294f","band":3,"off":[-3.4,1.1]}},{"type":"Feature","geometry":{"type":"Point","coordinates":[25.585488,45.639311]},"properties":{"line":"TE3","mode":"bus","color":"#0059a9","colorDark":"#00294f","band":3,"off":[0,1.1]}},{"type":"Feature","geometry":{"type":"Point","coordinates":[25.585488,45.639311]},"properties":{"line":"TE4","mode":"bus","color":"#0059a9","colorDark":"#00294f","band":3,"off":[3.4,1.1]}},{"type":"Feature","geometry":{"type":"Point","coordinates":[25.585488,45.639311]},"properties":{"line":"TE5","mode":"bus","color":"#0059a9","colorDark":"#00294f","band":3,"off":[6.8,1.1]}},{"type":"Feature","geometry":{"type":"Point","coordinates":[25.585488,45.639311]},"properties":{"line":"TE6","mode":"bus","color":"#0059a9","colorDark":"#00294f","band":3,"off":[-6.8,3.1]}},{"type":"Feature","geometry":{"type":"Point","coordinates":[25.585488,45.639311]},"properties":{"line":"TE7","mode":"bus","color":"#0059a9","colorDark":"#00294f","band":3,"off":[-3.4,3.1]}},{"type":"Feature","geometry":{"type":"Point","coordinates":[25.585488,45.639311]},"properties":{"line":"TE8","mode":"bus","color":"#0059a9","colorDark":"#00294f","band":3,"off":[0,3.1]}},{"type":"Feature","geometry":{"type":"Point","coordinates":[25.585488,45.639311]},"properties":{"line":"TE9","mode":"bus","color":"#0059a9","colorDark":"#00294f","band":3,"off":[3.4,3.1]}},{"type":"Feature","geometry":{"type":"Point","coordinates":[25.585488,45.639311]},"properties":{"line":"TE10","mode":"bus","color":"#0059a9","colorDark":"#00294f","band":3,"off":[6.8,3.1]}},{"type":"Feature","geometry":{"type":"Point","coordinates":[25.585488,45.639311]},"properties":{"line":"TE11","mode":"bus","color":"#0059a9","colorDark":"#00294f","band":3,"off":[-3.4,5.1]}},{"type":"Feature","geometry":{"type":"Point","coordinates":[25.585488,45.639311]},"properties":{"line":"TE12","mode":"bus","color":"#0059a9","colorDark":"#00294f","band":3,"off":[0,5.1]}},{"type":"Feature","geometry":{"type":"Point","coordinates":[25.585488,45.639311]},"properties":{"line":"TE13","mode":"bus","color":"#0059a9","colorDark":"#00294f","band":3,"off":[3.4,5.1]}},{"type":"Feature","geometry":{"type":"Point","coordinates":[25.58857,45.645734]},"properties":{"name":"Livada Poștei","band":4,"modes":"bus","arr":["1","2","2B","6","14","16","17","20","24","28","31","34","34B","36","41","TE14","TE16"],"off":[0,-0.8]}},{"type":"Feature","geometry":{"type":"Point","coordinates":[25.58857,45.645734]},"properties":{"line":"1","mode":"bus","color":"#149a3f","colorDark":"#0a5121","band":4,"off":[-6.8,1.1]}},{"type":"Feature","geometry":{"type":"Point","coordinates":[25.58857,45.645734]},"properties":{"line":"2","mode":"bus","color":"#149a3f","colorDark":"#0a5121","band":4,"off":[-3.4,1.1]}},{"type":"Feature","geometry":{"type":"Point","coordinates":[25.58857,45.645734]},"properties":{"line":"2B","mode":"bus","color":"#0059a9","colorDark":"#00294f","band":4,"off":[0,1.1]}},{"type":"Feature","geometry":{"type":"Point","coordinates":[25.58857,45.645734]},"properties":{"line":"6","mode":"bus","color":"#149a3f","colorDark":"#0a5121","band":4,"off":[3.4,1.1]}},{"type":"Feature","geometry":{"type":"Point","coordinates":[25.58857,45.645734]},"properties":{"line":"14","mode":"bus","color":"#0059a9","colorDark":"#00294f","band":4,"off":[6.8,1.1]}},{"type":"Feature","geometry":{"type":"Point","coordinates":[25.58857,45.645734]},"properties":{"line":"16","mode":"bus","color":"#0059a9","colorDark":"#00294f","band":4,"off":[-6.8,3.1]}},{"type":"Feature","geometry":{"type":"Point","coordinates":[25.58857,45.645734]},"properties":{"line":"17","mode":"bus","color":"#0059a9","colorDark":"#00294f","band":4,"off":[-3.4,3.1]}},{"type":"Feature","geometry":{"type":"Point","coordinates":[25.58857,45.645734]},"properties":{"line":"20","mode":"bus","color":"#0059a9","colorDark":"#00294f","band":4,"off":[0,3.1]}},{"type":"Feature","geometry":{"type":"Point","coordinates":[25.58857,45.645734]},"properties":{"line":"24","mode":"bus","color":"#0059a9","colorDark":"#00294f","band":4,"off":[3.4,3.1]}},{"type":"Feature","geometry":{"type":"Point","coordinates":[25.58857,45.645734]},"properties":{"line":"28","mode":"bus","color":"#0059a9","colorDark":"#00294f","band":4,"off":[6.8,3.1]}},{"type":"Feature","geometry":{"type":"Point","coordinates":[25.58857,45.645734]},"properties":{"line":"31","mode":"bus","color":"#149a3f","colorDark":"#0a5121","band":4,"off":[-6.8,5.1]}},{"type":"Feature","geometry":{"type":"Point","coordinates":[25.58857,45.645734]},"properties":{"line":"34","mode":"bus","color":"#0059a9","colorDark":"#00294f","band":4,"off":[-3.4,5.1]}},{"type":"Feature","geometry":{"type":"Point","coordinates":[25.58857,45.645734]},"properties":{"line":"34B","mode":"bus","color":"#0059a9","colorDark":"#00294f","band":4,"off":[0,5.1]}},{"type":"Feature","geometry":{"type":"Point","coordinates":[25.58857,45.645734]},"properties":{"line":"36","mode":"bus","color":"#0059a9","colorDark":"#00294f","band":4,"off":[3.4,5.1]}},{"type":"Feature","geometry":{"type":"Point","coordinates":[25.58857,45.645734]},"properties":{"line":"41","mode":"bus","color":"#0059a9","colorDark":"#00294f","band":4,"off":[6.8,5.1]}},{"type":"Feature","geometry":{"type":"Point","coordinates":[25.58857,45.645734]},"properties":{"line":"TE14","mode":"bus","color":"#0059a9","colorDark":"#00294f","band":4,"off":[-1.7,7.1]}},{"type":"Feature","geometry":{"type":"Point","coordinates":[25.58857,45.645734]},"properties":{"line":"TE16","mode":"bus","color":"#0059a9","colorDark":"#00294f","band":4,"off":[1.7,7.1]}},{"type":"Feature","geometry":{"type":"Point","coordinates":[25.609675,45.651169]},"properties":{"name":"Hidro A","band":4,"modes":"bus","arr":["37","54"],"off":[0,-0.8]}},{"type":"Feature","geometry":{"type":"Point","coordinates":[25.609675,45.651169]},"properties":{"line":"37","mode":"bus","color":"#0059a9","colorDark":"#00294f","band":4,"off":[-1.7,1.1]}},{"type":"Feature","geometry":{"type":"Point","coordinates":[25.609675,45.651169]},"properties":{"line":"54","mode":"bus","color":"#0059a9","colorDark":"#00294f","band":4,"off":[1.7,1.1]}},{"type":"Feature","geometry":{"type":"Point","coordinates":[25.647414,45.675543]},"properties":{"name":"Triaj","band":4,"modes":"bus","arr":["1","10","15","21","23B","54","TE5","TE6"],"off":[0,-0.8]}},{"type":"Feature","geometry":{"type":"Point","coordinates":[25.647414,45.675543]},"properties":{"line":"1","mode":"bus","color":"#149a3f","colorDark":"#0a5121","band":4,"off":[-6.8,1.1]}},{"type":"Feature","geometry":{"type":"Point","coordinates":[25.647414,45.675543]},"properties":{"line":"10","mode":"bus","color":"#149a3f","colorDark":"#0a5121","band":4,"off":[-3.4,1.1]}},{"type":"Feature","geometry":{"type":"Point","coordinates":[25.647414,45.675543]},"properties":{"line":"15","mode":"bus","color":"#0059a9","colorDark":"#00294f","band":4,"off":[0,1.1]}},{"type":"Feature","geometry":{"type":"Point","coordinates":[25.647414,45.675543]},"properties":{"line":"21","mode":"bus","color":"#0059a9","colorDark":"#00294f","band":4,"off":[3.4,1.1]}},{"type":"Feature","geometry":{"type":"Point","coordinates":[25.647414,45.675543]},"properties":{"line":"23B","mode":"bus","color":"#0059a9","colorDark":"#00294f","band":4,"off":[6.8,1.1]}},{"type":"Feature","geometry":{"type":"Point","coordinates":[25.647414,45.675543]},"properties":{"line":"54","mode":"bus","color":"#0059a9","colorDark":"#00294f","band":4,"off":[-3.4,3.1]}},{"type":"Feature","geometry":{"type":"Point","coordinates":[25.647414,45.675543]},"properties":{"line":"TE5","mode":"bus","color":"#0059a9","colorDark":"#00294f","band":4,"off":[0,3.1]}},{"type":"Feature","geometry":{"type":"Point","coordinates":[25.647414,45.675543]},"properties":{"line":"TE6","mode":"bus","color":"#0059a9","colorDark":"#00294f","band":4,"off":[3.4,3.1]}},{"type":"Feature","geometry":{"type":"Point","coordinates":[25.608243,45.650986]},"properties":{"name":"Camera de Comerț","band":4,"modes":"bus","arr":["50"],"off":[0,-0.8]}},{"type":"Feature","geometry":{"type":"Point","coordinates":[25.608243,45.650986]},"properties":{"line":"50","mode":"bus","color":"#0059a9","colorDark":"#00294f","band":4,"off":[0,1.1]}},{"type":"Feature","geometry":{"type":"Point","coordinates":[25.614877,45.682079]},"properties":{"name":"Rulmentul","band":4,"modes":"bus","arr":["2","2B","7","8","9","410","411","412","420","TE7","TE7S","TE8","TE9"],"off":[0,-0.8]}},{"type":"Feature","geometry":{"type":"Point","coordinates":[25.614877,45.682079]},"properties":{"line":"2","mode":"bus","color":"#149a3f","colorDark":"#0a5121","band":4,"off":[-6.8,1.1]}},{"type":"Feature","geometry":{"type":"Point","coordinates":[25.614877,45.682079]},"properties":{"line":"2B","mode":"bus","color":"#0059a9","colorDark":"#00294f","band":4,"off":[-3.4,1.1]}},{"type":"Feature","geometry":{"type":"Point","coordinates":[25.614877,45.682079]},"properties":{"line":"7","mode":"bus","color":"#149a3f","colorDark":"#0a5121","band":4,"off":[0,1.1]}},{"type":"Feature","geometry":{"type":"Point","coordinates":[25.614877,45.682079]},"properties":{"line":"8","mode":"bus","color":"#149a3f","colorDark":"#0a5121","band":4,"off":[3.4,1.1]}},{"type":"Feature","geometry":{"type":"Point","coordinates":[25.614877,45.682079]},"properties":{"line":"9","mode":"bus","color":"#0059a9","colorDark":"#00294f","band":4,"off":[6.8,1.1]}},{"type":"Feature","geometry":{"type":"Point","coordinates":[25.614877,45.682079]},"properties":{"line":"410","mode":"bus","color":"#0059a9","colorDark":"#00294f","band":4,"off":[-6.8,3.1]}},{"type":"Feature","geometry":{"type":"Point","coordinates":[25.614877,45.682079]},"properties":{"line":"411","mode":"bus","color":"#0059a9","colorDark":"#00294f","band":4,"off":[-3.4,3.1]}},{"type":"Feature","geometry":{"type":"Point","coordinates":[25.614877,45.682079]},"properties":{"line":"412","mode":"bus","color":"#0059a9","colorDark":"#00294f","band":4,"off":[0,3.1]}},{"type":"Feature","geometry":{"type":"Point","coordinates":[25.614877,45.682079]},"properties":{"line":"420","mode":"bus","color":"#0059a9","colorDark":"#00294f","band":4,"off":[3.4,3.1]}},{"type":"Feature","geometry":{"type":"Point","coordinates":[25.614877,45.682079]},"properties":{"line":"TE7","mode":"bus","color":"#0059a9","colorDark":"#00294f","band":4,"off":[6.8,3.1]}},{"type":"Feature","geometry":{"type":"Point","coordinates":[25.614877,45.682079]},"properties":{"line":"TE7S","mode":"bus","color":"#0059a9","colorDark":"#00294f","band":4,"off":[-3.4,5.1]}},{"type":"Feature","geometry":{"type":"Point","coordinates":[25.614877,45.682079]},"properties":{"line":"TE8","mode":"bus","color":"#0059a9","colorDark":"#00294f","band":4,"off":[0,5.1]}},{"type":"Feature","geometry":{"type":"Point","coordinates":[25.614877,45.682079]},"properties":{"line":"TE9","mode":"bus","color":"#0059a9","colorDark":"#00294f","band":4,"off":[3.4,5.1]}},{"type":"Feature","geometry":{"type":"Point","coordinates":[25.583929,45.664859]},"properties":{"name":"Stadionul Tineretului","band":4,"modes":"bus","arr":["3","22"],"off":[0,-0.8]}},{"type":"Feature","geometry":{"type":"Point","coordinates":[25.583929,45.664859]},"properties":{"line":"3","mode":"bus","color":"#149a3f","colorDark":"#0a5121","band":4,"off":[-1.7,1.1]}},{"type":"Feature","geometry":{"type":"Point","coordinates":[25.583929,45.664859]},"properties":{"line":"22","mode":"bus","color":"#0059a9","colorDark":"#00294f","band":4,"off":[1.7,1.1]}},{"type":"Feature","geometry":{"type":"Point","coordinates":[25.60126,45.630546]},"properties":{"name":"Valea Cetății","band":4,"modes":"bus","arr":["3","10","31","32","33","TE3"],"off":[0,-0.8]}},{"type":"Feature","geometry":{"type":"Point","coordinates":[25.60126,45.630546]},"properties":{"line":"3","mode":"bus","color":"#149a3f","colorDark":"#0a5121","band":4,"off":[-6.8,1.1]}},{"type":"Feature","geometry":{"type":"Point","coordinates":[25.60126,45.630546]},"properties":{"line":"10","mode":"bus","color":"#149a3f","colorDark":"#0a5121","band":4,"off":[-3.4,1.1]}},{"type":"Feature","geometry":{"type":"Point","coordinates":[25.60126,45.630546]},"properties":{"line":"31","mode":"bus","color":"#149a3f","colorDark":"#0a5121","band":4,"off":[0,1.1]}},{"type":"Feature","geometry":{"type":"Point","coordinates":[25.60126,45.630546]},"properties":{"line":"32","mode":"bus","color":"#0059a9","colorDark":"#00294f","band":4,"off":[3.4,1.1]}},{"type":"Feature","geometry":{"type":"Point","coordinates":[25.60126,45.630546]},"properties":{"line":"33","mode":"bus","color":"#149a3f","colorDark":"#0a5121","band":4,"off":[6.8,1.1]}},{"type":"Feature","geometry":{"type":"Point","coordinates":[25.60126,45.630546]},"properties":{"line":"TE3","mode":"bus","color":"#0059a9","colorDark":"#00294f","band":4,"off":[0,3.1]}},{"type":"Feature","geometry":{"type":"Point","coordinates":[25.576586,45.633062]},"properties":{"name":"Tocile","band":4,"modes":"bus","arr":["4","52"],"off":[0,-0.8]}},{"type":"Feature","geometry":{"type":"Point","coordinates":[25.576586,45.633062]},"properties":{"line":"4","mode":"bus","color":"#0059a9","colorDark":"#00294f","band":4,"off":[-1.7,1.1]}},{"type":"Feature","geometry":{"type":"Point","coordinates":[25.576586,45.633062]},"properties":{"line":"52","mode":"bus","color":"#0059a9","colorDark":"#00294f","band":4,"off":[1.7,1.1]}},{"type":"Feature","geometry":{"type":"Point","coordinates":[25.612332,45.660917]},"properties":{"name":"Terminal Gară","band":4,"modes":"bus","arr":["4","17B","29","35","40","42","310","320","511","520","540","A1"],"off":[0,-0.8]}},{"type":"Feature","geometry":{"type":"Point","coordinates":[25.612332,45.660917]},"properties":{"line":"4","mode":"bus","color":"#0059a9","colorDark":"#00294f","band":4,"off":[-6.8,1.1]}},{"type":"Feature","geometry":{"type":"Point","coordinates":[25.612332,45.660917]},"properties":{"line":"17B","mode":"bus","color":"#0059a9","colorDark":"#00294f","band":4,"off":[-3.4,1.1]}},{"type":"Feature","geometry":{"type":"Point","coordinates":[25.612332,45.660917]},"properties":{"line":"29","mode":"bus","color":"#0059a9","colorDark":"#00294f","band":4,"off":[0,1.1]}},{"type":"Feature","geometry":{"type":"Point","coordinates":[25.612332,45.660917]},"properties":{"line":"35","mode":"bus","color":"#0059a9","colorDark":"#00294f","band":4,"off":[3.4,1.1]}},{"type":"Feature","geometry":{"type":"Point","coordinates":[25.612332,45.660917]},"properties":{"line":"40","mode":"bus","color":"#0059a9","colorDark":"#00294f","band":4,"off":[6.8,1.1]}},{"type":"Feature","geometry":{"type":"Point","coordinates":[25.612332,45.660917]},"properties":{"line":"42","mode":"bus","color":"#0059a9","colorDark":"#00294f","band":4,"off":[-6.8,3.1]}},{"type":"Feature","geometry":{"type":"Point","coordinates":[25.612332,45.660917]},"properties":{"line":"310","mode":"bus","color":"#0059a9","colorDark":"#00294f","band":4,"off":[-3.4,3.1]}},{"type":"Feature","geometry":{"type":"Point","coordinates":[25.612332,45.660917]},"properties":{"line":"320","mode":"bus","color":"#0059a9","colorDark":"#00294f","band":4,"off":[0,3.1]}},{"type":"Feature","geometry":{"type":"Point","coordinates":[25.612332,45.660917]},"properties":{"line":"511","mode":"bus","color":"#0059a9","colorDark":"#00294f","band":4,"off":[3.4,3.1]}},{"type":"Feature","geometry":{"type":"Point","coordinates":[25.612332,45.660917]},"properties":{"line":"520","mode":"bus","color":"#0059a9","colorDark":"#00294f","band":4,"off":[6.8,3.1]}},{"type":"Feature","geometry":{"type":"Point","coordinates":[25.612332,45.660917]},"properties":{"line":"540","mode":"bus","color":"#0059a9","colorDark":"#00294f","band":4,"off":[-1.7,5.1]}},{"type":"Feature","geometry":{"type":"Point","coordinates":[25.612332,45.660917]},"properties":{"line":"A1","mode":"bus","color":"#0059a9","colorDark":"#00294f","band":4,"off":[1.7,5.1]}},{"type":"Feature","geometry":{"type":"Point","coordinates":[25.569942,45.659865]},"properties":{"name":"Stadionul Municipal","band":4,"modes":"bus","arr":["5","5M","9","23B","110","120","130","131","140","210","220","TE10"],"off":[0,-0.8]}},{"type":"Feature","geometry":{"type":"Point","coordinates":[25.569942,45.659865]},"properties":{"line":"5","mode":"bus","color":"#0059a9","colorDark":"#00294f","band":4,"off":[-6.8,1.1]}},{"type":"Feature","geometry":{"type":"Point","coordinates":[25.569942,45.659865]},"properties":{"line":"5M","mode":"bus","color":"#0059a9","colorDark":"#00294f","band":4,"off":[-3.4,1.1]}},{"type":"Feature","geometry":{"type":"Point","coordinates":[25.569942,45.659865]},"properties":{"line":"9","mode":"bus","color":"#0059a9","colorDark":"#00294f","band":4,"off":[0,1.1]}},{"type":"Feature","geometry":{"type":"Point","coordinates":[25.569942,45.659865]},"properties":{"line":"23B","mode":"bus","color":"#0059a9","colorDark":"#00294f","band":4,"off":[3.4,1.1]}},{"type":"Feature","geometry":{"type":"Point","coordinates":[25.569942,45.659865]},"properties":{"line":"110","mode":"bus","color":"#0059a9","colorDark":"#00294f","band":4,"off":[6.8,1.1]}},{"type":"Feature","geometry":{"type":"Point","coordinates":[25.569942,45.659865]},"properties":{"line":"120","mode":"bus","color":"#0059a9","colorDark":"#00294f","band":4,"off":[-6.8,3.1]}},{"type":"Feature","geometry":{"type":"Point","coordinates":[25.569942,45.659865]},"properties":{"line":"130","mode":"bus","color":"#0059a9","colorDark":"#00294f","band":4,"off":[-3.4,3.1]}},{"type":"Feature","geometry":{"type":"Point","coordinates":[25.569942,45.659865]},"properties":{"line":"131","mode":"bus","color":"#0059a9","colorDark":"#00294f","band":4,"off":[0,3.1]}},{"type":"Feature","geometry":{"type":"Point","coordinates":[25.569942,45.659865]},"properties":{"line":"140","mode":"bus","color":"#0059a9","colorDark":"#00294f","band":4,"off":[3.4,3.1]}},{"type":"Feature","geometry":{"type":"Point","coordinates":[25.569942,45.659865]},"properties":{"line":"210","mode":"bus","color":"#0059a9","colorDark":"#00294f","band":4,"off":[6.8,3.1]}},{"type":"Feature","geometry":{"type":"Point","coordinates":[25.569942,45.659865]},"properties":{"line":"220","mode":"bus","color":"#0059a9","colorDark":"#00294f","band":4,"off":[-1.7,5.1]}},{"type":"Feature","geometry":{"type":"Point","coordinates":[25.569942,45.659865]},"properties":{"line":"TE10","mode":"bus","color":"#0059a9","colorDark":"#00294f","band":4,"off":[1.7,5.1]}},{"type":"Feature","geometry":{"type":"Point","coordinates":[25.632327,45.632811]},"properties":{"name":"Roman","band":4,"modes":"bus","arr":["5","7","25","33","52","56","610","612","710","711","810"],"off":[0,-0.8]}},{"type":"Feature","geometry":{"type":"Point","coordinates":[25.632327,45.632811]},"properties":{"line":"5","mode":"bus","color":"#0059a9","colorDark":"#00294f","band":4,"off":[-6.8,1.1]}},{"type":"Feature","geometry":{"type":"Point","coordinates":[25.632327,45.632811]},"properties":{"line":"7","mode":"bus","color":"#149a3f","colorDark":"#0a5121","band":4,"off":[-3.4,1.1]}},{"type":"Feature","geometry":{"type":"Point","coordinates":[25.632327,45.632811]},"properties":{"line":"25","mode":"bus","color":"#0059a9","colorDark":"#00294f","band":4,"off":[0,1.1]}},{"type":"Feature","geometry":{"type":"Point","coordinates":[25.632327,45.632811]},"properties":{"line":"33","mode":"bus","color":"#149a3f","colorDark":"#0a5121","band":4,"off":[3.4,1.1]}},{"type":"Feature","geometry":{"type":"Point","coordinates":[25.632327,45.632811]},"properties":{"line":"52","mode":"bus","color":"#0059a9","colorDark":"#00294f","band":4,"off":[6.8,1.1]}},{"type":"Feature","geometry":{"type":"Point","coordinates":[25.632327,45.632811]},"properties":{"line":"56","mode":"bus","color":"#0059a9","colorDark":"#00294f","band":4,"off":[-6.8,3.1]}},{"type":"Feature","geometry":{"type":"Point","coordinates":[25.632327,45.632811]},"properties":{"line":"610","mode":"bus","color":"#0059a9","colorDark":"#00294f","band":4,"off":[-3.4,3.1]}},{"type":"Feature","geometry":{"type":"Point","coordinates":[25.632327,45.632811]},"properties":{"line":"612","mode":"bus","color":"#0059a9","colorDark":"#00294f","band":4,"off":[0,3.1]}},{"type":"Feature","geometry":{"type":"Point","coordinates":[25.632327,45.632811]},"properties":{"line":"710","mode":"bus","color":"#0059a9","colorDark":"#00294f","band":4,"off":[3.4,3.1]}},{"type":"Feature","geometry":{"type":"Point","coordinates":[25.632327,45.632811]},"properties":{"line":"711","mode":"bus","color":"#0059a9","colorDark":"#00294f","band":4,"off":[6.8,3.1]}},{"type":"Feature","geometry":{"type":"Point","coordinates":[25.632327,45.632811]},"properties":{"line":"810","mode":"bus","color":"#0059a9","colorDark":"#00294f","band":4,"off":[0,5.1]}},{"type":"Feature","geometry":{"type":"Point","coordinates":[25.523665,45.635931]},"properties":{"name":"Măgurele","band":4,"modes":"bus","arr":["5M"],"off":[0,-0.8]}},{"type":"Feature","geometry":{"type":"Point","coordinates":[25.523665,45.635931]},"properties":{"line":"5M","mode":"bus","color":"#0059a9","colorDark":"#00294f","band":4,"off":[0,1.1]}},{"type":"Feature","geometry":{"type":"Point","coordinates":[25.556517,45.656323]},"properties":{"name":"Depozite ILF","band":4,"modes":"bus","arr":["16","23"],"off":[0,-0.8]}},{"type":"Feature","geometry":{"type":"Point","coordinates":[25.556517,45.656323]},"properties":{"line":"16","mode":"bus","color":"#0059a9","colorDark":"#00294f","band":4,"off":[-1.7,1.1]}},{"type":"Feature","geometry":{"type":"Point","coordinates":[25.556517,45.656323]},"properties":{"line":"23","mode":"bus","color":"#0059a9","colorDark":"#00294f","band":4,"off":[1.7,1.1]}},{"type":"Feature","geometry":{"type":"Point","coordinates":[25.635828,45.634677]},"properties":{"name":"Saturn","band":4,"modes":"bus","arr":["6","8","22","23"],"off":[0,-0.8]}},{"type":"Feature","geometry":{"type":"Point","coordinates":[25.635828,45.634677]},"properties":{"line":"6","mode":"bus","color":"#149a3f","colorDark":"#0a5121","band":4,"off":[-5.1,1.1]}},{"type":"Feature","geometry":{"type":"Point","coordinates":[25.635828,45.634677]},"properties":{"line":"8","mode":"bus","color":"#149a3f","colorDark":"#0a5121","band":4,"off":[-1.7,1.1]}},{"type":"Feature","geometry":{"type":"Point","coordinates":[25.635828,45.634677]},"properties":{"line":"22","mode":"bus","color":"#0059a9","colorDark":"#00294f","band":4,"off":[1.7,1.1]}},{"type":"Feature","geometry":{"type":"Point","coordinates":[25.635828,45.634677]},"properties":{"line":"23","mode":"bus","color":"#0059a9","colorDark":"#00294f","band":4,"off":[5.1,1.1]}},{"type":"Feature","geometry":{"type":"Point","coordinates":[25.552687,45.645527]},"properties":{"name":"Fabrica de Var","band":4,"modes":"bus","arr":["14"],"off":[0,-0.8]}},{"type":"Feature","geometry":{"type":"Point","coordinates":[25.552687,45.645527]},"properties":{"line":"14","mode":"bus","color":"#0059a9","colorDark":"#00294f","band":4,"off":[0,1.1]}},{"type":"Feature","geometry":{"type":"Point","coordinates":[25.556464,45.665277]},"properties":{"name":"Avantgarden","band":4,"modes":"bus","arr":["15","25","TE15"],"off":[0,-0.8]}},{"type":"Feature","geometry":{"type":"Point","coordinates":[25.556464,45.665277]},"properties":{"line":"15","mode":"bus","color":"#0059a9","colorDark":"#00294f","band":4,"off":[-3.4,1.1]}},{"type":"Feature","geometry":{"type":"Point","coordinates":[25.556464,45.665277]},"properties":{"line":"25","mode":"bus","color":"#0059a9","colorDark":"#00294f","band":4,"off":[0,1.1]}},{"type":"Feature","geometry":{"type":"Point","coordinates":[25.556464,45.665277]},"properties":{"line":"TE15","mode":"bus","color":"#0059a9","colorDark":"#00294f","band":4,"off":[3.4,1.1]}},{"type":"Feature","geometry":{"type":"Point","coordinates":[25.61524,45.670887]},"properties":{"name":"13 Decembrie","band":4,"modes":"bus","arr":["32"],"off":[0,-0.8]}},{"type":"Feature","geometry":{"type":"Point","coordinates":[25.61524,45.670887]},"properties":{"line":"32","mode":"bus","color":"#0059a9","colorDark":"#00294f","band":4,"off":[0,1.1]}},{"type":"Feature","geometry":{"type":"Point","coordinates":[25.560251,45.665839]},"properties":{"name":"Pelicanului","band":4,"modes":"bus","arr":["TE11"],"off":[0,-0.8]}},{"type":"Feature","geometry":{"type":"Point","coordinates":[25.560251,45.665839]},"properties":{"line":"TE11","mode":"bus","color":"#0059a9","colorDark":"#00294f","band":4,"off":[0,1.1]}},{"type":"Feature","geometry":{"type":"Point","coordinates":[25.634032,45.620292]},"properties":{"name":"Noua","band":4,"modes":"bus","arr":["17","21","35","TE1","TE4"],"off":[0,-0.8]}},{"type":"Feature","geometry":{"type":"Point","coordinates":[25.634032,45.620292]},"properties":{"line":"17","mode":"bus","color":"#0059a9","colorDark":"#00294f","band":4,"off":[-6.8,1.1]}},{"type":"Feature","geometry":{"type":"Point","coordinates":[25.634032,45.620292]},"properties":{"line":"21","mode":"bus","color":"#0059a9","colorDark":"#00294f","band":4,"off":[-3.4,1.1]}},{"type":"Feature","geometry":{"type":"Point","coordinates":[25.634032,45.620292]},"properties":{"line":"35","mode":"bus","color":"#0059a9","colorDark":"#00294f","band":4,"off":[0,1.1]}},{"type":"Feature","geometry":{"type":"Point","coordinates":[25.634032,45.620292]},"properties":{"line":"TE1","mode":"bus","color":"#0059a9","colorDark":"#00294f","band":4,"off":[3.4,1.1]}},{"type":"Feature","geometry":{"type":"Point","coordinates":[25.634032,45.620292]},"properties":{"line":"TE4","mode":"bus","color":"#0059a9","colorDark":"#00294f","band":4,"off":[6.8,1.1]}},{"type":"Feature","geometry":{"type":"Point","coordinates":[25.614748,45.574064]},"properties":{"name":"Benzinăria Petrom","band":4,"modes":"bus","arr":["17B"],"off":[0,-0.8]}},{"type":"Feature","geometry":{"type":"Point","coordinates":[25.614748,45.574064]},"properties":{"line":"17B","mode":"bus","color":"#0059a9","colorDark":"#00294f","band":4,"off":[0,1.1]}},{"type":"Feature","geometry":{"type":"Point","coordinates":[25.543282,45.683126]},"properties":{"name":"Fundăturii cap linie","band":4,"modes":"bus","arr":["18","28","TE13"],"off":[0,-0.8]}},{"type":"Feature","geometry":{"type":"Point","coordinates":[25.543282,45.683126]},"properties":{"line":"18","mode":"bus","color":"#0059a9","colorDark":"#00294f","band":4,"off":[-3.4,1.1]}},{"type":"Feature","geometry":{"type":"Point","coordinates":[25.543282,45.683126]},"properties":{"line":"28","mode":"bus","color":"#0059a9","colorDark":"#00294f","band":4,"off":[0,1.1]}},{"type":"Feature","geometry":{"type":"Point","coordinates":[25.543282,45.683126]},"properties":{"line":"TE13","mode":"bus","color":"#0059a9","colorDark":"#00294f","band":4,"off":[3.4,1.1]}},{"type":"Feature","geometry":{"type":"Point","coordinates":[25.578006,45.664553]},"properties":{"name":"Bariera Bartolomeu","band":4,"modes":"bus","arr":["18"],"off":[0,-0.8]}},{"type":"Feature","geometry":{"type":"Point","coordinates":[25.578006,45.664553]},"properties":{"line":"18","mode":"bus","color":"#0059a9","colorDark":"#00294f","band":4,"off":[0,1.1]}},{"type":"Feature","geometry":{"type":"Point","coordinates":[25.553259,45.594852]},"properties":{"name":"Poiana Brașov","band":4,"modes":"bus","arr":["20"],"off":[0,-0.8]}},{"type":"Feature","geometry":{"type":"Point","coordinates":[25.553259,45.594852]},"properties":{"line":"20","mode":"bus","color":"#0059a9","colorDark":"#00294f","band":4,"off":[0,1.1]}},{"type":"Feature","geometry":{"type":"Point","coordinates":[25.59629,45.660393]},"properties":{"name":"Plevnei","band":4,"modes":"bus","arr":["TE16"],"off":[0,-0.8]}},{"type":"Feature","geometry":{"type":"Point","coordinates":[25.59629,45.660393]},"properties":{"line":"TE16","mode":"bus","color":"#0059a9","colorDark":"#00294f","band":4,"off":[0,1.1]}},{"type":"Feature","geometry":{"type":"Point","coordinates":[25.596842,45.718992]},"properties":{"name":"Baciului","band":4,"modes":"bus","arr":["24"],"off":[0,-0.8]}},{"type":"Feature","geometry":{"type":"Point","coordinates":[25.596842,45.718992]},"properties":{"line":"24","mode":"bus","color":"#0059a9","colorDark":"#00294f","band":4,"off":[0,1.1]}},{"type":"Feature","geometry":{"type":"Point","coordinates":[25.562121,45.67362]},"properties":{"name":"Bartolomeu Nord","band":4,"modes":"bus","arr":["29","TE12"],"off":[0,-0.8]}},{"type":"Feature","geometry":{"type":"Point","coordinates":[25.562121,45.67362]},"properties":{"line":"29","mode":"bus","color":"#0059a9","colorDark":"#00294f","band":4,"off":[-1.7,1.1]}},{"type":"Feature","geometry":{"type":"Point","coordinates":[25.562121,45.67362]},"properties":{"line":"TE12","mode":"bus","color":"#0059a9","colorDark":"#00294f","band":4,"off":[1.7,1.1]}},{"type":"Feature","geometry":{"type":"Point","coordinates":[25.649432,45.666883]},"properties":{"name":"Timiș Triaj","band":4,"modes":"bus","arr":["34"],"off":[0,-0.8]}},{"type":"Feature","geometry":{"type":"Point","coordinates":[25.649432,45.666883]},"properties":{"line":"34","mode":"bus","color":"#0059a9","colorDark":"#00294f","band":4,"off":[0,1.1]}},{"type":"Feature","geometry":{"type":"Point","coordinates":[25.628913,45.649532]},"properties":{"name":"Gemenii","band":4,"modes":"bus","arr":["611"],"off":[0,-0.8]}},{"type":"Feature","geometry":{"type":"Point","coordinates":[25.628913,45.649532]},"properties":{"line":"611","mode":"bus","color":"#0059a9","colorDark":"#00294f","band":4,"off":[0,1.1]}},{"type":"Feature","geometry":{"type":"Point","coordinates":[25.704218,45.670838]},"properties":{"name":"Izvor Cap Linie","band":4,"modes":"bus","arr":["34B"],"off":[0,-0.8]}},{"type":"Feature","geometry":{"type":"Point","coordinates":[25.704218,45.670838]},"properties":{"line":"34B","mode":"bus","color":"#0059a9","colorDark":"#00294f","band":4,"off":[0,1.1]}},{"type":"Feature","geometry":{"type":"Point","coordinates":[25.595456,45.666536]},"properties":{"name":"Independenței","band":4,"modes":"bus","arr":["36"],"off":[0,-0.8]}},{"type":"Feature","geometry":{"type":"Point","coordinates":[25.595456,45.666536]},"properties":{"line":"36","mode":"bus","color":"#0059a9","colorDark":"#00294f","band":4,"off":[0,1.1]}},{"type":"Feature","geometry":{"type":"Point","coordinates":[25.633413,45.656919]},"properties":{"name":"Craiter","band":4,"modes":"bus","arr":["37"],"off":[0,-0.8]}},{"type":"Feature","geometry":{"type":"Point","coordinates":[25.633413,45.656919]},"properties":{"line":"37","mode":"bus","color":"#0059a9","colorDark":"#00294f","band":4,"off":[0,1.1]}},{"type":"Feature","geometry":{"type":"Point","coordinates":[25.553088,45.723876]},"properties":{"name":"Gazon","band":4,"modes":"bus","arr":["40","41"],"off":[0,-0.8]}},{"type":"Feature","geometry":{"type":"Point","coordinates":[25.553088,45.723876]},"properties":{"line":"40","mode":"bus","color":"#0059a9","colorDark":"#00294f","band":4,"off":[-1.7,1.1]}},{"type":"Feature","geometry":{"type":"Point","coordinates":[25.553088,45.723876]},"properties":{"line":"41","mode":"bus","color":"#0059a9","colorDark":"#00294f","band":4,"off":[1.7,1.1]}},{"type":"Feature","geometry":{"type":"Point","coordinates":[25.558481,45.697934]},"properties":{"name":"Stupini Centru","band":4,"modes":"bus","arr":["TE15"],"off":[0,-0.8]}},{"type":"Feature","geometry":{"type":"Point","coordinates":[25.558481,45.697934]},"properties":{"line":"TE15","mode":"bus","color":"#0059a9","colorDark":"#00294f","band":4,"off":[0,1.1]}},{"type":"Feature","geometry":{"type":"Point","coordinates":[25.586182,45.681751]},"properties":{"name":"Zona Industrială Griviței","band":4,"modes":"bus","arr":["42"],"off":[0,-0.8]}},{"type":"Feature","geometry":{"type":"Point","coordinates":[25.586182,45.681751]},"properties":{"line":"42","mode":"bus","color":"#0059a9","colorDark":"#00294f","band":4,"off":[0,1.1]}},{"type":"Feature","geometry":{"type":"Point","coordinates":[25.558645,45.620185]},"properties":{"name":"Solomon","band":4,"modes":"bus","arr":["50"],"off":[0,-0.8]}},{"type":"Feature","geometry":{"type":"Point","coordinates":[25.558645,45.620185]},"properties":{"line":"50","mode":"bus","color":"#0059a9","colorDark":"#00294f","band":4,"off":[0,1.1]}},{"type":"Feature","geometry":{"type":"Point","coordinates":[25.617866,45.66394]},"properties":{"name":"Facultate Construcții","band":4,"modes":"bus","arr":["53"],"off":[0,-0.8]}},{"type":"Feature","geometry":{"type":"Point","coordinates":[25.617866,45.66394]},"properties":{"line":"53","mode":"bus","color":"#0059a9","colorDark":"#00294f","band":4,"off":[0,1.1]}},{"type":"Feature","geometry":{"type":"Point","coordinates":[25.622507,45.627518]},"properties":{"name":"Panselelor","band":4,"modes":"bus","arr":["53"],"off":[0,-0.8]}},{"type":"Feature","geometry":{"type":"Point","coordinates":[25.622507,45.627518]},"properties":{"line":"53","mode":"bus","color":"#0059a9","colorDark":"#00294f","band":4,"off":[0,1.1]}},{"type":"Feature","geometry":{"type":"Point","coordinates":[25.641073,45.640602]},"properties":{"name":"Cimitir Micșunica","band":4,"modes":"bus","arr":["56"],"off":[0,-0.8]}},{"type":"Feature","geometry":{"type":"Point","coordinates":[25.641073,45.640602]},"properties":{"line":"56","mode":"bus","color":"#0059a9","colorDark":"#00294f","band":4,"off":[0,1.1]}},{"type":"Feature","geometry":{"type":"Point","coordinates":[25.471038,45.617219]},"properties":{"name":"Tineretului","band":4,"modes":"bus","arr":["110"],"off":[0,-0.8]}},{"type":"Feature","geometry":{"type":"Point","coordinates":[25.471038,45.617219]},"properties":{"line":"110","mode":"bus","color":"#0059a9","colorDark":"#00294f","band":4,"off":[0,1.1]}},{"type":"Feature","geometry":{"type":"Point","coordinates":[25.421402,45.63399]},"properties":{"name":"Primăria Vulcan","band":4,"modes":"bus","arr":["120"],"off":[0,-0.8]}},{"type":"Feature","geometry":{"type":"Point","coordinates":[25.421402,45.63399]},"properties":{"line":"120","mode":"bus","color":"#0059a9","colorDark":"#00294f","band":4,"off":[0,1.1]}},{"type":"Feature","geometry":{"type":"Point","coordinates":[25.457201,45.577382]},"properties":{"name":"Cap Linie Râșnov","band":4,"modes":"bus","arr":["130"],"off":[0,-0.8]}},{"type":"Feature","geometry":{"type":"Point","coordinates":[25.457201,45.577382]},"properties":{"line":"130","mode":"bus","color":"#0059a9","colorDark":"#00294f","band":4,"off":[0,1.1]}},{"type":"Feature","geometry":{"type":"Point","coordinates":[25.43744,45.58754]},"properties":{"name":"Romacril","band":4,"modes":"bus","arr":["131"],"off":[0,-0.8]}},{"type":"Feature","geometry":{"type":"Point","coordinates":[25.43744,45.58754]},"properties":{"line":"131","mode":"bus","color":"#0059a9","colorDark":"#00294f","band":4,"off":[0,1.1]}},{"type":"Feature","geometry":{"type":"Point","coordinates":[25.313638,45.559098]},"properties":{"name":"CEC Zărnești","band":4,"modes":"bus","arr":["140"],"off":[0,-0.8]}},{"type":"Feature","geometry":{"type":"Point","coordinates":[25.313638,45.559098]},"properties":{"line":"140","mode":"bus","color":"#0059a9","colorDark":"#00294f","band":4,"off":[0,1.1]}},{"type":"Feature","geometry":{"type":"Point","coordinates":[25.503645,45.654824]},"properties":{"name":"Ghimbav Cap Linie","band":4,"modes":"bus","arr":["210"],"off":[0,-0.8]}},{"type":"Feature","geometry":{"type":"Point","coordinates":[25.503645,45.654824]},"properties":{"line":"210","mode":"bus","color":"#0059a9","colorDark":"#00294f","band":4,"off":[0,1.1]}},{"type":"Feature","geometry":{"type":"Point","coordinates":[25.452726,45.706897]},"properties":{"name":"Codlea Nord","band":4,"modes":"bus","arr":["220"],"off":[0,-0.8]}},{"type":"Feature","geometry":{"type":"Point","coordinates":[25.452726,45.706897]},"properties":{"line":"220","mode":"bus","color":"#0059a9","colorDark":"#00294f","band":4,"off":[0,1.1]}},{"type":"Feature","geometry":{"type":"Point","coordinates":[25.51049,45.775973]},"properties":{"name":"Satu Nou cap linie","band":4,"modes":"bus","arr":["310"],"off":[0,-0.8]}},{"type":"Feature","geometry":{"type":"Point","coordinates":[25.51049,45.775973]},"properties":{"line":"310","mode":"bus","color":"#0059a9","colorDark":"#00294f","band":4,"off":[0,1.1]}},{"type":"Feature","geometry":{"type":"Point","coordinates":[25.557368,45.837389]},"properties":{"name":"Rotbav","band":4,"modes":"bus","arr":["320"],"off":[0,-0.8]}},{"type":"Feature","geometry":{"type":"Point","coordinates":[25.557368,45.837389]},"properties":{"line":"320","mode":"bus","color":"#0059a9","colorDark":"#00294f","band":4,"off":[0,1.1]}},{"type":"Feature","geometry":{"type":"Point","coordinates":[25.610733,45.700495]},"properties":{"name":"Subcetate","band":4,"modes":"bus","arr":["410"],"off":[0,-0.8]}},{"type":"Feature","geometry":{"type":"Point","coordinates":[25.610733,45.700495]},"properties":{"line":"410","mode":"bus","color":"#0059a9","colorDark":"#00294f","band":4,"off":[0,1.1]}},{"type":"Feature","geometry":{"type":"Point","coordinates":[25.639349,45.696232]},"properties":{"name":"Residence (capăt)","band":4,"modes":"bus","arr":["411"],"off":[0,-0.8]}},{"type":"Feature","geometry":{"type":"Point","coordinates":[25.639349,45.696232]},"properties":{"line":"411","mode":"bus","color":"#0059a9","colorDark":"#00294f","band":4,"off":[0,1.1]}},{"type":"Feature","geometry":{"type":"Point","coordinates":[25.647424,45.722389]},"properties":{"name":"Spital","band":4,"modes":"bus","arr":["412"],"off":[0,-0.8]}},{"type":"Feature","geometry":{"type":"Point","coordinates":[25.647424,45.722389]},"properties":{"line":"412","mode":"bus","color":"#0059a9","colorDark":"#00294f","band":4,"off":[0,1.1]}},{"type":"Feature","geometry":{"type":"Point","coordinates":[25.598051,45.755461]},"properties":{"name":"Bod Colonie","band":4,"modes":"bus","arr":["420"],"off":[0,-0.8]}},{"type":"Feature","geometry":{"type":"Point","coordinates":[25.598051,45.755461]},"properties":{"line":"420","mode":"bus","color":"#0059a9","colorDark":"#00294f","band":4,"off":[0,1.1]}},{"type":"Feature","geometry":{"type":"Point","coordinates":[25.733987,45.766691]},"properties":{"name":"Cap Linie Podu Oltului","band":4,"modes":"bus","arr":["511"],"off":[0,-0.8]}},{"type":"Feature","geometry":{"type":"Point","coordinates":[25.733987,45.766691]},"properties":{"line":"511","mode":"bus","color":"#0059a9","colorDark":"#00294f","band":4,"off":[0,1.1]}},{"type":"Feature","geometry":{"type":"Point","coordinates":[25.783488,45.759397]},"properties":{"name":"Lunca Câlnicului (Vizaviu)","band":4,"modes":"bus","arr":["520"],"off":[0,-0.8]}},{"type":"Feature","geometry":{"type":"Point","coordinates":[25.783488,45.759397]},"properties":{"line":"520","mode":"bus","color":"#0059a9","colorDark":"#00294f","band":4,"off":[0,1.1]}},{"type":"Feature","geometry":{"type":"Point","coordinates":[25.980834,45.578803]},"properties":{"name":"Vama de Sus","band":4,"modes":"bus","arr":["540","541"],"off":[0,-0.8]}},{"type":"Feature","geometry":{"type":"Point","coordinates":[25.980834,45.578803]},"properties":{"line":"540","mode":"bus","color":"#0059a9","colorDark":"#00294f","band":4,"off":[-1.7,1.1]}},{"type":"Feature","geometry":{"type":"Point","coordinates":[25.980834,45.578803]},"properties":{"line":"541","mode":"bus","color":"#0059a9","colorDark":"#00294f","band":4,"off":[1.7,1.1]}},{"type":"Feature","geometry":{"type":"Point","coordinates":[26.040765,45.563611]},"properties":{"name":"Buzăielul de Sus","band":4,"modes":"bus","arr":["541"],"off":[0,-0.8]}},{"type":"Feature","geometry":{"type":"Point","coordinates":[26.040765,45.563611]},"properties":{"line":"541","mode":"bus","color":"#0059a9","colorDark":"#00294f","band":4,"off":[0,1.1]}},{"type":"Feature","geometry":{"type":"Point","coordinates":[25.792129,45.64446]},"properties":{"name":"Cap Linie Purcăreni","band":4,"modes":"bus","arr":["610","612"],"off":[0,-0.8]}},{"type":"Feature","geometry":{"type":"Point","coordinates":[25.792129,45.64446]},"properties":{"line":"610","mode":"bus","color":"#0059a9","colorDark":"#00294f","band":4,"off":[-1.7,1.1]}},{"type":"Feature","geometry":{"type":"Point","coordinates":[25.792129,45.64446]},"properties":{"line":"612","mode":"bus","color":"#0059a9","colorDark":"#00294f","band":4,"off":[1.7,1.1]}},{"type":"Feature","geometry":{"type":"Point","coordinates":[25.758517,45.634084]},"properties":{"name":"Cap Linie Tărlungeni","band":4,"modes":"bus","arr":["611"],"off":[0,-0.8]}},{"type":"Feature","geometry":{"type":"Point","coordinates":[25.758517,45.634084]},"properties":{"line":"611","mode":"bus","color":"#0059a9","colorDark":"#00294f","band":4,"off":[0,1.1]}},{"type":"Feature","geometry":{"type":"Point","coordinates":[25.731681,45.608799]},"properties":{"name":"Garaje Săcele","band":4,"modes":"bus","arr":["710","TE2","TE14"],"off":[0,-0.8]}},{"type":"Feature","geometry":{"type":"Point","coordinates":[25.731681,45.608799]},"properties":{"line":"710","mode":"bus","color":"#0059a9","colorDark":"#00294f","band":4,"off":[-3.4,1.1]}},{"type":"Feature","geometry":{"type":"Point","coordinates":[25.731681,45.608799]},"properties":{"line":"TE2","mode":"bus","color":"#0059a9","colorDark":"#00294f","band":4,"off":[0,1.1]}},{"type":"Feature","geometry":{"type":"Point","coordinates":[25.731681,45.608799]},"properties":{"line":"TE14","mode":"bus","color":"#0059a9","colorDark":"#00294f","band":4,"off":[3.4,1.1]}},{"type":"Feature","geometry":{"type":"Point","coordinates":[25.739983,45.601452]},"properties":{"name":"Gârcini","band":4,"modes":"bus","arr":["711"],"off":[0,-0.8]}},{"type":"Feature","geometry":{"type":"Point","coordinates":[25.739983,45.601452]},"properties":{"line":"711","mode":"bus","color":"#0059a9","colorDark":"#00294f","band":4,"off":[0,1.1]}},{"type":"Feature","geometry":{"type":"Point","coordinates":[25.564441,45.463229]},"properties":{"name":"Cap Linie Predeal","band":4,"modes":"bus","arr":["810"],"off":[0,-0.8]}},{"type":"Feature","geometry":{"type":"Point","coordinates":[25.564441,45.463229]},"properties":{"line":"810","mode":"bus","color":"#0059a9","colorDark":"#00294f","band":4,"off":[0,1.1]}},{"type":"Feature","geometry":{"type":"Point","coordinates":[25.517484,45.69403]},"properties":{"name":"Aeroportul Brașov","band":4,"modes":"bus","arr":["A1"],"off":[0,-0.8]}},{"type":"Feature","geometry":{"type":"Point","coordinates":[25.517484,45.69403]},"properties":{"line":"A1","mode":"bus","color":"#0059a9","colorDark":"#00294f","band":4,"off":[0,1.1]}},{"type":"Feature","geometry":{"type":"Point","coordinates":[25.585488,45.639311]},"properties":{"name":"Șirul Beethoven","band":4,"modes":"bus","arr":["TE1","TE2","TE3","TE4","TE5","TE6","TE7","TE8","TE9","TE10","TE11","TE12","TE13"],"off":[0,-0.8]}},{"type":"Feature","geometry":{"type":"Point","coordinates":[25.585488,45.639311]},"properties":{"line":"TE1","mode":"bus","color":"#0059a9","colorDark":"#00294f","band":4,"off":[-6.8,1.1]}},{"type":"Feature","geometry":{"type":"Point","coordinates":[25.585488,45.639311]},"properties":{"line":"TE2","mode":"bus","color":"#0059a9","colorDark":"#00294f","band":4,"off":[-3.4,1.1]}},{"type":"Feature","geometry":{"type":"Point","coordinates":[25.585488,45.639311]},"properties":{"line":"TE3","mode":"bus","color":"#0059a9","colorDark":"#00294f","band":4,"off":[0,1.1]}},{"type":"Feature","geometry":{"type":"Point","coordinates":[25.585488,45.639311]},"properties":{"line":"TE4","mode":"bus","color":"#0059a9","colorDark":"#00294f","band":4,"off":[3.4,1.1]}},{"type":"Feature","geometry":{"type":"Point","coordinates":[25.585488,45.639311]},"properties":{"line":"TE5","mode":"bus","color":"#0059a9","colorDark":"#00294f","band":4,"off":[6.8,1.1]}},{"type":"Feature","geometry":{"type":"Point","coordinates":[25.585488,45.639311]},"properties":{"line":"TE6","mode":"bus","color":"#0059a9","colorDark":"#00294f","band":4,"off":[-6.8,3.1]}},{"type":"Feature","geometry":{"type":"Point","coordinates":[25.585488,45.639311]},"properties":{"line":"TE7","mode":"bus","color":"#0059a9","colorDark":"#00294f","band":4,"off":[-3.4,3.1]}},{"type":"Feature","geometry":{"type":"Point","coordinates":[25.585488,45.639311]},"properties":{"line":"TE8","mode":"bus","color":"#0059a9","colorDark":"#00294f","band":4,"off":[0,3.1]}},{"type":"Feature","geometry":{"type":"Point","coordinates":[25.585488,45.639311]},"properties":{"line":"TE9","mode":"bus","color":"#0059a9","colorDark":"#00294f","band":4,"off":[3.4,3.1]}},{"type":"Feature","geometry":{"type":"Point","coordinates":[25.585488,45.639311]},"properties":{"line":"TE10","mode":"bus","color":"#0059a9","colorDark":"#00294f","band":4,"off":[6.8,3.1]}},{"type":"Feature","geometry":{"type":"Point","coordinates":[25.585488,45.639311]},"properties":{"line":"TE11","mode":"bus","color":"#0059a9","colorDark":"#00294f","band":4,"off":[-3.4,5.1]}},{"type":"Feature","geometry":{"type":"Point","coordinates":[25.585488,45.639311]},"properties":{"line":"TE12","mode":"bus","color":"#0059a9","colorDark":"#00294f","band":4,"off":[0,5.1]}},{"type":"Feature","geometry":{"type":"Point","coordinates":[25.585488,45.639311]},"properties":{"line":"TE13","mode":"bus","color":"#0059a9","colorDark":"#00294f","band":4,"off":[3.4,5.1]}}]}