{"type":"FeatureCollection","features":[{"type":"Feature","geometry":{"type":"Point","coordinates":[25.588501,45.645719]},"properties":{"lines":"1, 2B, 6, 36","color":"#0059a9","mode":"bus","arr":["1","2B","6","36"],"tLines":"1, 6","ntLines":"2B, 36","angle":-18}},{"type":"Feature","geometry":{"type":"Point","coordinates":[25.594854,45.645023]},"properties":{"lines":"1, 2, 2B, 4, 5, 6, 16, 17, 31, 34, 34B, 36, 41, A1, TE16","color":"#0059a9","mode":"bus","arr":["1","2","2B","4","5","6","16","17","31","34","34B","36","41","A1","TE16"],"tLines":"1, 2, 6, 31","ntLines":"2B, 4, 5, 16, 17, 34, 34B, 36, 41, A1, TE16","angle":10.9}},{"type":"Feature","geometry":{"type":"Point","coordinates":[25.591322,45.645477]},"properties":{"lines":"1, 2, 2B, 4, 5, 6, 16, 17, 31, 34, 34B, 36, 41, A1, TE16","color":"#0059a9","mode":"bus","arr":["1","2","2B","4","5","6","16","17","31","34","34B","36","41","A1","TE16"],"tLines":"1, 2, 6, 31","ntLines":"2B, 4, 5, 16, 17, 34, 34B, 36, 41, A1, TE16","angle":10.6,"extra":1,"ei":0}},{"type":"Feature","geometry":{"type":"Point","coordinates":[25.596643,45.644983]},"properties":{"lines":"1, 2, 2B, 4, 5, 6, 16, 17, 31, 34, 34B, 36, 41, A1, TE16","color":"#0059a9","mode":"bus","arr":["1","2","2B","4","5","6","16","17","31","34","34B","36","41","A1","TE16"],"tLines":"1, 2, 6, 31","ntLines":"2B, 4, 5, 16, 17, 34, 34B, 36, 41, A1, TE16","angle":-14.5,"extra":1,"ei":1}},{"type":"Feature","geometry":{"type":"Point","coordinates":[25.599191,45.645607]},"properties":{"lines":"1, 2, 2B, 4, 5, 6, 16, 17, 31, 34, 34B, 36, 41, A1, TE16","color":"#0059a9","mode":"bus","arr":["1","2","2B","4","5","6","16","17","31","34","34B","36","41","A1","TE16"],"tLines":"1, 2, 6, 31","ntLines":"2B, 4, 5, 16, 17, 34, 34B, 36, 41, A1, TE16","angle":-29.4,"extra":1,"ei":2}},{"type":"Feature","geometry":{"type":"Point","coordinates":[25.600318,45.646294]},"properties":{"lines":"1, 2, 2B, 4, 5, 6, 16, 17, 22, 31, 34, 34B, 36, 41, 50, 52, A1, TE16","color":"#0059a9","mode":"bus","arr":["1","2","2B","4","5","6","16","17","22","31","34","34B","36","41","50","52","A1","TE16"],"tLines":"1, 2, 6, 31","ntLines":"2B, 4, 5, 16, 17, 22, 34, 34B, 36, 41, 50, 52, A1, TE16","angle":-43}},{"type":"Feature","geometry":{"type":"Point","coordinates":[25.602838,45.647572]},"properties":{"lines":"1, 2, 2B, 4, 5, 6, 16, 17, 22, 31, 34, 34B, 36, 50, 52, A1, TE16","color":"#0059a9","mode":"bus","arr":["1","2","2B","4","5","6","16","17","22","31","34","34B","36","50","52","A1","TE16"],"tLines":"1, 2, 6, 31","ntLines":"2B, 4, 5, 16, 17, 22, 34, 34B, 36, 50, 52, A1, TE16","angle":-32.5}},{"type":"Feature","geometry":{"type":"Point","coordinates":[25.604532,45.648316]},"properties":{"lines":"1, 2, 2B, 4, 5, 6, 16, 17, 22, 31, 34, 34B, 36, 50, 52, A1, TE16","color":"#0059a9","mode":"bus","arr":["1","2","2B","4","5","6","16","17","22","31","34","34B","36","50","52","A1","TE16"],"tLines":"1, 2, 6, 31","ntLines":"2B, 4, 5, 16, 17, 22, 34, 34B, 36, 50, 52, A1, TE16","angle":-33.8,"extra":1,"ei":0}},{"type":"Feature","geometry":{"type":"Point","coordinates":[25.60678,45.649633]},"properties":{"lines":"1, 3, 4, 5, 6, 7, 17, 22, 31, 34, 34B, 50, 52, A1","color":"#0059a9","mode":"bus","arr":["1","3","4","5","6","7","17","22","31","34","34B","50","52","A1"],"tLines":"1, 3, 6, 7, 31","ntLines":"4, 5, 17, 22, 34, 34B, 50, 52, A1","angle":-41.8}},{"type":"Feature","geometry":{"type":"Point","coordinates":[25.611837,45.65183]},"properties":{"lines":"1, 3, 4, 5, 6, 7, 10, 17, 22, 31, 32, 34, 34B, 35, 37, 52, 53, 54, A1","color":"#0059a9","mode":"bus","arr":["1","3","4","5","6","7","10","17","22","31","32","34","34B","35","37","52","53","54","A1"],"tLines":"1, 3, 6, 7, 10, 31","ntLines":"4, 5, 17, 22, 32, 34, 34B, 35, 37, 52, 53, 54, A1","angle":-0.9}},{"type":"Feature","geometry":{"type":"Point","coordinates":[25.610261,45.651432]},"properties":{"lines":"1, 3, 4, 5, 6, 7, 10, 17, 22, 31, 32, 34, 34B, 35, 37, 52, 53, 54, A1","color":"#0059a9","mode":"bus","arr":["1","3","4","5","6","7","10","17","22","31","32","34","34B","35","37","52","53","54","A1"],"tLines":"1, 3, 6, 7, 10, 31","ntLines":"4, 5, 17, 22, 32, 34, 34B, 35, 37, 52, 53, 54, A1","angle":-34.9,"extra":1,"ei":0}},{"type":"Feature","geometry":{"type":"Point","coordinates":[25.615256,45.651268]},"properties":{"lines":"1, 3, 5, 6, 7, 10, 17, 22, 31, 32, 34, 34B, 35, 52, 53, 54","color":"#0059a9","mode":"bus","arr":["1","3","5","6","7","10","17","22","31","32","34","34B","35","52","53","54"],"tLines":"1, 3, 6, 7, 10, 31","ntLines":"5, 17, 22, 32, 34, 34B, 35, 52, 53, 54","angle":25.6,"side":-1}},{"type":"Feature","geometry":{"type":"Point","coordinates":[25.615997,45.65169]},"properties":{"lines":"1, 3, 5, 6, 7, 10, 17, 22, 31, 32, 34, 34B, 35, 52, 53, 54, TE1, TE2, TE3, TE4, TE14","color":"#0059a9","mode":"bus","arr":["1","3","5","6","7","10","17","22","31","32","34","34B","35","52","53","54","TE1","TE2","TE3","TE4","TE14"],"tLines":"1, 3, 6, 7, 10, 31","ntLines":"5, 17, 22, 32, 34, 34B, 35, 52, 53, 54, TE1, TE2, TE3, TE4, TE14","angle":80.4}},{"type":"Feature","geometry":{"type":"Point","coordinates":[25.615421,45.65287]},"properties":{"lines":"1, 3, 4, 5, 6, 7, 10, 17, 22, 31, 32, 34, 34B, 35, 37, 52, 53, 54, A1, TE1, TE2, TE3, TE4, TE14","color":"#0059a9","mode":"bus","arr":["1","3","4","5","6","7","10","17","22","31","32","34","34B","35","37","52","53","54","A1","TE1","TE2","TE3","TE4","TE14"],"tLines":"1, 3, 6, 7, 10, 31","ntLines":"4, 5, 17, 22, 32, 34, 34B, 35, 37, 52, 53, 54, A1, TE1, TE2, TE3, TE4, TE14","angle":70.4}},{"type":"Feature","geometry":{"type":"Point","coordinates":[25.614971,45.654254]},"properties":{"lines":"1, 10","color":"#149a3f","mode":"bus","arr":["1","10"],"angle":-58.8,"side":-1}},{"type":"Feature","geometry":{"type":"Point","coordinates":[25.621209,45.658031]},"properties":{"lines":"1, 10","color":"#149a3f","mode":"bus","arr":["1","10"],"angle":-35.8,"side":-1,"mi":1}},{"type":"Feature","geometry":{"type":"Point","coordinates":[25.617933,45.656027]},"properties":{"lines":"1, 10, TE5","color":"#0059a9","mode":"bus","arr":["1","10","TE5"],"tLines":"1, 10","ntLines":"TE5","angle":-40.8}},{"type":"Feature","geometry":{"type":"Point","coordinates":[25.620534,45.657675]},"properties":{"lines":"1, 10, TE5","color":"#0059a9","mode":"bus","arr":["1","10","TE5"],"tLines":"1, 10","ntLines":"TE5","angle":-44,"extra":1,"ei":0}},{"type":"Feature","geometry":{"type":"Point","coordinates":[25.616488,45.655173]},"properties":{"lines":"1, 10, TE5","color":"#0059a9","mode":"bus","arr":["1","10","TE5"],"tLines":"1, 10","ntLines":"TE5","angle":-39.1,"extra":1,"ei":1}},{"type":"Feature","geometry":{"type":"Point","coordinates":[25.614314,45.654072]},"properties":{"lines":"1, 10, TE5","color":"#0059a9","mode":"bus","arr":["1","10","TE5"],"tLines":"1, 10","ntLines":"TE5","angle":-21.9,"extra":1,"ei":2}},{"type":"Feature","geometry":{"type":"Point","coordinates":[25.622211,45.658607]},"properties":{"lines":"1, 10, 23B, 37, 54, 511, 520, 540","color":"#0059a9","mode":"bus","arr":["1","10","23B","37","54","511","520","540"],"tLines":"1, 10","ntLines":"23B, 37, 54, 511, 520, 540","angle":-46.4,"side":-1}},{"type":"Feature","geometry":{"type":"Point","coordinates":[25.62451,45.660065]},"properties":{"lines":"1, 10, 21, 23B, 37, 54, 511, 520, 540","color":"#0059a9","mode":"bus","arr":["1","10","21","23B","37","54","511","520","540"],"tLines":"1, 10","ntLines":"21, 23B, 37, 54, 511, 520, 540","angle":-40.7,"side":-1}},{"type":"Feature","geometry":{"type":"Point","coordinates":[25.637585,45.668991]},"properties":{"lines":"1, 10, 21, 23B, 54, 511, 520, 540","color":"#0059a9","mode":"bus","arr":["1","10","21","23B","54","511","520","540"],"tLines":"1, 10","ntLines":"21, 23B, 54, 511, 520, 540","angle":-34.7,"side":-1}},{"type":"Feature","geometry":{"type":"Point","coordinates":[25.626047,45.66108]},"properties":{"lines":"1, 10, 21, 23B, 37, 54, 511, 520, 540, TE5, TE6","color":"#0059a9","mode":"bus","arr":["1","10","21","23B","37","54","511","520","540","TE5","TE6"],"tLines":"1, 10","ntLines":"21, 23B, 37, 54, 511, 520, 540, TE5, TE6","angle":-40.5}},{"type":"Feature","geometry":{"type":"Point","coordinates":[25.628863,45.662787]},"properties":{"lines":"1, 10, 21, 23B, 37, 54, 511, 520, 540, TE5, TE6","color":"#0059a9","mode":"bus","arr":["1","10","21","23B","37","54","511","520","540","TE5","TE6"],"tLines":"1, 10","ntLines":"21, 23B, 37, 54, 511, 520, 540, TE5, TE6","angle":-41.1,"extra":1,"ei":0}},{"type":"Feature","geometry":{"type":"Point","coordinates":[25.622742,45.659078]},"properties":{"lines":"1, 10, 21, 23B, 37, 54, 511, 520, 540, TE5, TE6","color":"#0059a9","mode":"bus","arr":["1","10","21","23B","37","54","511","520","540","TE5","TE6"],"tLines":"1, 10","ntLines":"21, 23B, 37, 54, 511, 520, 540, TE5, TE6","angle":-42,"extra":1,"ei":1}},{"type":"Feature","geometry":{"type":"Point","coordinates":[25.634212,45.666074]},"properties":{"lines":"1, 10, 21, 23B, 54, 511, 520, 540, TE5, TE6","color":"#0059a9","mode":"bus","arr":["1","10","21","23B","54","511","520","540","TE5","TE6"],"tLines":"1, 10","ntLines":"21, 23B, 54, 511, 520, 540, TE5, TE6","angle":-66.5}},{"type":"Feature","geometry":{"type":"Point","coordinates":[25.631019,45.663923]},"properties":{"lines":"1, 10, 21, 23B, 54, 511, 520, 540, TE5, TE6","color":"#0059a9","mode":"bus","arr":["1","10","21","23B","54","511","520","540","TE5","TE6"],"tLines":"1, 10","ntLines":"21, 23B, 54, 511, 520, 540, TE5, TE6","angle":-35.8,"extra":1,"ei":0}},{"type":"Feature","geometry":{"type":"Point","coordinates":[25.633217,45.665021]},"properties":{"lines":"1, 10, 21, 23B, 54, 511, 520, 540, TE5, TE6","color":"#0059a9","mode":"bus","arr":["1","10","21","23B","54","511","520","540","TE5","TE6"],"tLines":"1, 10","ntLines":"21, 23B, 54, 511, 520, 540, TE5, TE6","angle":-40.1,"extra":1,"ei":1}},{"type":"Feature","geometry":{"type":"Point","coordinates":[25.635829,45.668273]},"properties":{"lines":"1, 10, 21, 23B, 54, 511, 520, 540, TE5, TE6","color":"#0059a9","mode":"bus","arr":["1","10","21","23B","54","511","520","540","TE5","TE6"],"tLines":"1, 10","ntLines":"21, 23B, 54, 511, 520, 540, TE5, TE6","angle":-39.6,"extra":1,"ei":2}},{"type":"Feature","geometry":{"type":"Point","coordinates":[25.645973,45.673883]},"properties":{"lines":"1, 10, 15, 21, 23B, 511, 520, 540","color":"#0059a9","mode":"bus","arr":["1","10","15","21","23B","511","520","540"],"tLines":"1, 10","ntLines":"15, 21, 23B, 511, 520, 540","angle":-44.9}},{"type":"Feature","geometry":{"type":"Point","coordinates":[25.642729,45.672038]},"properties":{"lines":"1, 10, 15, 21, 23B, 511, 520, 540, TE5, TE6","color":"#0059a9","mode":"bus","arr":["1","10","15","21","23B","511","520","540","TE5","TE6"],"tLines":"1, 10","ntLines":"15, 21, 23B, 511, 520, 540, TE5, TE6","angle":-39.9}},{"type":"Feature","geometry":{"type":"Point","coordinates":[25.646292,45.674249]},"properties":{"lines":"1, 10, 15, 21, 23B, 511, 520, 540, TE5, TE6","color":"#0059a9","mode":"bus","arr":["1","10","15","21","23B","511","520","540","TE5","TE6"],"tLines":"1, 10","ntLines":"15, 21, 23B, 511, 520, 540, TE5, TE6","angle":-45.4,"extra":1,"ei":0}},{"type":"Feature","geometry":{"type":"Point","coordinates":[25.644313,45.672971]},"properties":{"lines":"1, 10, 15, 21, 23B, 511, 520, 540, TE5, TE6","color":"#0059a9","mode":"bus","arr":["1","10","15","21","23B","511","520","540","TE5","TE6"],"tLines":"1, 10","ntLines":"15, 21, 23B, 511, 520, 540, TE5, TE6","angle":-38.4,"extra":1,"ei":1}},{"type":"Feature","geometry":{"type":"Point","coordinates":[25.640175,45.670544]},"properties":{"lines":"1, 10, 15, 21, 23B, 511, 520, 540, TE5, TE6","color":"#0059a9","mode":"bus","arr":["1","10","15","21","23B","511","520","540","TE5","TE6"],"tLines":"1, 10","ntLines":"15, 21, 23B, 511, 520, 540, TE5, TE6","angle":-39.6,"extra":1,"ei":2}},{"type":"Feature","geometry":{"type":"Point","coordinates":[25.638016,45.669466]},"properties":{"lines":"1, 10, 15, 21, 23B, 511, 520, 540, TE5, TE6","color":"#0059a9","mode":"bus","arr":["1","10","15","21","23B","511","520","540","TE5","TE6"],"tLines":"1, 10","ntLines":"15, 21, 23B, 511, 520, 540, TE5, TE6","angle":-7.2,"extra":1,"ei":3}},{"type":"Feature","geometry":{"type":"Point","coordinates":[25.647194,45.674766]},"properties":{"lines":"1, 10, 15, 21, 23B, 54, 511, 520, 540","color":"#0059a9","mode":"bus","arr":["1","10","15","21","23B","54","511","520","540"],"tLines":"1, 10","ntLines":"15, 21, 23B, 54, 511, 520, 540","angle":-46.6,"side":-1}},{"type":"Feature","geometry":{"type":"Point","coordinates":[25.648091,45.675524]},"properties":{"lines":"1, 10, 15, 21, 23B, 54","color":"#0059a9","mode":"bus","arr":["1","10","15","21","23B","54"],"tLines":"1, 10","ntLines":"15, 21, 23B, 54","angle":-45.9,"side":-1}},{"type":"Feature","geometry":{"type":"Point","coordinates":[25.613423,45.654084]},"properties":{"lines":"1, 3, 4, 5, 6, 7, 10, 17, 22, 31, 32, 34, 34B, 35, 37, 52, 53, 54, A1, TE1, TE2, TE3, TE4, TE5, TE14","color":"#0059a9","mode":"bus","arr":["1","3","4","5","6","7","10","17","22","31","32","34","34B","35","37","52","53","54","A1","TE1","TE2","TE3","TE4","TE5","TE14"],"tLines":"1, 3, 6, 7, 10, 31","ntLines":"4, 5, 17, 22, 32, 34, 34B, 35, 37, 52, 53, 54, A1, TE1, TE2, TE3, TE4, TE5, TE14","angle":6.2}},{"type":"Feature","geometry":{"type":"Point","coordinates":[25.61237,45.654164]},"properties":{"lines":"1, 3, 5, 6, 7, 10, 17, 22, 31, 34, 34B, 52, TE1, TE2, TE3, TE4, TE5, TE14","color":"#0059a9","mode":"bus","arr":["1","3","5","6","7","10","17","22","31","34","34B","52","TE1","TE2","TE3","TE4","TE5","TE14"],"tLines":"1, 3, 6, 7, 10, 31","ntLines":"5, 17, 22, 34, 34B, 52, TE1, TE2, TE3, TE4, TE5, TE14","angle":6.5,"side":-1}},{"type":"Feature","geometry":{"type":"Point","coordinates":[25.609789,45.654001]},"properties":{"lines":"1, 3, 4, 5, 6, 7, 10, 17, 22, 31, 32, 34, 34B, 35, 37, 52, 53, 54, A1, TE1, TE2, TE3, TE4, TE5, TE6, TE14","color":"#0059a9","mode":"bus","arr":["1","3","4","5","6","7","10","17","22","31","32","34","34B","35","37","52","53","54","A1","TE1","TE2","TE3","TE4","TE5","TE6","TE14"],"tLines":"1, 3, 6, 7, 10, 31","ntLines":"4, 5, 17, 22, 32, 34, 34B, 35, 37, 52, 53, 54, A1, TE1, TE2, TE3, TE4, TE5, TE6, TE14","angle":-36.7}},{"type":"Feature","geometry":{"type":"Point","coordinates":[25.608606,45.6531]},"properties":{"lines":"1, 3, 4, 5, 6, 7, 10, 17, 22, 31, 32, 34, 34B, 35, 37, 52, 53, 54, A1, TE1, TE2, TE3, TE4, TE5, TE6, TE14","color":"#0059a9","mode":"bus","arr":["1","3","4","5","6","7","10","17","22","31","32","34","34B","35","37","52","53","54","A1","TE1","TE2","TE3","TE4","TE5","TE6","TE14"],"tLines":"1, 3, 6, 7, 10, 31","ntLines":"4, 5, 17, 22, 32, 34, 34B, 35, 37, 52, 53, 54, A1, TE1, TE2, TE3, TE4, TE5, TE6, TE14","angle":-69.6,"extra":1,"ei":0}},{"type":"Feature","geometry":{"type":"Point","coordinates":[25.60855,45.651958]},"properties":{"lines":"1, 4, 5, 6, 10, 17, 31, 32, 34, 34B, 35, 37, 53, 54, A1, TE1, TE2, TE3, TE4, TE5, TE6, TE14","color":"#0059a9","mode":"bus","arr":["1","4","5","6","10","17","31","32","34","34B","35","37","53","54","A1","TE1","TE2","TE3","TE4","TE5","TE6","TE14"],"tLines":"1, 6, 10, 31","ntLines":"4, 5, 17, 32, 34, 34B, 35, 37, 53, 54, A1, TE1, TE2, TE3, TE4, TE5, TE6, TE14","angle":74.2}},{"type":"Feature","geometry":{"type":"Point","coordinates":[25.606038,45.650558]},"properties":{"lines":"1, 4, 5, 6, 17, 31, 34, 34B, 50, A1, TE1, TE2, TE3, TE4, TE5, TE6, TE14","color":"#0059a9","mode":"bus","arr":["1","4","5","6","17","31","34","34B","50","A1","TE1","TE2","TE3","TE4","TE5","TE6","TE14"],"tLines":"1, 6, 31","ntLines":"4, 5, 17, 34, 34B, 50, A1, TE1, TE2, TE3, TE4, TE5, TE6, TE14","angle":-15.5}},{"type":"Feature","geometry":{"type":"Point","coordinates":[25.601415,45.649489]},"properties":{"lines":"1, 2, 2B, 4, 5, 6, 16, 17, 22, 31, 34, 34B, 36, 50, 52, A1, TE1, TE2, TE3, TE4, TE5, TE6, TE7, TE8, TE9, TE13, TE14","color":"#0059a9","mode":"bus","arr":["1","2","2B","4","5","6","16","17","22","31","34","34B","36","50","52","A1","TE1","TE2","TE3","TE4","TE5","TE6","TE7","TE8","TE9","TE13","TE14"],"tLines":"1, 2, 6, 31","ntLines":"2B, 4, 5, 16, 17, 22, 34, 34B, 36, 50, 52, A1, TE1, TE2, TE3, TE4, TE5, TE6, TE7, TE8, TE9, TE13, TE14","angle":-22.3}},{"type":"Feature","geometry":{"type":"Point","coordinates":[25.599579,45.648954]},"properties":{"lines":"1, 2, 2B, 4, 5, 6, 16, 17, 22, 31, 34, 34B, 36, 50, 52, A1, TE1, TE2, TE3, TE4, TE5, TE6, TE7, TE8, TE9, TE13, TE14","color":"#0059a9","mode":"bus","arr":["1","2","2B","4","5","6","16","17","22","31","34","34B","36","50","52","A1","TE1","TE2","TE3","TE4","TE5","TE6","TE7","TE8","TE9","TE13","TE14"],"tLines":"1, 2, 6, 31","ntLines":"2B, 4, 5, 16, 17, 22, 34, 34B, 36, 50, 52, A1, TE1, TE2, TE3, TE4, TE5, TE6, TE7, TE8, TE9, TE13, TE14","angle":-21,"extra":1,"ei":0}},{"type":"Feature","geometry":{"type":"Point","coordinates":[25.598531,45.648402]},"properties":{"lines":"1, 2, 2B, 4, 5, 6, 16, 17, 22, 31, 34, 34B, 36, 41, 50, 52, A1, TE1, TE2, TE3, TE4, TE5, TE6, TE7, TE8, TE9, TE13, TE14","color":"#0059a9","mode":"bus","arr":["1","2","2B","4","5","6","16","17","22","31","34","34B","36","41","50","52","A1","TE1","TE2","TE3","TE4","TE5","TE6","TE7","TE8","TE9","TE13","TE14"],"tLines":"1, 2, 6, 31","ntLines":"2B, 4, 5, 16, 17, 22, 34, 34B, 36, 41, 50, 52, A1, TE1, TE2, TE3, TE4, TE5, TE6, TE7, TE8, TE9, TE13, TE14","angle":-76.4}},{"type":"Feature","geometry":{"type":"Point","coordinates":[25.598975,45.648787]},"properties":{"lines":"1, 2, 2B, 4, 5, 6, 16, 17, 31, 34, 34B, 36, 50, 52, A1, TE1, TE2, TE3, TE4, TE5, TE6, TE7, TE8, TE9, TE13, TE14","color":"#0059a9","mode":"bus","arr":["1","2","2B","4","5","6","16","17","31","34","34B","36","50","52","A1","TE1","TE2","TE3","TE4","TE5","TE6","TE7","TE8","TE9","TE13","TE14"],"tLines":"1, 2, 6, 31","ntLines":"2B, 4, 5, 16, 17, 34, 34B, 36, 50, 52, A1, TE1, TE2, TE3, TE4, TE5, TE6, TE7, TE8, TE9, TE13, TE14","angle":-28.9,"side":-1}},{"type":"Feature","geometry":{"type":"Point","coordinates":[25.597132,45.646641]},"properties":{"lines":"1, 2, 2B, 4, 5, 6, 16, 17, 31, 34, 34B, 36, 41, 50, 52, A1, TE1, TE2, TE3, TE4, TE5, TE6, TE7, TE8, TE9, TE13, TE14","color":"#0059a9","mode":"bus","arr":["1","2","2B","4","5","6","16","17","31","34","34B","36","41","50","52","A1","TE1","TE2","TE3","TE4","TE5","TE6","TE7","TE8","TE9","TE13","TE14"],"tLines":"1, 2, 6, 31","ntLines":"2B, 4, 5, 16, 17, 34, 34B, 36, 41, 50, 52, A1, TE1, TE2, TE3, TE4, TE5, TE6, TE7, TE8, TE9, TE13, TE14","angle":-29.1}},{"type":"Feature","geometry":{"type":"Point","coordinates":[25.59218,45.646678]},"properties":{"lines":"1, 2, 2B, 4, 5, 6, 16, 17, 31, 34, 34B, 36, 41, 50, 52, A1, TE1, TE2, TE3, TE4, TE5, TE6, TE7, TE8, TE9, TE13, TE14","color":"#0059a9","mode":"bus","arr":["1","2","2B","4","5","6","16","17","31","34","34B","36","41","50","52","A1","TE1","TE2","TE3","TE4","TE5","TE6","TE7","TE8","TE9","TE13","TE14"],"tLines":"1, 2, 6, 31","ntLines":"2B, 4, 5, 16, 17, 34, 34B, 36, 41, 50, 52, A1, TE1, TE2, TE3, TE4, TE5, TE6, TE7, TE8, TE9, TE13, TE14","angle":10.6,"mi":1}},{"type":"Feature","geometry":{"type":"Point","coordinates":[25.58957,45.647004]},"properties":{"lines":"1, 2, 2B, 4, 6, 16, 17, 31, 34, 34B, 36, 41, 50, 52, A1, TE1, TE2, TE3, TE4, TE5, TE6, TE7, TE8, TE9, TE13, TE14","color":"#0059a9","mode":"bus","arr":["1","2","2B","4","6","16","17","31","34","34B","36","41","50","52","A1","TE1","TE2","TE3","TE4","TE5","TE6","TE7","TE8","TE9","TE13","TE14"],"tLines":"1, 2, 6, 31","ntLines":"2B, 4, 16, 17, 34, 34B, 36, 41, 50, 52, A1, TE1, TE2, TE3, TE4, TE5, TE6, TE7, TE8, TE9, TE13, TE14","angle":2}},{"type":"Feature","geometry":{"type":"Point","coordinates":[25.588523,45.646482]},"properties":{"lines":"1, 2, 2B, 4, 6, 14, 16, 17, 24, 28, 31, 34, 34B, 36, 41, 50, A1, TE1, TE2, TE3, TE4, TE5, TE6, TE7, TE8, TE9, TE10, TE11, TE12, TE13, TE14","color":"#0059a9","mode":"bus","arr":["1","2","2B","4","6","14","16","17","24","28","31","34","34B","36","41","50","A1","TE1","TE2","TE3","TE4","TE5","TE6","TE7","TE8","TE9","TE10","TE11","TE12","TE13","TE14"],"tLines":"1, 2, 6, 31","ntLines":"2B, 4, 14, 16, 17, 24, 28, 34, 34B, 36, 41, 50, A1, TE1, TE2, TE3, TE4, TE5, TE6, TE7, TE8, TE9, TE10, TE11, TE12, TE13, TE14","angle":-48.6}},{"type":"Feature","geometry":{"type":"Point","coordinates":[25.58884,45.645667]},"properties":{"lines":"2, 31, 34, 34B","color":"#0059a9","mode":"bus","arr":["2","31","34","34B"],"tLines":"2, 31","ntLines":"34, 34B","angle":-18.3,"side":-1}},{"type":"Feature","geometry":{"type":"Point","coordinates":[25.604107,45.649228]},"properties":{"lines":"2, 2B, 3, 7, 16, 36, TE16","color":"#0059a9","mode":"bus","arr":["2","2B","3","7","16","36","TE16"],"tLines":"2, 3, 7","ntLines":"2B, 16, 36, TE16","angle":69.7}},{"type":"Feature","geometry":{"type":"Point","coordinates":[25.603839,45.65044]},"properties":{"lines":"2, 2B, 3, 7, 16, 36, TE16","color":"#0059a9","mode":"bus","arr":["2","2B","3","7","16","36","TE16"],"tLines":"2, 3, 7","ntLines":"2B, 16, 36, TE16","angle":-74.4,"side":-1,"mi":1}},{"type":"Feature","geometry":{"type":"Point","coordinates":[25.604214,45.651438]},"properties":{"lines":"2, 2B, 3, 7, 16, 22, 36, 52, TE7, TE8, TE9, TE13, TE16","color":"#0059a9","mode":"bus","arr":["2","2B","3","7","16","22","36","52","TE7","TE8","TE9","TE13","TE16"],"tLines":"2, 3, 7","ntLines":"2B, 16, 22, 36, 52, TE7, TE8, TE9, TE13, TE16","angle":-75.5}},{"type":"Feature","geometry":{"type":"Point","coordinates":[25.604666,45.652537]},"properties":{"lines":"2, 2B, 16, 36, TE16","color":"#0059a9","mode":"bus","arr":["2","2B","16","36","TE16"],"tLines":"2","ntLines":"2B, 16, 36, TE16","angle":-73.2,"side":-1}},{"type":"Feature","geometry":{"type":"Point","coordinates":[25.607059,45.65911]},"properties":{"lines":"2, 2B, 7, 23B, 36","color":"#0059a9","mode":"bus","arr":["2","2B","7","23B","36"],"tLines":"2, 7","ntLines":"2B, 23B, 36","angle":-73.5,"side":-1}},{"type":"Feature","geometry":{"type":"Point","coordinates":[25.605086,45.653658]},"properties":{"lines":"2, 2B, 7, 23B, 36","color":"#0059a9","mode":"bus","arr":["2","2B","7","23B","36"],"tLines":"2, 7","ntLines":"2B, 23B, 36","angle":-78,"side":-1,"mi":1}},{"type":"Feature","geometry":{"type":"Point","coordinates":[25.606006,45.656443]},"properties":{"lines":"2, 2B, 7, 23B, 36, TE7, TE8, TE9","color":"#0059a9","mode":"bus","arr":["2","2B","7","23B","36","TE7","TE8","TE9"],"tLines":"2, 7","ntLines":"2B, 23B, 36, TE7, TE8, TE9","angle":-76.4}},{"type":"Feature","geometry":{"type":"Point","coordinates":[25.606759,45.658749]},"properties":{"lines":"2, 2B, 7, 23B, 36, TE7, TE8, TE9","color":"#0059a9","mode":"bus","arr":["2","2B","7","23B","36","TE7","TE8","TE9"],"tLines":"2, 7","ntLines":"2B, 23B, 36, TE7, TE8, TE9","angle":-81.7,"extra":1,"ei":0}},{"type":"Feature","geometry":{"type":"Point","coordinates":[25.605536,45.655074]},"properties":{"lines":"2, 2B, 7, 23B, 36, TE7, TE8, TE9","color":"#0059a9","mode":"bus","arr":["2","2B","7","23B","36","TE7","TE8","TE9"],"tLines":"2, 7","ntLines":"2B, 23B, 36, TE7, TE8, TE9","angle":-76.5,"extra":1,"ei":1}},{"type":"Feature","geometry":{"type":"Point","coordinates":[25.604652,45.653313]},"properties":{"lines":"2, 2B, 7, 23B, 36, TE7, TE8, TE9","color":"#0059a9","mode":"bus","arr":["2","2B","7","23B","36","TE7","TE8","TE9"],"tLines":"2, 7","ntLines":"2B, 23B, 36, TE7, TE8, TE9","angle":-53,"extra":1,"ei":2}},{"type":"Feature","geometry":{"type":"Point","coordinates":[25.607417,45.660178]},"properties":{"lines":"2, 2B, 7, 36","color":"#0059a9","mode":"bus","arr":["2","2B","7","36"],"tLines":"2, 7","ntLines":"2B, 36","angle":-74.5}},{"type":"Feature","geometry":{"type":"Point","coordinates":[25.608639,45.6634]},"properties":{"lines":"2, 2B, 7, 8, 29, 32, 36, 53","color":"#0059a9","mode":"bus","arr":["2","2B","7","8","29","32","36","53"],"tLines":"2, 7, 8","ntLines":"2B, 29, 32, 36, 53","angle":-76.5,"side":-1}},{"type":"Feature","geometry":{"type":"Point","coordinates":[25.607656,45.660871]},"properties":{"lines":"2, 2B, 7, 8, 29, 32, 36, 53","color":"#0059a9","mode":"bus","arr":["2","2B","7","8","29","32","36","53"],"tLines":"2, 7, 8","ntLines":"2B, 29, 32, 36, 53","angle":-78.6,"side":-1,"mi":1}},{"type":"Feature","geometry":{"type":"Point","coordinates":[25.608307,45.662794]},"properties":{"lines":"2, 2B, 7, 8, 29, 32, 36, 53, TE7, TE8, TE9","color":"#0059a9","mode":"bus","arr":["2","2B","7","8","29","32","36","53","TE7","TE8","TE9"],"tLines":"2, 7, 8","ntLines":"2B, 29, 32, 36, 53, TE7, TE8, TE9","angle":-77.7}},{"type":"Feature","geometry":{"type":"Point","coordinates":[25.608944,45.664718]},"properties":{"lines":"2, 2B, 7, 8, 29, 32, 36, 53, TE7, TE8, TE9","color":"#0059a9","mode":"bus","arr":["2","2B","7","8","29","32","36","53","TE7","TE8","TE9"],"tLines":"2, 7, 8","ntLines":"2B, 29, 32, 36, 53, TE7, TE8, TE9","angle":-76.7,"extra":1,"ei":0}},{"type":"Feature","geometry":{"type":"Point","coordinates":[25.607553,45.661078]},"properties":{"lines":"2, 2B, 7, 8, 29, 32, 36, 53, TE7, TE8, TE9","color":"#0059a9","mode":"bus","arr":["2","2B","7","8","29","32","36","53","TE7","TE8","TE9"],"tLines":"2, 7, 8","ntLines":"2B, 29, 32, 36, 53, TE7, TE8, TE9","angle":-69.6,"extra":1,"ei":1}},{"type":"Feature","geometry":{"type":"Point","coordinates":[25.609308,45.665352]},"properties":{"lines":"2, 2B, 7, 8, 29, 32, 36","color":"#0059a9","mode":"bus","arr":["2","2B","7","8","29","32","36"],"tLines":"2, 7, 8","ntLines":"2B, 29, 32, 36","angle":-68.8,"side":-1}},{"type":"Feature","geometry":{"type":"Point","coordinates":[25.60992,45.667057]},"properties":{"lines":"2, 2B, 7, 8, 9, 15, 32","color":"#0059a9","mode":"bus","arr":["2","2B","7","8","9","15","32"],"tLines":"2, 7, 8","ntLines":"2B, 9, 15, 32","angle":-75.6,"side":-1}},{"type":"Feature","geometry":{"type":"Point","coordinates":[25.610975,45.669869]},"properties":{"lines":"2, 2B, 7, 8, 9, 15","color":"#0059a9","mode":"bus","arr":["2","2B","7","8","9","15"],"tLines":"2, 7, 8","ntLines":"2B, 9, 15","angle":-75.5,"side":-1}},{"type":"Feature","geometry":{"type":"Point","coordinates":[25.612476,45.674226]},"properties":{"lines":"2, 2B, 7, 8, 9","color":"#0059a9","mode":"bus","arr":["2","2B","7","8","9"],"tLines":"2, 7, 8","ntLines":"2B, 9","angle":-75.8,"side":-1,"mi":2}},{"type":"Feature","geometry":{"type":"Point","coordinates":[25.611625,45.671649]},"properties":{"lines":"2, 2B, 7, 8, 9","color":"#0059a9","mode":"bus","arr":["2","2B","7","8","9"],"tLines":"2, 7, 8","ntLines":"2B, 9","angle":76.1,"mi":1}},{"type":"Feature","geometry":{"type":"Point","coordinates":[25.612015,45.672525]},"properties":{"lines":"2, 2B, 7, 8, 9","color":"#0059a9","mode":"bus","arr":["2","2B","7","8","9"],"tLines":"2, 7, 8","ntLines":"2B, 9","angle":-76,"side":-1}},{"type":"Feature","geometry":{"type":"Point","coordinates":[25.613336,45.676588]},"properties":{"lines":"2, 7, 8","color":"#149a3f","mode":"bus","arr":["2","7","8"],"angle":-75.9,"side":-1}},{"type":"Feature","geometry":{"type":"Point","coordinates":[25.613467,45.677083]},"properties":{"lines":"2, 7, 8, TE7","color":"#0059a9","mode":"bus","arr":["2","7","8","TE7"],"tLines":"2, 7, 8","ntLines":"TE7","angle":-75.8}},{"type":"Feature","geometry":{"type":"Point","coordinates":[25.614691,45.680434]},"properties":{"lines":"2, 2B, 7, 8, 9, 411, 412, TE7, TE7S, TE8, TE9","color":"#0059a9","mode":"bus","arr":["2","2B","7","8","9","411","412","TE7","TE7S","TE8","TE9"],"tLines":"2, 7, 8","ntLines":"2B, 9, 411, 412, TE7, TE7S, TE8, TE9","angle":-75.5}},{"type":"Feature","geometry":{"type":"Point","coordinates":[25.615304,45.682012]},"properties":{"lines":"2, 2B, 7, 8, 9, 410, 411, 412, 420, TE7S","color":"#0059a9","mode":"bus","arr":["2","2B","7","8","9","410","411","412","420","TE7S"],"tLines":"2, 7, 8","ntLines":"2B, 9, 410, 411, 412, 420, TE7S","angle":-73.7,"side":-1}},{"type":"Feature","geometry":{"type":"Point","coordinates":[25.615137,45.682496]},"properties":{"lines":"2, 2B, 7, 8, 9, 410, 411, 412, 420, TE7S","color":"#0059a9","mode":"bus","arr":["2","2B","7","8","9","410","411","412","420","TE7S"],"tLines":"2, 7, 8","ntLines":"2B, 9, 410, 411, 412, 420, TE7S","angle":-11.5,"mi":1}},{"type":"Feature","geometry":{"type":"Point","coordinates":[25.612629,45.674909]},"properties":{"lines":"2, 2B, 7, 8, 9, TE7","color":"#0059a9","mode":"bus","arr":["2","2B","7","8","9","TE7"],"tLines":"2, 7, 8","ntLines":"2B, 9, TE7","angle":-78.7}},{"type":"Feature","geometry":{"type":"Point","coordinates":[25.611926,45.672957]},"properties":{"lines":"2, 2B, 7, 8, 9, TE7, TE9","color":"#0059a9","mode":"bus","arr":["2","2B","7","8","9","TE7","TE9"],"tLines":"2, 7, 8","ntLines":"2B, 9, TE7, TE9","angle":-75.7}},{"type":"Feature","geometry":{"type":"Point","coordinates":[25.611502,45.671797]},"properties":{"lines":"2, 2B, 7, 8, 9, TE7, TE9","color":"#0059a9","mode":"bus","arr":["2","2B","7","8","9","TE7","TE9"],"tLines":"2, 7, 8","ntLines":"2B, 9, TE7, TE9","angle":-75.7,"extra":1,"ei":0}},{"type":"Feature","geometry":{"type":"Point","coordinates":[25.610831,45.669895]},"properties":{"lines":"2, 2B, 7, 8, 9, 15, 32, TE7, TE9","color":"#0059a9","mode":"bus","arr":["2","2B","7","8","9","15","32","TE7","TE9"],"tLines":"2, 7, 8","ntLines":"2B, 9, 15, 32, TE7, TE9","angle":-75.2}},{"type":"Feature","geometry":{"type":"Point","coordinates":[25.609805,45.667101]},"properties":{"lines":"2, 2B, 7, 8, 9, 15, 32, TE7, TE9","color":"#0059a9","mode":"bus","arr":["2","2B","7","8","9","15","32","TE7","TE9"],"tLines":"2, 7, 8","ntLines":"2B, 9, 15, 32, TE7, TE9","angle":-75.7,"mi":1}},{"type":"Feature","geometry":{"type":"Point","coordinates":[25.610326,45.668583]},"properties":{"lines":"2, 2B, 7, 8, 9, 15, 32, TE7, TE9","color":"#0059a9","mode":"bus","arr":["2","2B","7","8","9","15","32","TE7","TE9"],"tLines":"2, 7, 8","ntLines":"2B, 9, 15, 32, TE7, TE9","angle":-78.1,"extra":1,"ei":0}},{"type":"Feature","geometry":{"type":"Point","coordinates":[25.604618,45.65278]},"properties":{"lines":"2, 2B, 7, 22, 36, 52, TE7, TE8, TE9","color":"#0059a9","mode":"bus","arr":["2","2B","7","22","36","52","TE7","TE8","TE9"],"tLines":"2, 7","ntLines":"2B, 22, 36, 52, TE7, TE8, TE9","angle":-87.8}},{"type":"Feature","geometry":{"type":"Point","coordinates":[25.604499,45.652332]},"properties":{"lines":"2, 2B, 3, 7, 16, 22, 36, 52, TE7, TE8, TE9, TE13","color":"#0059a9","mode":"bus","arr":["2","2B","3","7","16","22","36","52","TE7","TE8","TE9","TE13"],"tLines":"2, 3, 7","ntLines":"2B, 16, 22, 36, 52, TE7, TE8, TE9, TE13","angle":-82.2}},{"type":"Feature","geometry":{"type":"Point","coordinates":[25.603571,45.650426]},"properties":{"lines":"2, 2B, 16, 22, 36, 52, TE7, TE8, TE9, TE13","color":"#0059a9","mode":"bus","arr":["2","2B","16","22","36","52","TE7","TE8","TE9","TE13"],"tLines":"2","ntLines":"2B, 16, 22, 36, 52, TE7, TE8, TE9, TE13","angle":-56.1}},{"type":"Feature","geometry":{"type":"Point","coordinates":[25.608599,45.674811]},"properties":{"lines":"2B, 9, TE9","color":"#0059a9","mode":"bus","arr":["2B","9","TE9"],"angle":2.9}},{"type":"Feature","geometry":{"type":"Point","coordinates":[25.60605,45.675053]},"properties":{"lines":"2B, 9, TE9","color":"#0059a9","mode":"bus","arr":["2B","9","TE9"],"angle":6.7,"extra":1,"ei":0}},{"type":"Feature","geometry":{"type":"Point","coordinates":[25.611409,45.674627]},"properties":{"lines":"2B, 9, TE9","color":"#0059a9","mode":"bus","arr":["2B","9","TE9"],"angle":6.3,"extra":1,"ei":1}},{"type":"Feature","geometry":{"type":"Point","coordinates":[25.604905,45.677325]},"properties":{"lines":"2B, 9, TE8, TE9","color":"#0059a9","mode":"bus","arr":["2B","9","TE8","TE9"],"angle":-71}},{"type":"Feature","geometry":{"type":"Point","coordinates":[25.604853,45.676091]},"properties":{"lines":"2B, 9, TE8, TE9","color":"#0059a9","mode":"bus","arr":["2B","9","TE8","TE9"],"angle":76.8,"extra":1,"ei":0}},{"type":"Feature","geometry":{"type":"Point","coordinates":[25.609863,45.679158]},"properties":{"lines":"2B, 9, TE8, TE9","color":"#0059a9","mode":"bus","arr":["2B","9","TE8","TE9"],"angle":5.8,"mi":1}},{"type":"Feature","geometry":{"type":"Point","coordinates":[25.607092,45.67937]},"properties":{"lines":"2B, 9, TE8, TE9","color":"#0059a9","mode":"bus","arr":["2B","9","TE8","TE9"],"angle":6.4,"extra":1,"ei":0}},{"type":"Feature","geometry":{"type":"Point","coordinates":[25.612465,45.678974]},"properties":{"lines":"2B, 9, TE8, TE9","color":"#0059a9","mode":"bus","arr":["2B","9","TE8","TE9"],"angle":5.8,"extra":1,"ei":1}},{"type":"Feature","geometry":{"type":"Point","coordinates":[25.587155,45.665792]},"properties":{"lines":"3, 16, 23, 23B, 25","color":"#0059a9","mode":"bus","arr":["3","16","23","23B","25"],"tLines":"3","ntLines":"16, 23, 23B, 25","angle":-18.2,"side":-1,"mi":1}},{"type":"Feature","geometry":{"type":"Point","coordinates":[25.584458,45.665189]},"properties":{"lines":"3, 16, 23, 23B, 25","color":"#0059a9","mode":"bus","arr":["3","16","23","23B","25"],"tLines":"3","ntLines":"16, 23, 23B, 25","angle":46.4,"side":-1,"mi":4}},{"type":"Feature","geometry":{"type":"Point","coordinates":[25.590464,45.666241]},"properties":{"lines":"3, 16, 23, 23B, 25","color":"#0059a9","mode":"bus","arr":["3","16","23","23B","25"],"tLines":"3","ntLines":"16, 23, 23B, 25","angle":13.7,"side":-1}},{"type":"Feature","geometry":{"type":"Point","coordinates":[25.59429,45.666038]},"properties":{"lines":"3, 16, 23, 23B, 25","color":"#0059a9","mode":"bus","arr":["3","16","23","23B","25"],"tLines":"3","ntLines":"16, 23, 23B, 25","angle":44.9,"mi":3}},{"type":"Feature","geometry":{"type":"Point","coordinates":[25.593187,45.664167]},"properties":{"lines":"3, 16, 23, 23B, 25","color":"#0059a9","mode":"bus","arr":["3","16","23","23B","25"],"tLines":"3","ntLines":"16, 23, 23B, 25","angle":-73.7,"extra":1,"ei":0,"side":-1}},{"type":"Feature","geometry":{"type":"Point","coordinates":[25.592187,45.666399]},"properties":{"lines":"3, 16, 23, 23B, 25","color":"#0059a9","mode":"bus","arr":["3","16","23","23B","25"],"tLines":"3","ntLines":"16, 23, 23B, 25","angle":1.7,"extra":1,"ei":1}},{"type":"Feature","geometry":{"type":"Point","coordinates":[25.592356,45.663937]},"properties":{"lines":"3, 16, 23, 23B, 25","color":"#0059a9","mode":"bus","arr":["3","16","23","23B","25"],"tLines":"3","ntLines":"16, 23, 23B, 25","angle":67.6,"mi":2}},{"type":"Feature","geometry":{"type":"Point","coordinates":[25.594164,45.661055]},"properties":{"lines":"3, 16, 23, 23B, 25, 40, 42, 310, 320, TE13","color":"#0059a9","mode":"bus","arr":["3","16","23","23B","25","40","42","310","320","TE13"],"tLines":"3","ntLines":"16, 23, 23B, 25, 40, 42, 310, 320, TE13","angle":61.6,"side":-1}},{"type":"Feature","geometry":{"type":"Point","coordinates":[25.595316,45.659714]},"properties":{"lines":"3, 16, 23B, TE13","color":"#0059a9","mode":"bus","arr":["3","16","23B","TE13"],"tLines":"3","ntLines":"16, 23B, TE13","angle":49.8,"side":-1}},{"type":"Feature","geometry":{"type":"Point","coordinates":[25.599503,45.656395]},"properties":{"lines":"3, 16, 23B, TE13, TE16","color":"#0059a9","mode":"bus","arr":["3","16","23B","TE13","TE16"],"tLines":"3","ntLines":"16, 23B, TE13, TE16","angle":44.2}},{"type":"Feature","geometry":{"type":"Point","coordinates":[25.596276,45.658752]},"properties":{"lines":"3, 16, 23B, TE13, TE16","color":"#0059a9","mode":"bus","arr":["3","16","23B","TE13","TE16"],"tLines":"3","ntLines":"16, 23B, TE13, TE16","angle":51.4,"extra":1,"ei":0}},{"type":"Feature","geometry":{"type":"Point","coordinates":[25.598116,45.65737]},"properties":{"lines":"3, 16, 23B, TE13, TE16","color":"#0059a9","mode":"bus","arr":["3","16","23B","TE13","TE16"],"tLines":"3","ntLines":"16, 23B, TE13, TE16","angle":45.2,"extra":1,"ei":1}},{"type":"Feature","geometry":{"type":"Point","coordinates":[25.601924,45.654691]},"properties":{"lines":"3, 16, 23B, TE13, TE16","color":"#0059a9","mode":"bus","arr":["3","16","23B","TE13","TE16"],"tLines":"3","ntLines":"16, 23B, TE13, TE16","angle":45.3,"extra":1,"ei":2}},{"type":"Feature","geometry":{"type":"Point","coordinates":[25.604315,45.653047]},"properties":{"lines":"3, 16, TE13","color":"#0059a9","mode":"bus","arr":["3","16","TE13"],"tLines":"3","ntLines":"16, TE13","angle":49.9,"side":-1}},{"type":"Feature","geometry":{"type":"Point","coordinates":[25.617381,45.649628]},"properties":{"lines":"3, 5, 7, 10, 17, 31, 32, 35, 53","color":"#0059a9","mode":"bus","arr":["3","5","7","10","17","31","32","35","53"],"tLines":"3, 7, 10, 31","ntLines":"5, 17, 32, 35, 53","angle":50.7,"side":-1}},{"type":"Feature","geometry":{"type":"Point","coordinates":[25.619348,45.64747]},"properties":{"lines":"3, 7, 10, 31, 32","color":"#0059a9","mode":"bus","arr":["3","7","10","31","32"],"tLines":"3, 7, 10, 31","ntLines":"32","angle":79.9}},{"type":"Feature","geometry":{"type":"Point","coordinates":[25.618355,45.644974]},"properties":{"lines":"3, 7, 10, 31, 32, TE3","color":"#0059a9","mode":"bus","arr":["3","7","10","31","32","TE3"],"tLines":"3, 7, 10, 31","ntLines":"32, TE3","angle":-78.8}},{"type":"Feature","geometry":{"type":"Point","coordinates":[25.617978,45.643401]},"properties":{"lines":"3, 7, 10, 31, 32, TE3","color":"#0059a9","mode":"bus","arr":["3","7","10","31","32","TE3"],"tLines":"3, 7, 10, 31","ntLines":"32, TE3","angle":-79.9,"extra":1,"ei":0}},{"type":"Feature","geometry":{"type":"Point","coordinates":[25.619674,45.646938]},"properties":{"lines":"3, 7, 10, 31, 32, TE3","color":"#0059a9","mode":"bus","arr":["3","7","10","31","32","TE3"],"tLines":"3, 7, 10, 31","ntLines":"32, TE3","angle":-44.3,"extra":1,"ei":1,"side":-1}},{"type":"Feature","geometry":{"type":"Point","coordinates":[25.617662,45.642582]},"properties":{"lines":"3, 10, 31, 32","color":"#0059a9","mode":"bus","arr":["3","10","31","32"],"tLines":"3, 10, 31","ntLines":"32","angle":-55.6}},{"type":"Feature","geometry":{"type":"Point","coordinates":[25.613477,45.641116]},"properties":{"lines":"3, 10, 31, 32, TE3","color":"#0059a9","mode":"bus","arr":["3","10","31","32","TE3"],"tLines":"3, 10, 31","ntLines":"32, TE3","angle":-38.1}},{"type":"Feature","geometry":{"type":"Point","coordinates":[25.610877,45.639442]},"properties":{"lines":"3, 10, 31, 32, TE3","color":"#0059a9","mode":"bus","arr":["3","10","31","32","TE3"],"tLines":"3, 10, 31","ntLines":"32, TE3","angle":-51.1,"extra":1,"ei":0}},{"type":"Feature","geometry":{"type":"Point","coordinates":[25.614987,45.641877]},"properties":{"lines":"3, 10, 31, 32, TE3","color":"#0059a9","mode":"bus","arr":["3","10","31","32","TE3"],"tLines":"3, 10, 31","ntLines":"32, TE3","angle":-26.2,"extra":1,"ei":1}},{"type":"Feature","geometry":{"type":"Point","coordinates":[25.617576,45.642406]},"properties":{"lines":"3, 10, 31, 32, TE3","color":"#0059a9","mode":"bus","arr":["3","10","31","32","TE3"],"tLines":"3, 10, 31","ntLines":"32, TE3","angle":-15.6,"extra":1,"ei":2,"side":-1}},{"type":"Feature","geometry":{"type":"Point","coordinates":[25.606359,45.634381]},"properties":{"lines":"3, 10, 31, 32, 33, TE3","color":"#0059a9","mode":"bus","arr":["3","10","31","32","33","TE3"],"tLines":"3, 10, 31, 33","ntLines":"32, TE3","angle":-62.9}},{"type":"Feature","geometry":{"type":"Point","coordinates":[25.609569,45.637797]},"properties":{"lines":"3, 10, 31, 32, 33, TE3","color":"#0059a9","mode":"bus","arr":["3","10","31","32","33","TE3"],"tLines":"3, 10, 31, 33","ntLines":"32, TE3","angle":-65.4,"extra":1,"ei":0}},{"type":"Feature","geometry":{"type":"Point","coordinates":[25.608296,45.636137]},"properties":{"lines":"3, 10, 31, 32, 33, TE3","color":"#0059a9","mode":"bus","arr":["3","10","31","32","33","TE3"],"tLines":"3, 10, 31, 33","ntLines":"32, TE3","angle":-52.5,"extra":1,"ei":1}},{"type":"Feature","geometry":{"type":"Point","coordinates":[25.6054,45.632982]},"properties":{"lines":"3, 10, 31, 32, 33, TE3","color":"#0059a9","mode":"bus","arr":["3","10","31","32","33","TE3"],"tLines":"3, 10, 31, 33","ntLines":"32, TE3","angle":-56,"extra":1,"ei":2}},{"type":"Feature","geometry":{"type":"Point","coordinates":[25.603396,45.631725]},"properties":{"lines":"3, 10, 31, 32, 33, TE3","color":"#0059a9","mode":"bus","arr":["3","10","31","32","33","TE3"],"tLines":"3, 10, 31, 33","ntLines":"32, TE3","angle":-38.5,"extra":1,"ei":3}},{"type":"Feature","geometry":{"type":"Point","coordinates":[25.60157,45.630709]},"properties":{"lines":"3, 10, 31, 32, 33","color":"#0059a9","mode":"bus","arr":["3","10","31","32","33"],"tLines":"3, 10, 31, 33","ntLines":"32","angle":-36.3}},{"type":"Feature","geometry":{"type":"Point","coordinates":[25.618038,45.649258]},"properties":{"lines":"3, 5, 7, 10, 17, 31, 32, 35, 53, TE2, TE3, TE4, TE14","color":"#0059a9","mode":"bus","arr":["3","5","7","10","17","31","32","35","53","TE2","TE3","TE4","TE14"],"tLines":"3, 7, 10, 31","ntLines":"5, 17, 32, 35, 53, TE2, TE3, TE4, TE14","angle":49.6}},{"type":"Feature","geometry":{"type":"Point","coordinates":[25.61934,45.648178]},"properties":{"lines":"3, 5, 7, 10, 17, 31, 32, 35, 53, TE2, TE3, TE4, TE14","color":"#0059a9","mode":"bus","arr":["3","5","7","10","17","31","32","35","53","TE2","TE3","TE4","TE14"],"tLines":"3, 7, 10, 31","ntLines":"5, 17, 32, 35, 53, TE2, TE3, TE4, TE14","angle":51.2,"extra":1,"ei":0}},{"type":"Feature","geometry":{"type":"Point","coordinates":[25.614587,45.653948]},"properties":{"lines":"3, 4, 5, 6, 7, 17, 22, 31, 32, 34, 34B, 35, 37, 52, 53, 54, A1, TE1, TE2, TE3, TE4, TE14","color":"#0059a9","mode":"bus","arr":["3","4","5","6","7","17","22","31","32","34","34B","35","37","52","53","54","A1","TE1","TE2","TE3","TE4","TE14"],"tLines":"3, 6, 7, 31","ntLines":"4, 5, 17, 22, 32, 34, 34B, 35, 37, 52, 53, 54, A1, TE1, TE2, TE3, TE4, TE14","angle":25.9,"side":-1}},{"type":"Feature","geometry":{"type":"Point","coordinates":[25.608232,45.65252]},"properties":{"lines":"3, 7, 22, 52","color":"#0059a9","mode":"bus","arr":["3","7","22","52"],"tLines":"3, 7","ntLines":"22, 52","angle":-29.8,"mi":1}},{"type":"Feature","geometry":{"type":"Point","coordinates":[25.606371,45.652747]},"properties":{"lines":"3, 7, 22, 52","color":"#0059a9","mode":"bus","arr":["3","7","22","52"],"tLines":"3, 7","ntLines":"22, 52","angle":14.4}},{"type":"Feature","geometry":{"type":"Point","coordinates":[25.604167,45.653338]},"properties":{"lines":"3, 16, 23B, TE16","color":"#0059a9","mode":"bus","arr":["3","16","23B","TE16"],"tLines":"3","ntLines":"16, 23B, TE16","angle":17.8,"mi":1}},{"type":"Feature","geometry":{"type":"Point","coordinates":[25.595432,45.659767]},"properties":{"lines":"3, 16, 23B, TE16","color":"#0059a9","mode":"bus","arr":["3","16","23B","TE16"],"tLines":"3","ntLines":"16, 23B, TE16","angle":73.9}},{"type":"Feature","geometry":{"type":"Point","coordinates":[25.593883,45.661651]},"properties":{"lines":"3, 16, 23, 23B, 25, 40, 42, 310, 320","color":"#0059a9","mode":"bus","arr":["3","16","23","23B","25","40","42","310","320"],"tLines":"3","ntLines":"16, 23, 23B, 25, 40, 42, 310, 320","angle":64.2}},{"type":"Feature","geometry":{"type":"Point","coordinates":[25.583309,45.664792]},"properties":{"lines":"3","color":"#149a3f","mode":"bus","arr":["3"],"angle":-89.6}},{"type":"Feature","geometry":{"type":"Point","coordinates":[25.576761,45.63314]},"properties":{"lines":"4, 50, 52","color":"#0059a9","mode":"bus","arr":["4","50","52"],"angle":-32.5,"mi":6}},{"type":"Feature","geometry":{"type":"Point","coordinates":[25.578389,45.63487]},"properties":{"lines":"4, 50, 52","color":"#0059a9","mode":"bus","arr":["4","50","52"],"angle":-52,"mi":1}},{"type":"Feature","geometry":{"type":"Point","coordinates":[25.577352,45.633588]},"properties":{"lines":"4, 50, 52","color":"#0059a9","mode":"bus","arr":["4","50","52"],"angle":-66.2,"mi":3}},{"type":"Feature","geometry":{"type":"Point","coordinates":[25.5801,45.635967]},"properties":{"lines":"4, 50, 52","color":"#0059a9","mode":"bus","arr":["4","50","52"],"angle":-35.6}},{"type":"Feature","geometry":{"type":"Point","coordinates":[25.583155,45.637412]},"properties":{"lines":"4, 50, 52","color":"#0059a9","mode":"bus","arr":["4","50","52"],"angle":-38.9,"mi":4}},{"type":"Feature","geometry":{"type":"Point","coordinates":[25.58156,45.636633]},"properties":{"lines":"4, 50, 52","color":"#0059a9","mode":"bus","arr":["4","50","52"],"angle":-34,"extra":1,"ei":0}},{"type":"Feature","geometry":{"type":"Point","coordinates":[25.585576,45.63913]},"properties":{"lines":"4","color":"#0059a9","mode":"bus","arr":["4"],"angle":69.5}},{"type":"Feature","geometry":{"type":"Point","coordinates":[25.585331,45.639657]},"properties":{"lines":"4, TE1, TE2, TE3, TE4, TE5, TE6, TE7, TE8, TE9, TE10, TE11, TE12, TE13","color":"#0059a9","mode":"bus","arr":["4","TE1","TE2","TE3","TE4","TE5","TE6","TE7","TE8","TE9","TE10","TE11","TE12","TE13"],"angle":72.2}},{"type":"Feature","geometry":{"type":"Point","coordinates":[25.586865,45.640885]},"properties":{"lines":"4, 50, 52, TE1, TE2, TE3, TE4, TE5, TE6, TE7, TE8, TE9, TE10, TE11, TE12, TE13","color":"#0059a9","mode":"bus","arr":["4","50","52","TE1","TE2","TE3","TE4","TE5","TE6","TE7","TE8","TE9","TE10","TE11","TE12","TE13"],"angle":-36.2,"mi":2}},{"type":"Feature","geometry":{"type":"Point","coordinates":[25.588551,45.642399]},"properties":{"lines":"4, 50, 52, TE1, TE2, TE3, TE4, TE5, TE6, TE7, TE8, TE9, TE10, TE11, TE12, TE13","color":"#0059a9","mode":"bus","arr":["4","50","52","TE1","TE2","TE3","TE4","TE5","TE6","TE7","TE8","TE9","TE10","TE11","TE12","TE13"],"angle":-69.4}},{"type":"Feature","geometry":{"type":"Point","coordinates":[25.589349,45.644197]},"properties":{"lines":"4, 50, 52, TE1, TE2, TE3, TE4, TE5, TE6, TE7, TE8, TE9, TE10, TE11, TE12, TE13","color":"#0059a9","mode":"bus","arr":["4","50","52","TE1","TE2","TE3","TE4","TE5","TE6","TE7","TE8","TE9","TE10","TE11","TE12","TE13"],"angle":-73.5,"mi":1}},{"type":"Feature","geometry":{"type":"Point","coordinates":[25.588731,45.645873]},"properties":{"lines":"4, 20","color":"#0059a9","mode":"bus","arr":["4","20"],"angle":10.1}},{"type":"Feature","geometry":{"type":"Point","coordinates":[25.588692,45.645691]},"properties":{"lines":"4, 14, 17, A1","color":"#0059a9","mode":"bus","arr":["4","14","17","A1"],"angle":-17.1,"side":-1}},{"type":"Feature","geometry":{"type":"Point","coordinates":[25.615666,45.651445]},"properties":{"lines":"4, 37, A1","color":"#0059a9","mode":"bus","arr":["4","37","A1"],"angle":-43.9}},{"type":"Feature","geometry":{"type":"Point","coordinates":[25.612867,45.656929]},"properties":{"lines":"4, 32, 35, 37, 53, 54, A1","color":"#0059a9","mode":"bus","arr":["4","32","35","37","53","54","A1"],"angle":-82.5,"side":-1}},{"type":"Feature","geometry":{"type":"Point","coordinates":[25.612487,45.65491]},"properties":{"lines":"4, 32, 35, 37, 53, 54, A1","color":"#0059a9","mode":"bus","arr":["4","32","35","37","53","54","A1"],"angle":-83,"extra":1,"ei":0,"side":-1}},{"type":"Feature","geometry":{"type":"Point","coordinates":[25.613196,45.658654]},"properties":{"lines":"4, 32, 35, 37, 53, 54, A1","color":"#0059a9","mode":"bus","arr":["4","32","35","37","53","54","A1"],"angle":-82.2,"extra":1,"ei":1,"side":-1}},{"type":"Feature","geometry":{"type":"Point","coordinates":[25.613854,45.66068]},"properties":{"lines":"4, 17B, 29, 32, 35, 37, 40, 42, 54, 310, 320, 511, 520, 540, A1","color":"#0059a9","mode":"bus","arr":["4","17B","29","32","35","37","40","42","54","310","320","511","520","540","A1"],"angle":68.8,"mi":2}},{"type":"Feature","geometry":{"type":"Point","coordinates":[25.613127,45.66076]},"properties":{"lines":"4, 17B, 29, 32, 35, 37, 40, 42, 54, 310, 320, 511, 520, 540, A1","color":"#0059a9","mode":"bus","arr":["4","17B","29","32","35","37","40","42","54","310","320","511","520","540","A1"],"angle":79.3}},{"type":"Feature","geometry":{"type":"Point","coordinates":[25.612768,45.660729]},"properties":{"lines":"4, 17B, 29, 32, 35, 37, 40, 42, 54, 310, 320, 511, 520, 540, A1","color":"#0059a9","mode":"bus","arr":["4","17B","29","32","35","37","40","42","54","310","320","511","520","540","A1"],"angle":-72.3,"side":-1,"mi":1}},{"type":"Feature","geometry":{"type":"Point","coordinates":[25.612689,45.657012]},"properties":{"lines":"4, 32, 35, 37, 53, 54, A1, TE6","color":"#0059a9","mode":"bus","arr":["4","32","35","37","53","54","A1","TE6"],"angle":-82.7}},{"type":"Feature","geometry":{"type":"Point","coordinates":[25.613058,45.658974]},"properties":{"lines":"4, 32, 35, 37, 53, 54, A1, TE6","color":"#0059a9","mode":"bus","arr":["4","32","35","37","53","54","A1","TE6"],"angle":-82.6,"extra":1,"ei":0}},{"type":"Feature","geometry":{"type":"Point","coordinates":[25.61235,45.65523]},"properties":{"lines":"4, 32, 35, 37, 53, 54, A1, TE6","color":"#0059a9","mode":"bus","arr":["4","32","35","37","53","54","A1","TE6"],"angle":-82.7,"extra":1,"ei":1}},{"type":"Feature","geometry":{"type":"Point","coordinates":[25.588144,45.645783]},"properties":{"lines":"4, 50, A1","color":"#0059a9","mode":"bus","arr":["4","50","A1"],"angle":-12.8}},{"type":"Feature","geometry":{"type":"Point","coordinates":[25.584276,45.639719]},"properties":{"lines":"4, 50, 52","color":"#0059a9","mode":"bus","arr":["4","50","52"],"angle":-31.2,"mi":7}},{"type":"Feature","geometry":{"type":"Point","coordinates":[25.580458,45.637889]},"properties":{"lines":"4, 50, 52","color":"#0059a9","mode":"bus","arr":["4","50","52"],"angle":-46.2,"mi":2}},{"type":"Feature","geometry":{"type":"Point","coordinates":[25.582376,45.638909]},"properties":{"lines":"4, 50, 52","color":"#0059a9","mode":"bus","arr":["4","50","52"],"angle":-32.5,"extra":1,"ei":0}},{"type":"Feature","geometry":{"type":"Point","coordinates":[25.579315,45.63619]},"properties":{"lines":"4, 50, 52","color":"#0059a9","mode":"bus","arr":["4","50","52"],"angle":49.7,"extra":1,"ei":1}},{"type":"Feature","geometry":{"type":"Point","coordinates":[25.57662,45.633586]},"properties":{"lines":"4, 50, 52","color":"#0059a9","mode":"bus","arr":["4","50","52"],"angle":-56.2,"mi":5}},{"type":"Feature","geometry":{"type":"Point","coordinates":[25.569929,45.659856]},"properties":{"lines":"5, 23B","color":"#0059a9","mode":"bus","arr":["5","23B"],"angle":-42.4,"side":-1}},{"type":"Feature","geometry":{"type":"Point","coordinates":[25.572336,45.66099]},"properties":{"lines":"5, 9, 16, 23, 23B, 24, 28, A1, TE10","color":"#0059a9","mode":"bus","arr":["5","9","16","23","23B","24","28","A1","TE10"],"angle":-28.8,"side":-1}},{"type":"Feature","geometry":{"type":"Point","coordinates":[25.575798,45.662646]},"properties":{"lines":"5, 9, 16, 23, 23B, 24, 28, A1, TE10, TE11, TE12","color":"#0059a9","mode":"bus","arr":["5","9","16","23","23B","24","28","A1","TE10","TE11","TE12"],"angle":-32.9}},{"type":"Feature","geometry":{"type":"Point","coordinates":[25.577371,45.663206]},"properties":{"lines":"5, 9, 16, 23, 23B, 24, 28, A1, TE10, TE11, TE12","color":"#0059a9","mode":"bus","arr":["5","9","16","23","23B","24","28","A1","TE10","TE11","TE12"],"angle":-17.1,"extra":1,"ei":0,"side":-1}},{"type":"Feature","geometry":{"type":"Point","coordinates":[25.582987,45.654904]},"properties":{"lines":"5, 14, 24, 28, A1, TE10, TE11, TE12","color":"#0059a9","mode":"bus","arr":["5","14","24","28","A1","TE10","TE11","TE12"],"angle":59.5}},{"type":"Feature","geometry":{"type":"Point","coordinates":[25.578437,45.662414]},"properties":{"lines":"5, 14, 24, 28, A1, TE10, TE11, TE12","color":"#0059a9","mode":"bus","arr":["5","14","24","28","A1","TE10","TE11","TE12"],"angle":72.1,"extra":1,"ei":0}},{"type":"Feature","geometry":{"type":"Point","coordinates":[25.579323,45.66063]},"properties":{"lines":"5, 14, 24, 28, A1, TE10, TE11, TE12","color":"#0059a9","mode":"bus","arr":["5","14","24","28","A1","TE10","TE11","TE12"],"angle":70.2,"extra":1,"ei":1}},{"type":"Feature","geometry":{"type":"Point","coordinates":[25.580306,45.658871]},"properties":{"lines":"5, 14, 24, 28, A1, TE10, TE11, TE12","color":"#0059a9","mode":"bus","arr":["5","14","24","28","A1","TE10","TE11","TE12"],"angle":67.4,"extra":1,"ei":2}},{"type":"Feature","geometry":{"type":"Point","coordinates":[25.581339,45.657126]},"properties":{"lines":"5, 14, 24, 28, A1, TE10, TE11, TE12","color":"#0059a9","mode":"bus","arr":["5","14","24","28","A1","TE10","TE11","TE12"],"angle":67.5,"extra":1,"ei":3}},{"type":"Feature","geometry":{"type":"Point","coordinates":[25.583885,45.6538]},"properties":{"lines":"5, 14, 24, 28, A1, TE10, TE11, TE12","color":"#0059a9","mode":"bus","arr":["5","14","24","28","A1","TE10","TE11","TE12"],"angle":60.7,"extra":1,"ei":4}},{"type":"Feature","geometry":{"type":"Point","coordinates":[25.585489,45.652287]},"properties":{"lines":"5, 14, 24, 28, A1, TE10, TE11, TE12","color":"#0059a9","mode":"bus","arr":["5","14","24","28","A1","TE10","TE11","TE12"],"angle":48.7,"extra":1,"ei":5}},{"type":"Feature","geometry":{"type":"Point","coordinates":[25.587007,45.650727]},"properties":{"lines":"5, 14, 24, 28, A1, TE10, TE11, TE12","color":"#0059a9","mode":"bus","arr":["5","14","24","28","A1","TE10","TE11","TE12"],"angle":57.8,"extra":1,"ei":6}},{"type":"Feature","geometry":{"type":"Point","coordinates":[25.588352,45.64909]},"properties":{"lines":"5, 14, 24, 28, A1, TE10, TE11, TE12","color":"#0059a9","mode":"bus","arr":["5","14","24","28","A1","TE10","TE11","TE12"],"angle":61.3,"extra":1,"ei":7}},{"type":"Feature","geometry":{"type":"Point","coordinates":[25.589185,45.647302]},"properties":{"lines":"5, 14, 24, 28, A1, TE10, TE11, TE12","color":"#0059a9","mode":"bus","arr":["5","14","24","28","A1","TE10","TE11","TE12"],"angle":73.2,"extra":1,"ei":8}},{"type":"Feature","geometry":{"type":"Point","coordinates":[25.5895,45.646543]},"properties":{"lines":"5, 14, 24, 28, 52, A1","color":"#0059a9","mode":"bus","arr":["5","14","24","28","52","A1"],"angle":74.2}},{"type":"Feature","geometry":{"type":"Point","coordinates":[25.624146,45.643586]},"properties":{"lines":"5, 17, 35, 53","color":"#0059a9","mode":"bus","arr":["5","17","35","53"],"angle":53.7,"side":-1}},{"type":"Feature","geometry":{"type":"Point","coordinates":[25.619561,45.647782]},"properties":{"lines":"5, 17, 35, 53","color":"#0059a9","mode":"bus","arr":["5","17","35","53"],"angle":53.5,"mi":1}},{"type":"Feature","geometry":{"type":"Point","coordinates":[25.621115,45.646409]},"properties":{"lines":"5, 17, 35, 53","color":"#0059a9","mode":"bus","arr":["5","17","35","53"],"angle":53.8,"extra":1,"ei":0,"side":-1}},{"type":"Feature","geometry":{"type":"Point","coordinates":[25.622742,45.644902]},"properties":{"lines":"5, 17, 35, 53","color":"#0059a9","mode":"bus","arr":["5","17","35","53"],"angle":52.7,"extra":1,"ei":1,"side":-1}},{"type":"Feature","geometry":{"type":"Point","coordinates":[25.625966,45.641871]},"properties":{"lines":"5, 17, 35, 53","color":"#0059a9","mode":"bus","arr":["5","17","35","53"],"angle":54.2,"extra":1,"ei":2,"side":-1}},{"type":"Feature","geometry":{"type":"Point","coordinates":[25.627527,45.640335]},"properties":{"lines":"5, 17, 35, 53","color":"#0059a9","mode":"bus","arr":["5","17","35","53"],"angle":53,"extra":1,"ei":3,"side":-1}},{"type":"Feature","geometry":{"type":"Point","coordinates":[25.624649,45.638304]},"properties":{"lines":"5, 53","color":"#0059a9","mode":"bus","arr":["5","53"],"angle":-36}},{"type":"Feature","geometry":{"type":"Point","coordinates":[25.62683,45.639412]},"properties":{"lines":"5, 53","color":"#0059a9","mode":"bus","arr":["5","53"],"angle":-36.2,"extra":1,"ei":0}},{"type":"Feature","geometry":{"type":"Point","coordinates":[25.62246,45.637192]},"properties":{"lines":"5, 53","color":"#0059a9","mode":"bus","arr":["5","53"],"angle":-36.1,"extra":1,"ei":1}},{"type":"Feature","geometry":{"type":"Point","coordinates":[25.623935,45.634991]},"properties":{"lines":"5, 7, 33, 53","color":"#0059a9","mode":"bus","arr":["5","7","33","53"],"tLines":"7, 33","ntLines":"5, 53","angle":35.4,"mi":2}},{"type":"Feature","geometry":{"type":"Point","coordinates":[25.627902,45.632461]},"properties":{"lines":"5, 7, 33, 53","color":"#0059a9","mode":"bus","arr":["5","7","33","53"],"tLines":"7, 33","ntLines":"5, 53","angle":52.8}},{"type":"Feature","geometry":{"type":"Point","coordinates":[25.622188,45.635883]},"properties":{"lines":"5, 7, 33, 53","color":"#0059a9","mode":"bus","arr":["5","7","33","53"],"tLines":"7, 33","ntLines":"5, 53","angle":51.7,"extra":1,"ei":0}},{"type":"Feature","geometry":{"type":"Point","coordinates":[25.626482,45.633621]},"properties":{"lines":"5, 7, 33, 53","color":"#0059a9","mode":"bus","arr":["5","7","33","53"],"tLines":"7, 33","ntLines":"5, 53","angle":41.8,"extra":1,"ei":1}},{"type":"Feature","geometry":{"type":"Point","coordinates":[25.630281,45.632228]},"properties":{"lines":"5, 7, 33, 53","color":"#0059a9","mode":"bus","arr":["5","7","33","53"],"tLines":"7, 33","ntLines":"5, 53","angle":-35.9,"mi":1}},{"type":"Feature","geometry":{"type":"Point","coordinates":[25.631799,45.632492]},"properties":{"lines":"5, 7, 25, 33, 52, 53, 56, 610, 612, 710, 711, 810, TE1, TE2, TE4","color":"#0059a9","mode":"bus","arr":["5","7","25","33","52","53","56","610","612","710","711","810","TE1","TE2","TE4"],"tLines":"7, 33","ntLines":"5, 25, 52, 53, 56, 610, 612, 710, 711, 810, TE1, TE2, TE4","angle":31}},{"type":"Feature","geometry":{"type":"Point","coordinates":[25.633476,45.633866]},"properties":{"lines":"5, 25, 52, 53, 56, 610, 612, 710, 711, 810, TE1, TE2, TE4","color":"#0059a9","mode":"bus","arr":["5","25","52","53","56","610","612","710","711","810","TE1","TE2","TE4"],"angle":-34.3,"side":-1}},{"type":"Feature","geometry":{"type":"Point","coordinates":[25.627237,45.640821]},"properties":{"lines":"5, 17, 35, 53, TE2, TE4, TE14","color":"#0059a9","mode":"bus","arr":["5","17","35","53","TE2","TE4","TE14"],"angle":54.1}},{"type":"Feature","geometry":{"type":"Point","coordinates":[25.633248,45.635142]},"properties":{"lines":"5, 17, 35, 53, TE2, TE4, TE14","color":"#0059a9","mode":"bus","arr":["5","17","35","53","TE2","TE4","TE14"],"angle":52.9,"extra":1,"ei":0}},{"type":"Feature","geometry":{"type":"Point","coordinates":[25.631641,45.63666]},"properties":{"lines":"5, 17, 35, 53, TE2, TE4, TE14","color":"#0059a9","mode":"bus","arr":["5","17","35","53","TE2","TE4","TE14"],"angle":53.6,"extra":1,"ei":1}},{"type":"Feature","geometry":{"type":"Point","coordinates":[25.630015,45.638169]},"properties":{"lines":"5, 17, 35, 53, TE2, TE4, TE14","color":"#0059a9","mode":"bus","arr":["5","17","35","53","TE2","TE4","TE14"],"angle":53.8,"extra":1,"ei":2}},{"type":"Feature","geometry":{"type":"Point","coordinates":[25.628405,45.639685]},"properties":{"lines":"5, 17, 35, 53, TE2, TE4, TE14","color":"#0059a9","mode":"bus","arr":["5","17","35","53","TE2","TE4","TE14"],"angle":53.5,"extra":1,"ei":3}},{"type":"Feature","geometry":{"type":"Point","coordinates":[25.625215,45.642733]},"properties":{"lines":"5, 17, 35, 53, TE2, TE4, TE14","color":"#0059a9","mode":"bus","arr":["5","17","35","53","TE2","TE4","TE14"],"angle":53.8,"extra":1,"ei":4}},{"type":"Feature","geometry":{"type":"Point","coordinates":[25.623621,45.644258]},"properties":{"lines":"5, 17, 35, 53, TE2, TE4, TE14","color":"#0059a9","mode":"bus","arr":["5","17","35","53","TE2","TE4","TE14"],"angle":53.6,"extra":1,"ei":5}},{"type":"Feature","geometry":{"type":"Point","coordinates":[25.621983,45.64576]},"properties":{"lines":"5, 17, 35, 53, TE2, TE4, TE14","color":"#0059a9","mode":"bus","arr":["5","17","35","53","TE2","TE4","TE14"],"angle":53.4,"extra":1,"ei":6}},{"type":"Feature","geometry":{"type":"Point","coordinates":[25.58947,45.647113]},"properties":{"lines":"5","color":"#0059a9","mode":"bus","arr":["5"],"angle":32.8}},{"type":"Feature","geometry":{"type":"Point","coordinates":[25.578276,45.663048]},"properties":{"lines":"5, 14, 24, 28, A1","color":"#0059a9","mode":"bus","arr":["5","14","24","28","A1"],"angle":85}},{"type":"Feature","geometry":{"type":"Point","coordinates":[25.570746,45.660697]},"properties":{"lines":"5, 9, 16, 23, 23B, 24, 28, A1","color":"#0059a9","mode":"bus","arr":["5","9","16","23","23B","24","28","A1"],"angle":-21.3}},{"type":"Feature","geometry":{"type":"Point","coordinates":[25.577197,45.663297]},"properties":{"lines":"5, 9, 16, 23, 23B, 24, 28, A1","color":"#0059a9","mode":"bus","arr":["5","9","16","23","23B","24","28","A1"],"angle":-32.3,"mi":1}},{"type":"Feature","geometry":{"type":"Point","coordinates":[25.572921,45.661431]},"properties":{"lines":"5, 9, 16, 23, 23B, 24, 28, A1, TE11, TE12","color":"#0059a9","mode":"bus","arr":["5","9","16","23","23B","24","28","A1","TE11","TE12"],"angle":-31.5}},{"type":"Feature","geometry":{"type":"Point","coordinates":[25.568893,45.660031]},"properties":{"lines":"5, 9, 23B, A1","color":"#0059a9","mode":"bus","arr":["5","9","23B","A1"],"angle":-88.9,"side":-1}},{"type":"Feature","geometry":{"type":"Point","coordinates":[25.516571,45.633391]},"properties":{"lines":"5M","color":"#0059a9","mode":"bus","arr":["5M"],"angle":-26.8}},{"type":"Feature","geometry":{"type":"Point","coordinates":[25.522702,45.635472]},"properties":{"lines":"5M","color":"#0059a9","mode":"bus","arr":["5M"],"angle":-25.5,"extra":1,"ei":0}},{"type":"Feature","geometry":{"type":"Point","coordinates":[25.52027,45.634649]},"properties":{"lines":"5M","color":"#0059a9","mode":"bus","arr":["5M"],"angle":-26.3,"extra":1,"ei":1}},{"type":"Feature","geometry":{"type":"Point","coordinates":[25.513463,45.633932]},"properties":{"lines":"5M","color":"#0059a9","mode":"bus","arr":["5M"],"angle":49,"extra":1,"ei":2}},{"type":"Feature","geometry":{"type":"Point","coordinates":[25.511694,45.635359]},"properties":{"lines":"5M","color":"#0059a9","mode":"bus","arr":["5M"],"angle":49.2,"extra":1,"ei":3}},{"type":"Feature","geometry":{"type":"Point","coordinates":[25.50752,45.638716]},"properties":{"lines":"5M","color":"#0059a9","mode":"bus","arr":["5M"],"angle":10.3,"mi":3}},{"type":"Feature","geometry":{"type":"Point","coordinates":[25.509839,45.636862]},"properties":{"lines":"5M","color":"#0059a9","mode":"bus","arr":["5M"],"angle":49.4,"extra":1,"ei":0}},{"type":"Feature","geometry":{"type":"Point","coordinates":[25.505716,45.638523]},"properties":{"lines":"5M","color":"#0059a9","mode":"bus","arr":["5M"],"angle":-5.7,"extra":1,"ei":1}},{"type":"Feature","geometry":{"type":"Point","coordinates":[25.503294,45.638252]},"properties":{"lines":"5M","color":"#0059a9","mode":"bus","arr":["5M"],"angle":40.7,"extra":1,"ei":2}},{"type":"Feature","geometry":{"type":"Point","coordinates":[25.518602,45.644634]},"properties":{"lines":"5M, 110, 120, 130, 131, 140","color":"#0059a9","mode":"bus","arr":["5M","110","120","130","131","140"],"angle":-23.6}},{"type":"Feature","geometry":{"type":"Point","coordinates":[25.538997,45.650892]},"properties":{"lines":"5M, 110, 120, 130, 131, 140","color":"#0059a9","mode":"bus","arr":["5M","110","120","130","131","140"],"angle":-24.1,"extra":1,"ei":0,"side":-1}},{"type":"Feature","geometry":{"type":"Point","coordinates":[25.536532,45.65012]},"properties":{"lines":"5M, 110, 120, 130, 131, 140","color":"#0059a9","mode":"bus","arr":["5M","110","120","130","131","140"],"angle":-24.1,"extra":1,"ei":1,"side":-1}},{"type":"Feature","geometry":{"type":"Point","coordinates":[25.534066,45.649348]},"properties":{"lines":"5M, 110, 120, 130, 131, 140","color":"#0059a9","mode":"bus","arr":["5M","110","120","130","131","140"],"angle":-24.1,"extra":1,"ei":2,"side":-1}},{"type":"Feature","geometry":{"type":"Point","coordinates":[25.531601,45.648576]},"properties":{"lines":"5M, 110, 120, 130, 131, 140","color":"#0059a9","mode":"bus","arr":["5M","110","120","130","131","140"],"angle":-24.1,"extra":1,"ei":3,"side":-1}},{"type":"Feature","geometry":{"type":"Point","coordinates":[25.529135,45.647804]},"properties":{"lines":"5M, 110, 120, 130, 131, 140","color":"#0059a9","mode":"bus","arr":["5M","110","120","130","131","140"],"angle":-24.1,"extra":1,"ei":4,"side":-1}},{"type":"Feature","geometry":{"type":"Point","coordinates":[25.52667,45.647032]},"properties":{"lines":"5M, 110, 120, 130, 131, 140","color":"#0059a9","mode":"bus","arr":["5M","110","120","130","131","140"],"angle":-24.1,"extra":1,"ei":5,"side":-1}},{"type":"Feature","geometry":{"type":"Point","coordinates":[25.524204,45.64626]},"properties":{"lines":"5M, 110, 120, 130, 131, 140","color":"#0059a9","mode":"bus","arr":["5M","110","120","130","131","140"],"angle":-24.1,"extra":1,"ei":6,"side":-1}},{"type":"Feature","geometry":{"type":"Point","coordinates":[25.521739,45.645488]},"properties":{"lines":"5M, 110, 120, 130, 131, 140","color":"#0059a9","mode":"bus","arr":["5M","110","120","130","131","140"],"angle":-23.1,"extra":1,"ei":7,"side":-1}},{"type":"Feature","geometry":{"type":"Point","coordinates":[25.516784,45.643984]},"properties":{"lines":"5M, 110, 120, 130, 131, 140","color":"#0059a9","mode":"bus","arr":["5M","110","120","130","131","140"],"angle":-23.9,"extra":1,"ei":8,"side":-1}},{"type":"Feature","geometry":{"type":"Point","coordinates":[25.514383,45.64324]},"properties":{"lines":"5M, 110, 120, 130, 131, 140","color":"#0059a9","mode":"bus","arr":["5M","110","120","130","131","140"],"angle":-31.5,"extra":1,"ei":9,"side":-1}},{"type":"Feature","geometry":{"type":"Point","coordinates":[25.511907,45.642484]},"properties":{"lines":"5M, 110, 120, 130, 131, 140","color":"#0059a9","mode":"bus","arr":["5M","110","120","130","131","140"],"angle":-23.6,"extra":1,"ei":10,"side":-1}},{"type":"Feature","geometry":{"type":"Point","coordinates":[25.509443,45.64171]},"properties":{"lines":"5M, 110, 120, 130, 131, 140","color":"#0059a9","mode":"bus","arr":["5M","110","120","130","131","140"],"angle":-27.9,"extra":1,"ei":11,"side":-1}},{"type":"Feature","geometry":{"type":"Point","coordinates":[25.50724,45.64062]},"properties":{"lines":"5M, 110, 120, 130, 131, 140","color":"#0059a9","mode":"bus","arr":["5M","110","120","130","131","140"],"angle":-35.8,"extra":1,"ei":12,"side":-1}},{"type":"Feature","geometry":{"type":"Point","coordinates":[25.505055,45.639509]},"properties":{"lines":"5M, 110, 120, 130, 131, 140","color":"#0059a9","mode":"bus","arr":["5M","110","120","130","131","140"],"angle":-36.3,"extra":1,"ei":13,"side":-1}},{"type":"Feature","geometry":{"type":"Point","coordinates":[25.502906,45.638366]},"properties":{"lines":"5M, 110, 120, 130, 131, 140","color":"#0059a9","mode":"bus","arr":["5M","110","120","130","131","140"],"angle":-35.6,"extra":1,"ei":14}},{"type":"Feature","geometry":{"type":"Point","coordinates":[25.500689,45.637287]},"properties":{"lines":"5M, 110, 120, 130, 131, 140","color":"#0059a9","mode":"bus","arr":["5M","110","120","130","131","140"],"angle":-36.1,"extra":1,"ei":15,"side":-1}},{"type":"Feature","geometry":{"type":"Point","coordinates":[25.498509,45.636172]},"properties":{"lines":"5M, 110, 120, 130, 131, 140","color":"#0059a9","mode":"bus","arr":["5M","110","120","130","131","140"],"angle":-36.9,"extra":1,"ei":16,"side":-1}},{"type":"Feature","geometry":{"type":"Point","coordinates":[25.540642,45.651485]},"properties":{"lines":"5M, 110, 120, 130, 131, 140","color":"#0059a9","mode":"bus","arr":["5M","110","120","130","131","140"],"angle":-24.6,"extra":1,"ei":0}},{"type":"Feature","geometry":{"type":"Point","coordinates":[25.54806,45.653722]},"properties":{"lines":"5M, 110, 120, 130, 131, 140","color":"#0059a9","mode":"bus","arr":["5M","110","120","130","131","140"],"angle":-24,"side":-1}},{"type":"Feature","geometry":{"type":"Point","coordinates":[25.541464,45.651663]},"properties":{"lines":"5M, 110, 120, 130, 131, 140","color":"#0059a9","mode":"bus","arr":["5M","110","120","130","131","140"],"angle":-24,"extra":1,"ei":0,"side":-1}},{"type":"Feature","geometry":{"type":"Point","coordinates":[25.543931,45.652432]},"properties":{"lines":"5M, 110, 120, 130, 131, 140","color":"#0059a9","mode":"bus","arr":["5M","110","120","130","131","140"],"angle":-24.1,"extra":1,"ei":1,"side":-1}},{"type":"Feature","geometry":{"type":"Point","coordinates":[25.546394,45.653208]},"properties":{"lines":"5M, 110, 120, 130, 131, 140","color":"#0059a9","mode":"bus","arr":["5M","110","120","130","131","140"],"angle":-24.3,"extra":1,"ei":2,"side":-1}},{"type":"Feature","geometry":{"type":"Point","coordinates":[25.551331,45.654742]},"properties":{"lines":"5M, 110, 120, 130, 131, 140","color":"#0059a9","mode":"bus","arr":["5M","110","120","130","131","140"],"angle":-24,"extra":1,"ei":3,"side":-1}},{"type":"Feature","geometry":{"type":"Point","coordinates":[25.5538,45.655497]},"properties":{"lines":"5M, 110, 120, 130, 131, 140","color":"#0059a9","mode":"bus","arr":["5M","110","120","130","131","140"],"angle":-24,"extra":1,"ei":4,"side":-1}},{"type":"Feature","geometry":{"type":"Point","coordinates":[25.559131,45.657188]},"properties":{"lines":"5M, 16, 23, 110, 120, 130, 131, 140","color":"#0059a9","mode":"bus","arr":["5M","16","23","110","120","130","131","140"],"angle":-24.3}},{"type":"Feature","geometry":{"type":"Point","coordinates":[25.557091,45.65654]},"properties":{"lines":"5M, 16, 23, 110, 120, 130, 131, 140","color":"#0059a9","mode":"bus","arr":["5M","16","23","110","120","130","131","140"],"angle":-26.1,"extra":1,"ei":0}},{"type":"Feature","geometry":{"type":"Point","coordinates":[25.562072,45.657993]},"properties":{"lines":"5M, 16, 23, 110, 120, 130, 131, 140","color":"#0059a9","mode":"bus","arr":["5M","16","23","110","120","130","131","140"],"angle":-21.5,"extra":1,"ei":1,"side":-1}},{"type":"Feature","geometry":{"type":"Point","coordinates":[25.567055,45.659567]},"properties":{"lines":"5M, 16, 23, 24, 28, 110, 120, 130, 131, 140, 210, 220, A1","color":"#0059a9","mode":"bus","arr":["5M","16","23","24","28","110","120","130","131","140","210","220","A1"],"angle":-22.8,"side":-1}},{"type":"Feature","geometry":{"type":"Point","coordinates":[25.563912,45.658658]},"properties":{"lines":"5M, 16, 23, 24, 28, 110, 120, 130, 131, 140, 210, 220, A1","color":"#0059a9","mode":"bus","arr":["5M","16","23","24","28","110","120","130","131","140","210","220","A1"],"angle":-23.9,"mi":2}},{"type":"Feature","geometry":{"type":"Point","coordinates":[25.570021,45.660055]},"properties":{"lines":"5M, 210, 220","color":"#0059a9","mode":"bus","arr":["5M","210","220"],"angle":-42.1}},{"type":"Feature","geometry":{"type":"Point","coordinates":[25.570331,45.659602]},"properties":{"lines":"5M, 110, 120, 130, 131, 140, 210, 220, A1","color":"#0059a9","mode":"bus","arr":["5M","110","120","130","131","140","210","220","A1"],"angle":-43.3,"side":-1}},{"type":"Feature","geometry":{"type":"Point","coordinates":[25.569435,45.659938]},"properties":{"lines":"5M, 110, 120, 130, 131, 140, 210, 220, A1, TE11, TE12","color":"#0059a9","mode":"bus","arr":["5M","110","120","130","131","140","210","220","A1","TE11","TE12"],"angle":-36.8}},{"type":"Feature","geometry":{"type":"Point","coordinates":[25.568698,45.660114]},"properties":{"lines":"5M, 16, 23, 24, 28, 110, 120, 130, 131, 140, 210, 220, A1","color":"#0059a9","mode":"bus","arr":["5M","16","23","24","28","110","120","130","131","140","210","220","A1"],"angle":-24.9,"mi":1}},{"type":"Feature","geometry":{"type":"Point","coordinates":[25.562211,45.659227]},"properties":{"lines":"5M, 24, 28, 110, 120, 130, 131, 140, 210, 220, A1","color":"#0059a9","mode":"bus","arr":["5M","24","28","110","120","130","131","140","210","220","A1"],"angle":67.1,"mi":1}},{"type":"Feature","geometry":{"type":"Point","coordinates":[25.56094,45.66005]},"properties":{"lines":"5M, 24, 28, 110, 120, 130, 131, 140, 210, 220, A1","color":"#0059a9","mode":"bus","arr":["5M","24","28","110","120","130","131","140","210","220","A1"],"angle":-26.8}},{"type":"Feature","geometry":{"type":"Point","coordinates":[25.557155,45.659476]},"properties":{"lines":"5M, 24, 28, 110, 120, 130, 131, 140, 210, 220, A1, TE11, TE12","color":"#0059a9","mode":"bus","arr":["5M","24","28","110","120","130","131","140","210","220","A1","TE11","TE12"],"angle":8.9}},{"type":"Feature","geometry":{"type":"Point","coordinates":[25.559164,45.659549]},"properties":{"lines":"5M, 24, 28, 110, 120, 130, 131, 140, 210, 220, A1, TE11, TE12","color":"#0059a9","mode":"bus","arr":["5M","24","28","110","120","130","131","140","210","220","A1","TE11","TE12"],"angle":-14.9,"extra":1,"ei":0}},{"type":"Feature","geometry":{"type":"Point","coordinates":[25.554116,45.660456]},"properties":{"lines":"5M, 24, 28, 110, 120, 130, 131, 140, 210, 220, A1, TE11, TE12","color":"#0059a9","mode":"bus","arr":["5M","24","28","110","120","130","131","140","210","220","A1","TE11","TE12"],"angle":31.6,"extra":1,"ei":1}},{"type":"Feature","geometry":{"type":"Point","coordinates":[25.553875,45.660771]},"properties":{"lines":"5M, 24, 28, 110, 120, 130, 131, 140, A1","color":"#0059a9","mode":"bus","arr":["5M","24","28","110","120","130","131","140","A1"],"angle":-78.6,"side":-1}},{"type":"Feature","geometry":{"type":"Point","coordinates":[25.555601,45.660819]},"properties":{"lines":"5M, 24, 28, 110, 120, 130, 131, 140, A1, TE11, TE12","color":"#0059a9","mode":"bus","arr":["5M","24","28","110","120","130","131","140","A1","TE11","TE12"],"angle":8.4}},{"type":"Feature","geometry":{"type":"Point","coordinates":[25.555603,45.65772]},"properties":{"lines":"5M, 110, 120, 130, 131, 140","color":"#0059a9","mode":"bus","arr":["5M","110","120","130","131","140"],"angle":-65.9,"mi":1}},{"type":"Feature","geometry":{"type":"Point","coordinates":[25.557127,45.659572]},"properties":{"lines":"5M, 110, 120, 130, 131, 140","color":"#0059a9","mode":"bus","arr":["5M","110","120","130","131","140"],"angle":-69.5,"extra":1,"ei":0}},{"type":"Feature","geometry":{"type":"Point","coordinates":[25.55457,45.656273]},"properties":{"lines":"5M, 110, 120, 130, 131, 140","color":"#0059a9","mode":"bus","arr":["5M","110","120","130","131","140"],"angle":-53.4,"extra":1,"ei":1}},{"type":"Feature","geometry":{"type":"Point","coordinates":[25.518671,45.630984]},"properties":{"lines":"5M","color":"#0059a9","mode":"bus","arr":["5M"],"angle":53.1,"mi":1}},{"type":"Feature","geometry":{"type":"Point","coordinates":[25.517036,45.632504]},"properties":{"lines":"5M","color":"#0059a9","mode":"bus","arr":["5M"],"angle":53.3,"extra":1,"ei":0}},{"type":"Feature","geometry":{"type":"Point","coordinates":[25.52028,45.629484]},"properties":{"lines":"5M","color":"#0059a9","mode":"bus","arr":["5M"],"angle":53,"extra":1,"ei":1}},{"type":"Feature","geometry":{"type":"Point","coordinates":[25.521155,45.628672]},"properties":{"lines":"5M","color":"#0059a9","mode":"bus","arr":["5M"],"angle":18,"mi":2}},{"type":"Feature","geometry":{"type":"Point","coordinates":[25.635801,45.634836]},"properties":{"lines":"6, 8, 17B, 21, 22, 23","color":"#0059a9","mode":"bus","arr":["6","8","17B","21","22","23"],"tLines":"6, 8","ntLines":"17B, 21, 22, 23","angle":-39.6}},{"type":"Feature","geometry":{"type":"Point","coordinates":[25.63596,45.635144]},"properties":{"lines":"6, 8, 17B, 21, 22, 23","color":"#0059a9","mode":"bus","arr":["6","8","17B","21","22","23"],"tLines":"6, 8","ntLines":"17B, 21, 22, 23","angle":78.7,"mi":1}},{"type":"Feature","geometry":{"type":"Point","coordinates":[25.634017,45.642836]},"properties":{"lines":"6, 8, 17B, 21, 22, 23, 25, 52, 56, 610, 612, TE1","color":"#0059a9","mode":"bus","arr":["6","8","17B","21","22","23","25","52","56","610","612","TE1"],"tLines":"6, 8","ntLines":"17B, 21, 22, 23, 25, 52, 56, 610, 612, TE1","angle":53.7}},{"type":"Feature","geometry":{"type":"Point","coordinates":[25.636341,45.636214]},"properties":{"lines":"6, 8, 17B, 21, 22, 23, 25, 52, 56, 610, 612, TE1","color":"#0059a9","mode":"bus","arr":["6","8","17B","21","22","23","25","52","56","610","612","TE1"],"tLines":"6, 8","ntLines":"17B, 21, 22, 23, 25, 52, 56, 610, 612, TE1","angle":-84.6,"extra":1,"ei":0}},{"type":"Feature","geometry":{"type":"Point","coordinates":[25.636429,45.638101]},"properties":{"lines":"6, 8, 17B, 21, 22, 23, 25, 52, 56, 610, 612, TE1","color":"#0059a9","mode":"bus","arr":["6","8","17B","21","22","23","25","52","56","610","612","TE1"],"tLines":"6, 8","ntLines":"17B, 21, 22, 23, 25, 52, 56, 610, 612, TE1","angle":-88.2,"extra":1,"ei":1}},{"type":"Feature","geometry":{"type":"Point","coordinates":[25.636382,45.639986]},"properties":{"lines":"6, 8, 17B, 21, 22, 23, 25, 52, 56, 610, 612, TE1","color":"#0059a9","mode":"bus","arr":["6","8","17B","21","22","23","25","52","56","610","612","TE1"],"tLines":"6, 8","ntLines":"17B, 21, 22, 23, 25, 52, 56, 610, 612, TE1","angle":79.4,"extra":1,"ei":2}},{"type":"Feature","geometry":{"type":"Point","coordinates":[25.635243,45.641676]},"properties":{"lines":"6, 8, 17B, 21, 22, 23, 25, 52, 56, 610, 612, TE1","color":"#0059a9","mode":"bus","arr":["6","8","17B","21","22","23","25","52","56","610","612","TE1"],"tLines":"6, 8","ntLines":"17B, 21, 22, 23, 25, 52, 56, 610, 612, TE1","angle":53.4,"extra":1,"ei":3}},{"type":"Feature","geometry":{"type":"Point","coordinates":[25.632038,45.644716]},"properties":{"lines":"6, 8, 17B, 21, 22, 23, 25, 52, 56, 610, 612, TE1","color":"#0059a9","mode":"bus","arr":["6","8","17B","21","22","23","25","52","56","610","612","TE1"],"tLines":"6, 8","ntLines":"17B, 21, 22, 23, 25, 52, 56, 610, 612, TE1","angle":53.4,"extra":1,"ei":4}},{"type":"Feature","geometry":{"type":"Point","coordinates":[25.630432,45.646235]},"properties":{"lines":"6, 8, 17B, 21, 22, 23, 25, 52, 56, 610, 612, TE1","color":"#0059a9","mode":"bus","arr":["6","8","17B","21","22","23","25","52","56","610","612","TE1"],"tLines":"6, 8","ntLines":"17B, 21, 22, 23, 25, 52, 56, 610, 612, TE1","angle":53.5,"extra":1,"ei":5}},{"type":"Feature","geometry":{"type":"Point","coordinates":[25.628818,45.64775]},"properties":{"lines":"6, 8, 17B, 21, 22, 23, 25, 52, 56, 610, 612, TE1","color":"#0059a9","mode":"bus","arr":["6","8","17B","21","22","23","25","52","56","610","612","TE1"],"tLines":"6, 8","ntLines":"17B, 21, 22, 23, 25, 52, 56, 610, 612, TE1","angle":53,"extra":1,"ei":6}},{"type":"Feature","geometry":{"type":"Point","coordinates":[25.627445,45.649353]},"properties":{"lines":"6, 8, 17B, 21, 22, 23, 25, 52, 56, 610, 612, TE1","color":"#0059a9","mode":"bus","arr":["6","8","17B","21","22","23","25","52","56","610","612","TE1"],"tLines":"6, 8","ntLines":"17B, 21, 22, 23, 25, 52, 56, 610, 612, TE1","angle":78.4,"extra":1,"ei":7}},{"type":"Feature","geometry":{"type":"Point","coordinates":[25.626787,45.649837]},"properties":{"lines":"6, 8, 17B, 21, 22, 23, 25, 34, 34B, 52, TE1","color":"#0059a9","mode":"bus","arr":["6","8","17B","21","22","23","25","34","34B","52","TE1"],"tLines":"6, 8","ntLines":"17B, 21, 22, 23, 25, 34, 34B, 52, TE1","angle":33.7}},{"type":"Feature","geometry":{"type":"Point","coordinates":[25.620953,45.650423]},"properties":{"lines":"6, 22, 34, 34B, 52, TE1","color":"#0059a9","mode":"bus","arr":["6","22","34","34B","52","TE1"],"tLines":"6","ntLines":"22, 34, 34B, 52, TE1","angle":7}},{"type":"Feature","geometry":{"type":"Point","coordinates":[25.624615,45.650111]},"properties":{"lines":"6, 22, 34, 34B, 52, TE1","color":"#0059a9","mode":"bus","arr":["6","22","34","34B","52","TE1"],"tLines":"6","ntLines":"22, 34, 34B, 52, TE1","angle":11.3,"extra":1,"ei":0}},{"type":"Feature","geometry":{"type":"Point","coordinates":[25.619292,45.650681]},"properties":{"lines":"6, 22, 34, 34B, 52, TE1","color":"#0059a9","mode":"bus","arr":["6","22","34","34B","52","TE1"],"tLines":"6","ntLines":"22, 34, 34B, 52, TE1","angle":13.9,"extra":1,"ei":1}},{"type":"Feature","geometry":{"type":"Point","coordinates":[25.616678,45.651155]},"properties":{"lines":"6, 22, 34, 34B, 52, TE1","color":"#0059a9","mode":"bus","arr":["6","22","34","34B","52","TE1"],"tLines":"6","ntLines":"22, 34, 34B, 52, TE1","angle":14.1,"extra":1,"ei":2}},{"type":"Feature","geometry":{"type":"Point","coordinates":[25.620985,45.650323]},"properties":{"lines":"6, 22, 34, 34B, 52","color":"#0059a9","mode":"bus","arr":["6","22","34","34B","52"],"tLines":"6","ntLines":"22, 34, 34B, 52","angle":6.3,"side":-1}},{"type":"Feature","geometry":{"type":"Point","coordinates":[25.617347,45.650919]},"properties":{"lines":"6, 22, 34, 34B, 52","color":"#0059a9","mode":"bus","arr":["6","22","34","34B","52"],"tLines":"6","ntLines":"22, 34, 34B, 52","angle":13.2,"extra":1,"ei":0,"side":-1}},{"type":"Feature","geometry":{"type":"Point","coordinates":[25.625304,45.64993]},"properties":{"lines":"6, 22, 34, 34B, 52","color":"#0059a9","mode":"bus","arr":["6","22","34","34B","52"],"tLines":"6","ntLines":"22, 34, 34B, 52","angle":11.2,"extra":1,"ei":1,"side":-1}},{"type":"Feature","geometry":{"type":"Point","coordinates":[25.626617,45.649665]},"properties":{"lines":"6, 8, 17B, 21, 22, 23, 25, 34, 34B, 52","color":"#0059a9","mode":"bus","arr":["6","8","17B","21","22","23","25","34","34B","52"],"tLines":"6, 8","ntLines":"17B, 21, 22, 23, 25, 34, 34B, 52","angle":35.5,"side":-1}},{"type":"Feature","geometry":{"type":"Point","coordinates":[25.627542,45.648861]},"properties":{"lines":"6, 8, 17B, 21, 22, 23, 25, 52, 56, 610, 612","color":"#0059a9","mode":"bus","arr":["6","8","17B","21","22","23","25","52","56","610","612"],"tLines":"6, 8","ntLines":"17B, 21, 22, 23, 25, 52, 56, 610, 612","angle":51.8,"side":-1}},{"type":"Feature","geometry":{"type":"Point","coordinates":[25.635107,45.634423]},"properties":{"lines":"6, 8, 22, 23","color":"#0059a9","mode":"bus","arr":["6","8","22","23"],"tLines":"6, 8","ntLines":"22, 23","angle":-58.3}},{"type":"Feature","geometry":{"type":"Point","coordinates":[25.632103,45.633161]},"properties":{"lines":"7, 25, 33, 52, 56, 610, 612, 710, 711, 810, TE1, TE2, TE4","color":"#0059a9","mode":"bus","arr":["7","25","33","52","56","610","612","710","711","810","TE1","TE2","TE4"],"tLines":"7, 33","ntLines":"25, 52, 56, 610, 612, 710, 711, 810, TE1, TE2, TE4","angle":-42.5}},{"type":"Feature","geometry":{"type":"Point","coordinates":[25.619543,45.639322]},"properties":{"lines":"7, 33","color":"#149a3f","mode":"bus","arr":["7","33"],"angle":71.5}},{"type":"Feature","geometry":{"type":"Point","coordinates":[25.620528,45.637469]},"properties":{"lines":"7, 33","color":"#149a3f","mode":"bus","arr":["7","33"],"angle":3.7,"mi":1}},{"type":"Feature","geometry":{"type":"Point","coordinates":[25.618429,45.641462]},"properties":{"lines":"7","color":"#149a3f","mode":"bus","arr":["7"],"angle":69.1}},{"type":"Feature","geometry":{"type":"Point","coordinates":[25.610207,45.660291]},"properties":{"lines":"8, 23, 23B, 25, 29, 32, 40, 42, 53, 310, 320, 520","color":"#0059a9","mode":"bus","arr":["8","23","23B","25","29","32","40","42","53","310","320","520"],"tLines":"8","ntLines":"23, 23B, 25, 29, 32, 40, 42, 53, 310, 320, 520","angle":-15.4,"side":-1}},{"type":"Feature","geometry":{"type":"Point","coordinates":[25.617638,45.65937]},"properties":{"lines":"8, 17B, 23, 23B, 25, 37, 54, 511, 520, 540","color":"#0059a9","mode":"bus","arr":["8","17B","23","23B","25","37","54","511","520","540"],"tLines":"8","ntLines":"17B, 23, 23B, 25, 37, 54, 511, 520, 540","angle":12.6,"side":-1}},{"type":"Feature","geometry":{"type":"Point","coordinates":[25.614936,45.659777]},"properties":{"lines":"8, 17B, 23, 23B, 25, 37, 54, 511, 520, 540","color":"#0059a9","mode":"bus","arr":["8","17B","23","23B","25","37","54","511","520","540"],"tLines":"8","ntLines":"17B, 23, 23B, 25, 37, 54, 511, 520, 540","angle":11.5,"extra":1,"ei":0,"side":-1}},{"type":"Feature","geometry":{"type":"Point","coordinates":[25.620205,45.658947]},"properties":{"lines":"8, 17B, 23, 23B, 25, 37, 54, 511, 520, 540","color":"#0059a9","mode":"bus","arr":["8","17B","23","23B","25","37","54","511","520","540"],"tLines":"8","ntLines":"17B, 23, 23B, 25, 37, 54, 511, 520, 540","angle":18.6,"extra":1,"ei":1,"side":-1}},{"type":"Feature","geometry":{"type":"Point","coordinates":[25.623983,45.654236]},"properties":{"lines":"8, 17B, 21, 23, 25","color":"#0059a9","mode":"bus","arr":["8","17B","21","23","25"],"tLines":"8","ntLines":"17B, 21, 23, 25","angle":72.1,"side":-1}},{"type":"Feature","geometry":{"type":"Point","coordinates":[25.622441,45.657453]},"properties":{"lines":"8, 17B, 21, 23, 25","color":"#0059a9","mode":"bus","arr":["8","17B","21","23","25"],"tLines":"8","ntLines":"17B, 21, 23, 25","angle":70.6,"extra":1,"ei":0,"side":-1}},{"type":"Feature","geometry":{"type":"Point","coordinates":[25.623314,45.655665]},"properties":{"lines":"8, 17B, 21, 23, 25","color":"#0059a9","mode":"bus","arr":["8","17B","21","23","25"],"tLines":"8","ntLines":"17B, 21, 23, 25","angle":71.4,"extra":1,"ei":1,"side":-1}},{"type":"Feature","geometry":{"type":"Point","coordinates":[25.625069,45.652094]},"properties":{"lines":"8, 17B, 21, 23, 25","color":"#0059a9","mode":"bus","arr":["8","17B","21","23","25"],"tLines":"8","ntLines":"17B, 21, 23, 25","angle":70.2,"extra":1,"ei":2,"side":-1}},{"type":"Feature","geometry":{"type":"Point","coordinates":[25.625968,45.650314]},"properties":{"lines":"8, 17B, 21, 23, 25","color":"#0059a9","mode":"bus","arr":["8","17B","21","23","25"],"tLines":"8","ntLines":"17B, 21, 23, 25","angle":80.8,"extra":1,"ei":3,"side":-1}},{"type":"Feature","geometry":{"type":"Point","coordinates":[25.622263,45.658055]},"properties":{"lines":"8, 17B, 23, 25","color":"#0059a9","mode":"bus","arr":["8","17B","23","25"],"tLines":"8","ntLines":"17B, 23, 25","angle":61.5}},{"type":"Feature","geometry":{"type":"Point","coordinates":[25.617491,45.659509]},"properties":{"lines":"8, 17B, 23, 23B, 25, 37, 54, 511, 520, 540, TE6","color":"#0059a9","mode":"bus","arr":["8","17B","23","23B","25","37","54","511","520","540","TE6"],"tLines":"8","ntLines":"17B, 23, 23B, 25, 37, 54, 511, 520, 540, TE6","angle":13}},{"type":"Feature","geometry":{"type":"Point","coordinates":[25.620037,45.659105]},"properties":{"lines":"8, 17B, 23, 23B, 25, 37, 54, 511, 520, 540, TE6","color":"#0059a9","mode":"bus","arr":["8","17B","23","23B","25","37","54","511","520","540","TE6"],"tLines":"8","ntLines":"17B, 23, 23B, 25, 37, 54, 511, 520, 540, TE6","angle":13.1,"extra":1,"ei":0}},{"type":"Feature","geometry":{"type":"Point","coordinates":[25.614771,45.659948]},"properties":{"lines":"8, 17B, 23, 23B, 25, 37, 54, 511, 520, 540, TE6","color":"#0059a9","mode":"bus","arr":["8","17B","23","23B","25","37","54","511","520","540","TE6"],"tLines":"8","ntLines":"17B, 23, 23B, 25, 37, 54, 511, 520, 540, TE6","angle":12.7,"extra":1,"ei":1}},{"type":"Feature","geometry":{"type":"Point","coordinates":[25.607839,45.660013]},"properties":{"lines":"8, 29, 32, 53","color":"#0059a9","mode":"bus","arr":["8","29","32","53"],"tLines":"8","ntLines":"29, 32, 53","angle":16.8}},{"type":"Feature","geometry":{"type":"Point","coordinates":[25.569883,45.659904]},"properties":{"lines":"9, 28, A1","color":"#0059a9","mode":"bus","arr":["9","28","A1"],"angle":-42.7,"side":-1}},{"type":"Feature","geometry":{"type":"Point","coordinates":[25.579891,45.664089]},"properties":{"lines":"9, 16, 23, 23B, 25, 41","color":"#0059a9","mode":"bus","arr":["9","16","23","23B","25","41"],"angle":-14}},{"type":"Feature","geometry":{"type":"Point","coordinates":[25.582792,45.664699]},"properties":{"lines":"9, 16, 22, 23, 23B, 25, 41","color":"#0059a9","mode":"bus","arr":["9","16","22","23","23B","25","41"],"angle":-31.6}},{"type":"Feature","geometry":{"type":"Point","coordinates":[25.580938,45.664371]},"properties":{"lines":"9, 25, 41","color":"#0059a9","mode":"bus","arr":["9","25","41"],"angle":28.6}},{"type":"Feature","geometry":{"type":"Point","coordinates":[25.585389,45.665625]},"properties":{"lines":"9, 15, 29","color":"#0059a9","mode":"bus","arr":["9","15","29"],"angle":-17.6,"mi":1}},{"type":"Feature","geometry":{"type":"Point","coordinates":[25.590069,45.666687]},"properties":{"lines":"9, 15, 29","color":"#0059a9","mode":"bus","arr":["9","15","29"],"angle":66.1}},{"type":"Feature","geometry":{"type":"Point","coordinates":[25.582001,45.664865]},"properties":{"lines":"9, 15, 29","color":"#0059a9","mode":"bus","arr":["9","15","29"],"angle":-17.5,"extra":1,"ei":0}},{"type":"Feature","geometry":{"type":"Point","coordinates":[25.587143,45.666024]},"properties":{"lines":"9, 15, 29","color":"#0059a9","mode":"bus","arr":["9","15","29"],"angle":-18.4,"extra":1,"ei":1}},{"type":"Feature","geometry":{"type":"Point","coordinates":[25.59521,45.666712]},"properties":{"lines":"9, 15, 29","color":"#0059a9","mode":"bus","arr":["9","15","29"],"angle":4.3,"mi":2}},{"type":"Feature","geometry":{"type":"Point","coordinates":[25.597449,45.66658]},"properties":{"lines":"9, 15, 29","color":"#0059a9","mode":"bus","arr":["9","15","29"],"angle":5.6,"extra":1,"ei":0}},{"type":"Feature","geometry":{"type":"Point","coordinates":[25.592061,45.666848]},"properties":{"lines":"9, 15, 29","color":"#0059a9","mode":"bus","arr":["9","15","29"],"angle":2,"extra":1,"ei":1}},{"type":"Feature","geometry":{"type":"Point","coordinates":[25.604106,45.666116]},"properties":{"lines":"9, 15, 29, 36, TE8","color":"#0059a9","mode":"bus","arr":["9","15","29","36","TE8"],"angle":5.6}},{"type":"Feature","geometry":{"type":"Point","coordinates":[25.600361,45.666371]},"properties":{"lines":"9, 15, 29, 36, TE8","color":"#0059a9","mode":"bus","arr":["9","15","29","36","TE8"],"angle":5.8,"extra":1,"ei":0}},{"type":"Feature","geometry":{"type":"Point","coordinates":[25.608428,45.665831]},"properties":{"lines":"9, 15, 29, 36, TE8","color":"#0059a9","mode":"bus","arr":["9","15","29","36","TE8"],"angle":5.6,"extra":1,"ei":1}},{"type":"Feature","geometry":{"type":"Point","coordinates":[25.580625,45.664289]},"properties":{"lines":"9","color":"#0059a9","mode":"bus","arr":["9"],"angle":-48}},{"type":"Feature","geometry":{"type":"Point","coordinates":[25.578599,45.663656]},"properties":{"lines":"9, 16, 23, 23B","color":"#0059a9","mode":"bus","arr":["9","16","23","23B"],"angle":-25.6}},{"type":"Feature","geometry":{"type":"Point","coordinates":[25.565713,45.653242]},"properties":{"lines":"14","color":"#0059a9","mode":"bus","arr":["14"],"angle":-23.7}},{"type":"Feature","geometry":{"type":"Point","coordinates":[25.553606,45.646006]},"properties":{"lines":"14","color":"#0059a9","mode":"bus","arr":["14"],"angle":-44.4,"extra":1,"ei":0}},{"type":"Feature","geometry":{"type":"Point","coordinates":[25.555536,45.647328]},"properties":{"lines":"14","color":"#0059a9","mode":"bus","arr":["14"],"angle":-44.4,"extra":1,"ei":1}},{"type":"Feature","geometry":{"type":"Point","coordinates":[25.557464,45.64865]},"properties":{"lines":"14","color":"#0059a9","mode":"bus","arr":["14"],"angle":-44.2,"extra":1,"ei":2}},{"type":"Feature","geometry":{"type":"Point","coordinates":[25.559387,45.649969]},"properties":{"lines":"14","color":"#0059a9","mode":"bus","arr":["14"],"angle":-56,"extra":1,"ei":3}},{"type":"Feature","geometry":{"type":"Point","coordinates":[25.560833,45.651563]},"properties":{"lines":"14","color":"#0059a9","mode":"bus","arr":["14"],"angle":-54,"extra":1,"ei":4}},{"type":"Feature","geometry":{"type":"Point","coordinates":[25.563244,45.652205]},"properties":{"lines":"14","color":"#0059a9","mode":"bus","arr":["14"],"angle":-30.6,"extra":1,"ei":5}},{"type":"Feature","geometry":{"type":"Point","coordinates":[25.567963,45.654016]},"properties":{"lines":"14","color":"#0059a9","mode":"bus","arr":["14"],"angle":-34,"extra":1,"ei":6}},{"type":"Feature","geometry":{"type":"Point","coordinates":[25.570299,45.65471]},"properties":{"lines":"14","color":"#0059a9","mode":"bus","arr":["14"],"angle":25.4,"extra":1,"ei":7}},{"type":"Feature","geometry":{"type":"Point","coordinates":[25.572878,45.654492]},"properties":{"lines":"14","color":"#0059a9","mode":"bus","arr":["14"],"angle":-12,"extra":1,"ei":8}},{"type":"Feature","geometry":{"type":"Point","coordinates":[25.574744,45.655758]},"properties":{"lines":"14","color":"#0059a9","mode":"bus","arr":["14"],"angle":-57.7,"extra":1,"ei":9}},{"type":"Feature","geometry":{"type":"Point","coordinates":[25.576739,45.656981]},"properties":{"lines":"14","color":"#0059a9","mode":"bus","arr":["14"],"angle":-43,"extra":1,"ei":10}},{"type":"Feature","geometry":{"type":"Point","coordinates":[25.578907,45.658094]},"properties":{"lines":"14","color":"#0059a9","mode":"bus","arr":["14"],"angle":-28.5,"extra":1,"ei":11}},{"type":"Feature","geometry":{"type":"Point","coordinates":[25.556406,45.664858]},"properties":{"lines":"15, 25, 28, TE11, TE15","color":"#0059a9","mode":"bus","arr":["15","25","28","TE11","TE15"],"angle":-84.5}},{"type":"Feature","geometry":{"type":"Point","coordinates":[25.561276,45.664152]},"properties":{"lines":"15, 25, 28, TE12, TE15","color":"#0059a9","mode":"bus","arr":["15","25","28","TE12","TE15"],"angle":4.6}},{"type":"Feature","geometry":{"type":"Point","coordinates":[25.557696,45.664372]},"properties":{"lines":"15, 25, 28, TE12, TE15","color":"#0059a9","mode":"bus","arr":["15","25","28","TE12","TE15"],"angle":5,"extra":1,"ei":0}},{"type":"Feature","geometry":{"type":"Point","coordinates":[25.563076,45.664032]},"properties":{"lines":"15, 25, 28, TE12, TE15","color":"#0059a9","mode":"bus","arr":["15","25","28","TE12","TE15"],"angle":5.4,"extra":1,"ei":1}},{"type":"Feature","geometry":{"type":"Point","coordinates":[25.565744,45.664274]},"properties":{"lines":"15, 25, 28, TE12, TE15","color":"#0059a9","mode":"bus","arr":["15","25","28","TE12","TE15"],"angle":-10.7,"extra":1,"ei":2}},{"type":"Feature","geometry":{"type":"Point","coordinates":[25.566986,45.663711]},"properties":{"lines":"15, 25, 28, TE15","color":"#0059a9","mode":"bus","arr":["15","25","28","TE15"],"angle":68.3,"mi":1}},{"type":"Feature","geometry":{"type":"Point","coordinates":[25.57054,45.664262]},"properties":{"lines":"15, 25, 28, TE15","color":"#0059a9","mode":"bus","arr":["15","25","28","TE15"],"angle":-32}},{"type":"Feature","geometry":{"type":"Point","coordinates":[25.568589,45.663405]},"properties":{"lines":"15, 25, 28, TE15","color":"#0059a9","mode":"bus","arr":["15","25","28","TE15"],"angle":-32.5,"extra":1,"ei":0}},{"type":"Feature","geometry":{"type":"Point","coordinates":[25.573163,45.665414]},"properties":{"lines":"15, 25, 28, TE15","color":"#0059a9","mode":"bus","arr":["15","25","28","TE15"],"angle":-32.1,"extra":1,"ei":1}},{"type":"Feature","geometry":{"type":"Point","coordinates":[25.572813,45.666296]},"properties":{"lines":"15, 25, 28, TE15","color":"#0059a9","mode":"bus","arr":["15","25","28","TE15"],"angle":49.8,"mi":2}},{"type":"Feature","geometry":{"type":"Point","coordinates":[25.57469,45.666741]},"properties":{"lines":"15, 25, 29, TE15","color":"#0059a9","mode":"bus","arr":["15","25","29","TE15"],"angle":14.9}},{"type":"Feature","geometry":{"type":"Point","coordinates":[25.578713,45.666488]},"properties":{"lines":"15, 25, 29, 41, TE13","color":"#0059a9","mode":"bus","arr":["15","25","29","41","TE13"],"angle":-3.3}},{"type":"Feature","geometry":{"type":"Point","coordinates":[25.579472,45.665078]},"properties":{"lines":"15, 29","color":"#0059a9","mode":"bus","arr":["15","29"],"angle":82.9}},{"type":"Feature","geometry":{"type":"Point","coordinates":[25.625635,45.669426]},"properties":{"lines":"15","color":"#0059a9","mode":"bus","arr":["15"],"angle":10.7,"side":-1,"mi":3}},{"type":"Feature","geometry":{"type":"Point","coordinates":[25.634355,45.669257]},"properties":{"lines":"15","color":"#0059a9","mode":"bus","arr":["15"],"angle":-5.8,"mi":6}},{"type":"Feature","geometry":{"type":"Point","coordinates":[25.614048,45.670953]},"properties":{"lines":"15","color":"#0059a9","mode":"bus","arr":["15"],"angle":10.9,"side":-1,"mi":5}},{"type":"Feature","geometry":{"type":"Point","coordinates":[25.618404,45.670378]},"properties":{"lines":"15","color":"#0059a9","mode":"bus","arr":["15"],"angle":10.9,"side":-1,"mi":1}},{"type":"Feature","geometry":{"type":"Point","coordinates":[25.615798,45.670719]},"properties":{"lines":"15","color":"#0059a9","mode":"bus","arr":["15"],"angle":13.1,"extra":1,"ei":0,"side":-1}},{"type":"Feature","geometry":{"type":"Point","coordinates":[25.622023,45.669903]},"properties":{"lines":"15","color":"#0059a9","mode":"bus","arr":["15"],"angle":10.7,"extra":1,"ei":0,"side":-1}},{"type":"Feature","geometry":{"type":"Point","coordinates":[25.627332,45.669201]},"properties":{"lines":"15","color":"#0059a9","mode":"bus","arr":["15"],"angle":10.7,"extra":1,"ei":1,"side":-1}},{"type":"Feature","geometry":{"type":"Point","coordinates":[25.629986,45.66885]},"properties":{"lines":"15","color":"#0059a9","mode":"bus","arr":["15"],"angle":10.9,"extra":1,"ei":2,"side":-1}},{"type":"Feature","geometry":{"type":"Point","coordinates":[25.636312,45.669391]},"properties":{"lines":"15","color":"#0059a9","mode":"bus","arr":["15"],"angle":-5.6,"extra":1,"ei":0}},{"type":"Feature","geometry":{"type":"Point","coordinates":[25.625658,45.669518]},"properties":{"lines":"15, 32","color":"#0059a9","mode":"bus","arr":["15","32"],"angle":10.6}},{"type":"Feature","geometry":{"type":"Point","coordinates":[25.614034,45.671046]},"properties":{"lines":"15, 32","color":"#0059a9","mode":"bus","arr":["15","32"],"angle":10.6,"mi":1}},{"type":"Feature","geometry":{"type":"Point","coordinates":[25.629277,45.669044]},"properties":{"lines":"15, 32","color":"#0059a9","mode":"bus","arr":["15","32"],"angle":10.6,"extra":1,"ei":0}},{"type":"Feature","geometry":{"type":"Point","coordinates":[25.623967,45.66974]},"properties":{"lines":"15, 32","color":"#0059a9","mode":"bus","arr":["15","32"],"angle":10.6,"extra":1,"ei":1}},{"type":"Feature","geometry":{"type":"Point","coordinates":[25.621311,45.670086]},"properties":{"lines":"15, 32","color":"#0059a9","mode":"bus","arr":["15","32"],"angle":10.9,"extra":1,"ei":2}},{"type":"Feature","geometry":{"type":"Point","coordinates":[25.612313,45.671279]},"properties":{"lines":"15, 32","color":"#0059a9","mode":"bus","arr":["15","32"],"angle":15.4,"extra":1,"ei":0}},{"type":"Feature","geometry":{"type":"Point","coordinates":[25.620934,45.672112]},"properties":{"lines":"15","color":"#0059a9","mode":"bus","arr":["15"],"angle":-79.6}},{"type":"Feature","geometry":{"type":"Point","coordinates":[25.619735,45.674176]},"properties":{"lines":"15","color":"#0059a9","mode":"bus","arr":["15"],"angle":15,"mi":4}},{"type":"Feature","geometry":{"type":"Point","coordinates":[25.618085,45.671687]},"properties":{"lines":"15","color":"#0059a9","mode":"bus","arr":["15"],"angle":-61.7,"mi":2}},{"type":"Feature","geometry":{"type":"Point","coordinates":[25.618655,45.673791]},"properties":{"lines":"15","color":"#0059a9","mode":"bus","arr":["15"],"angle":-79.4,"extra":1,"ei":0}},{"type":"Feature","geometry":{"type":"Point","coordinates":[25.615944,45.671742]},"properties":{"lines":"15","color":"#0059a9","mode":"bus","arr":["15"],"angle":-18.3,"extra":1,"ei":1}},{"type":"Feature","geometry":{"type":"Point","coordinates":[25.580375,45.665555]},"properties":{"lines":"15, 25, 29, 41","color":"#0059a9","mode":"bus","arr":["15","25","29","41"],"angle":76.4}},{"type":"Feature","geometry":{"type":"Point","coordinates":[25.577143,45.666579]},"properties":{"lines":"15, 25, 29","color":"#0059a9","mode":"bus","arr":["15","25","29"],"angle":-18.4}},{"type":"Feature","geometry":{"type":"Point","coordinates":[25.569274,45.665784]},"properties":{"lines":"15, 25, 28, TE12","color":"#0059a9","mode":"bus","arr":["15","25","28","TE12"],"angle":-31.8}},{"type":"Feature","geometry":{"type":"Point","coordinates":[25.570871,45.666476]},"properties":{"lines":"15, 25, 28, TE12","color":"#0059a9","mode":"bus","arr":["15","25","28","TE12"],"angle":-31.8,"extra":1,"ei":0}},{"type":"Feature","geometry":{"type":"Point","coordinates":[25.566257,45.664991]},"properties":{"lines":"15, 25, 28","color":"#0059a9","mode":"bus","arr":["15","25","28"],"angle":67,"mi":1}},{"type":"Feature","geometry":{"type":"Point","coordinates":[25.565884,45.665606]},"properties":{"lines":"15, 25, 28","color":"#0059a9","mode":"bus","arr":["15","25","28"],"angle":65.9}},{"type":"Feature","geometry":{"type":"Point","coordinates":[25.563009,45.665659]},"properties":{"lines":"15, 25, 28","color":"#0059a9","mode":"bus","arr":["15","25","28"],"angle":8.8,"mi":2}},{"type":"Feature","geometry":{"type":"Point","coordinates":[25.558421,45.665956]},"properties":{"lines":"15, 25, 28, TE11","color":"#0059a9","mode":"bus","arr":["15","25","28","TE11"],"angle":5.3}},{"type":"Feature","geometry":{"type":"Point","coordinates":[25.55652,45.665651]},"properties":{"lines":"15, 25, 28, TE11","color":"#0059a9","mode":"bus","arr":["15","25","28","TE11"],"angle":-84,"mi":1}},{"type":"Feature","geometry":{"type":"Point","coordinates":[25.561774,45.658016]},"properties":{"lines":"16, 23","color":"#0059a9","mode":"bus","arr":["16","23"],"angle":-25.6}},{"type":"Feature","geometry":{"type":"Point","coordinates":[25.556238,45.656324]},"properties":{"lines":"16, 23","color":"#0059a9","mode":"bus","arr":["16","23"],"angle":-15.4,"mi":1}},{"type":"Feature","geometry":{"type":"Point","coordinates":[25.630926,45.637144]},"properties":{"lines":"17, 35","color":"#0059a9","mode":"bus","arr":["17","35"],"angle":52.9,"side":-1}},{"type":"Feature","geometry":{"type":"Point","coordinates":[25.628713,45.639213]},"properties":{"lines":"17, 35","color":"#0059a9","mode":"bus","arr":["17","35"],"angle":53.4,"extra":1,"ei":0,"side":-1}},{"type":"Feature","geometry":{"type":"Point","coordinates":[25.631956,45.636192]},"properties":{"lines":"17, 35","color":"#0059a9","mode":"bus","arr":["17","35"],"angle":53.1,"extra":1,"ei":1,"side":-1}},{"type":"Feature","geometry":{"type":"Point","coordinates":[25.633529,45.634657]},"properties":{"lines":"17, 35","color":"#0059a9","mode":"bus","arr":["17","35"],"angle":54.6,"extra":1,"ei":2,"side":-1}},{"type":"Feature","geometry":{"type":"Point","coordinates":[25.63577,45.632579]},"properties":{"lines":"17, 17B, 21, 25, 35, 52, 710, 711, 810","color":"#0059a9","mode":"bus","arr":["17","17B","21","25","35","52","710","711","810"],"angle":53.6,"side":-1}},{"type":"Feature","geometry":{"type":"Point","coordinates":[25.640316,45.628289]},"properties":{"lines":"17, 17B, 21, 35, 710, 711, 810","color":"#0059a9","mode":"bus","arr":["17","17B","21","35","710","711","810"],"angle":53.4,"side":-1,"mi":1}},{"type":"Feature","geometry":{"type":"Point","coordinates":[25.643764,45.625044]},"properties":{"lines":"17, 17B, 21, 35, 710, 711, 810","color":"#0059a9","mode":"bus","arr":["17","17B","21","35","710","711","810"],"angle":53.5,"side":-1}},{"type":"Feature","geometry":{"type":"Point","coordinates":[25.64959,45.619518]},"properties":{"lines":"17, 17B, 21, 35, 710, 711, 810","color":"#0059a9","mode":"bus","arr":["17","17B","21","35","710","711","810"],"angle":58.8,"side":-1,"mi":2}},{"type":"Feature","geometry":{"type":"Point","coordinates":[25.63828,45.630208]},"properties":{"lines":"17, 17B, 21, 35, 710, 711, 810","color":"#0059a9","mode":"bus","arr":["17","17B","21","35","710","711","810"],"angle":53.6,"extra":1,"ei":0,"side":-1}},{"type":"Feature","geometry":{"type":"Point","coordinates":[25.641494,45.627172]},"properties":{"lines":"17, 17B, 21, 35, 710, 711, 810","color":"#0059a9","mode":"bus","arr":["17","17B","21","35","710","711","810"],"angle":53,"extra":1,"ei":1,"side":-1}},{"type":"Feature","geometry":{"type":"Point","coordinates":[25.64675,45.622273]},"properties":{"lines":"17, 17B, 21, 35, 710, 711, 810, TE1, TE2, TE4, TE14","color":"#0059a9","mode":"bus","arr":["17","17B","21","35","710","711","810","TE1","TE2","TE4","TE14"],"angle":53.5,"mi":1}},{"type":"Feature","geometry":{"type":"Point","coordinates":[25.64042,45.628296]},"properties":{"lines":"17, 17B, 21, 35, 710, 711, 810, TE1, TE2, TE4, TE14","color":"#0059a9","mode":"bus","arr":["17","17B","21","35","710","711","810","TE1","TE2","TE4","TE14"],"angle":54.1}},{"type":"Feature","geometry":{"type":"Point","coordinates":[25.649332,45.619854]},"properties":{"lines":"17, 17B, 21, 35, 710, 711, 810, TE1, TE2, TE4, TE14","color":"#0059a9","mode":"bus","arr":["17","17B","21","35","710","711","810","TE1","TE2","TE4","TE14"],"angle":50.8,"extra":1,"ei":0}},{"type":"Feature","geometry":{"type":"Point","coordinates":[25.644495,45.624399]},"properties":{"lines":"17, 17B, 21, 35, 710, 711, 810, TE1, TE2, TE4, TE14","color":"#0059a9","mode":"bus","arr":["17","17B","21","35","710","711","810","TE1","TE2","TE4","TE14"],"angle":54.3,"extra":1,"ei":1}},{"type":"Feature","geometry":{"type":"Point","coordinates":[25.642459,45.626408]},"properties":{"lines":"17, 17B, 21, 35, 710, 711, 810, TE1, TE2, TE4, TE14","color":"#0059a9","mode":"bus","arr":["17","17B","21","35","710","711","810","TE1","TE2","TE4","TE14"],"angle":51.3,"extra":1,"ei":0}},{"type":"Feature","geometry":{"type":"Point","coordinates":[25.639235,45.629439]},"properties":{"lines":"17, 17B, 21, 35, 710, 711, 810, TE1, TE2, TE4, TE14","color":"#0059a9","mode":"bus","arr":["17","17B","21","35","710","711","810","TE1","TE2","TE4","TE14"],"angle":54.2,"extra":1,"ei":1}},{"type":"Feature","geometry":{"type":"Point","coordinates":[25.637811,45.631012]},"properties":{"lines":"17, 17B, 21, 35, 710, 711, 810, TE1, TE2, TE4, TE14","color":"#0059a9","mode":"bus","arr":["17","17B","21","35","710","711","810","TE1","TE2","TE4","TE14"],"angle":79.2,"extra":1,"ei":2}},{"type":"Feature","geometry":{"type":"Point","coordinates":[25.649774,45.618727]},"properties":{"lines":"17, 21, 35","color":"#0059a9","mode":"bus","arr":["17","21","35"],"angle":-63.6}},{"type":"Feature","geometry":{"type":"Point","coordinates":[25.645403,45.616525]},"properties":{"lines":"17, 21, 35, TE1, TE4","color":"#0059a9","mode":"bus","arr":["17","21","35","TE1","TE4"],"angle":-26.5,"mi":2}},{"type":"Feature","geometry":{"type":"Point","coordinates":[25.641283,45.615529]},"properties":{"lines":"17, 21, 35, TE1, TE4","color":"#0059a9","mode":"bus","arr":["17","21","35","TE1","TE4"],"angle":-6.1,"extra":1,"ei":0}},{"type":"Feature","geometry":{"type":"Point","coordinates":[25.643871,45.616035]},"properties":{"lines":"17, 21, 35, TE1, TE4","color":"#0059a9","mode":"bus","arr":["17","21","35","TE1","TE4"],"angle":-23.4,"extra":1,"ei":1}},{"type":"Feature","geometry":{"type":"Point","coordinates":[25.648478,45.617973]},"properties":{"lines":"17, 21, 35, TE1, TE4","color":"#0059a9","mode":"bus","arr":["17","21","35","TE1","TE4"],"angle":-37,"extra":1,"ei":2}},{"type":"Feature","geometry":{"type":"Point","coordinates":[25.636602,45.614923]},"properties":{"lines":"17, 21, 35","color":"#0059a9","mode":"bus","arr":["17","21","35"],"angle":-13,"mi":1}},{"type":"Feature","geometry":{"type":"Point","coordinates":[25.638709,45.615328]},"properties":{"lines":"17, 21, 35","color":"#0059a9","mode":"bus","arr":["17","21","35"],"angle":-16.6,"extra":1,"ei":0}},{"type":"Feature","geometry":{"type":"Point","coordinates":[25.633531,45.614362]},"properties":{"lines":"17, 21, 35","color":"#0059a9","mode":"bus","arr":["17","21","35"],"angle":-31.5,"extra":1,"ei":1}},{"type":"Feature","geometry":{"type":"Point","coordinates":[25.630434,45.616968]},"properties":{"lines":"17, 21, 35","color":"#0059a9","mode":"bus","arr":["17","21","35"],"angle":-88.8}},{"type":"Feature","geometry":{"type":"Point","coordinates":[25.631955,45.614324]},"properties":{"lines":"17, 21, 35","color":"#0059a9","mode":"bus","arr":["17","21","35"],"angle":13.6,"extra":1,"ei":0}},{"type":"Feature","geometry":{"type":"Point","coordinates":[25.630287,45.615743]},"properties":{"lines":"17, 21, 35","color":"#0059a9","mode":"bus","arr":["17","21","35"],"angle":83.8,"extra":1,"ei":1}},{"type":"Feature","geometry":{"type":"Point","coordinates":[25.632904,45.618644]},"properties":{"lines":"17, 21, 35","color":"#0059a9","mode":"bus","arr":["17","21","35"],"angle":-43.3,"extra":1,"ei":2}},{"type":"Feature","geometry":{"type":"Point","coordinates":[25.634752,45.621574]},"properties":{"lines":"17, 21, 35, TE1, TE4","color":"#0059a9","mode":"bus","arr":["17","21","35","TE1","TE4"],"angle":-57.9,"mi":1}},{"type":"Feature","geometry":{"type":"Point","coordinates":[25.637492,45.618847]},"properties":{"lines":"17, 21, 35, TE1, TE4","color":"#0059a9","mode":"bus","arr":["17","21","35","TE1","TE4"],"angle":70.1}},{"type":"Feature","geometry":{"type":"Point","coordinates":[25.636384,45.621431]},"properties":{"lines":"17, 21, 35, TE1, TE4","color":"#0059a9","mode":"bus","arr":["17","21","35","TE1","TE4"],"angle":73.5,"extra":1,"ei":0}},{"type":"Feature","geometry":{"type":"Point","coordinates":[25.639423,45.616214]},"properties":{"lines":"17, 21, 35, TE1, TE4","color":"#0059a9","mode":"bus","arr":["17","21","35","TE1","TE4"],"angle":59.3,"extra":1,"ei":1}},{"type":"Feature","geometry":{"type":"Point","coordinates":[25.636067,45.632462]},"properties":{"lines":"17, 17B, 21, 25, 35, 52, 710, 711, 810, TE1, TE2, TE4, TE14","color":"#0059a9","mode":"bus","arr":["17","17B","21","25","35","52","710","711","810","TE1","TE2","TE4","TE14"],"angle":53.7}},{"type":"Feature","geometry":{"type":"Point","coordinates":[25.635017,45.633502]},"properties":{"lines":"17, 17B, 21, 25, 35, 52, 710, 711, 810, TE1, TE2, TE4, TE14","color":"#0059a9","mode":"bus","arr":["17","17B","21","25","35","52","710","711","810","TE1","TE2","TE4","TE14"],"angle":56,"extra":1,"ei":0}},{"type":"Feature","geometry":{"type":"Point","coordinates":[25.634631,45.633966]},"properties":{"lines":"17, 35, 710, 711, 810, TE1, TE2, TE4, TE14","color":"#0059a9","mode":"bus","arr":["17","35","710","711","810","TE1","TE2","TE4","TE14"],"angle":71.8,"side":-1}},{"type":"Feature","geometry":{"type":"Point","coordinates":[25.635127,45.634874]},"properties":{"lines":"17B, 21, 25, 52, 56, 610, 612","color":"#0059a9","mode":"bus","arr":["17B","21","25","52","56","610","612"],"angle":-36.8}},{"type":"Feature","geometry":{"type":"Point","coordinates":[25.65721,45.614095]},"properties":{"lines":"17B, 710, 711, 810","color":"#0059a9","mode":"bus","arr":["17B","710","711","810"],"angle":37.2,"side":-1}},{"type":"Feature","geometry":{"type":"Point","coordinates":[25.650566,45.618625]},"properties":{"lines":"17B, 710, 711, 810","color":"#0059a9","mode":"bus","arr":["17B","710","711","810"],"angle":44.9,"side":-1,"mi":1}},{"type":"Feature","geometry":{"type":"Point","coordinates":[25.658616,45.613166]},"properties":{"lines":"17B, 710, 711, 810","color":"#0059a9","mode":"bus","arr":["17B","710","711","810"],"angle":57.6,"extra":1,"ei":0}},{"type":"Feature","geometry":{"type":"Point","coordinates":[25.653876,45.615913]},"properties":{"lines":"17B, 710, 711, 810, TE2, TE14","color":"#0059a9","mode":"bus","arr":["17B","710","711","810","TE2","TE14"],"angle":38.3}},{"type":"Feature","geometry":{"type":"Point","coordinates":[25.657412,45.614094]},"properties":{"lines":"17B, 710, 711, 810, TE2, TE14","color":"#0059a9","mode":"bus","arr":["17B","710","711","810","TE2","TE14"],"angle":36.7,"extra":1,"ei":0}},{"type":"Feature","geometry":{"type":"Point","coordinates":[25.655221,45.615195]},"properties":{"lines":"17B, 710, 711, 810, TE2, TE14","color":"#0059a9","mode":"bus","arr":["17B","710","711","810","TE2","TE14"],"angle":37.5,"extra":1,"ei":1}},{"type":"Feature","geometry":{"type":"Point","coordinates":[25.651423,45.61785]},"properties":{"lines":"17B, 710, 711, 810, TE2, TE14","color":"#0059a9","mode":"bus","arr":["17B","710","711","810","TE2","TE14"],"angle":54.5,"extra":1,"ei":2}},{"type":"Feature","geometry":{"type":"Point","coordinates":[25.657442,45.608436]},"properties":{"lines":"17B, 810","color":"#0059a9","mode":"bus","arr":["17B","810"],"angle":-58.2}},{"type":"Feature","geometry":{"type":"Point","coordinates":[25.658864,45.612151]},"properties":{"lines":"17B, 810","color":"#0059a9","mode":"bus","arr":["17B","810"],"angle":88,"extra":1,"ei":0}},{"type":"Feature","geometry":{"type":"Point","coordinates":[25.652414,45.605983]},"properties":{"lines":"17B, 810","color":"#0059a9","mode":"bus","arr":["17B","810"],"angle":-48.2,"extra":1,"ei":0}},{"type":"Feature","geometry":{"type":"Point","coordinates":[25.65459,45.607021]},"properties":{"lines":"17B, 810","color":"#0059a9","mode":"bus","arr":["17B","810"],"angle":-13.4,"extra":1,"ei":1}},{"type":"Feature","geometry":{"type":"Point","coordinates":[25.658331,45.609486]},"properties":{"lines":"17B, 810","color":"#0059a9","mode":"bus","arr":["17B","810"],"angle":-64.3,"extra":1,"ei":2}},{"type":"Feature","geometry":{"type":"Point","coordinates":[25.657299,45.606114]},"properties":{"lines":"17B","color":"#0059a9","mode":"bus","arr":["17B"],"angle":58.3}},{"type":"Feature","geometry":{"type":"Point","coordinates":[25.659656,45.604545]},"properties":{"lines":"17B","color":"#0059a9","mode":"bus","arr":["17B"],"angle":10.2,"mi":3}},{"type":"Feature","geometry":{"type":"Point","coordinates":[25.65908,45.61322]},"properties":{"lines":"17B","color":"#0059a9","mode":"bus","arr":["17B"],"angle":-44.2,"side":-1,"mi":2}},{"type":"Feature","geometry":{"type":"Point","coordinates":[25.65945,45.61402]},"properties":{"lines":"17B, 710, 711","color":"#0059a9","mode":"bus","arr":["17B","710","711"],"angle":30.1}},{"type":"Feature","geometry":{"type":"Point","coordinates":[25.658454,45.612561]},"properties":{"lines":"17B","color":"#0059a9","mode":"bus","arr":["17B"],"angle":59.2,"side":-1,"mi":1}},{"type":"Feature","geometry":{"type":"Point","coordinates":[25.614095,45.573449]},"properties":{"lines":"17B, 810","color":"#0059a9","mode":"bus","arr":["17B","810"],"angle":-65.6,"side":-1}},{"type":"Feature","geometry":{"type":"Point","coordinates":[25.614957,45.574238]},"properties":{"lines":"17B, 810","color":"#0059a9","mode":"bus","arr":["17B","810"],"angle":-68.6,"side":-1,"mi":1}},{"type":"Feature","geometry":{"type":"Point","coordinates":[25.653536,45.606873]},"properties":{"lines":"17B, 810","color":"#0059a9","mode":"bus","arr":["17B","810"],"angle":-47.3,"mi":1}},{"type":"Feature","geometry":{"type":"Point","coordinates":[25.63073,45.590143]},"properties":{"lines":"17B, 810","color":"#0059a9","mode":"bus","arr":["17B","810"],"angle":-53.7}},{"type":"Feature","geometry":{"type":"Point","coordinates":[25.650496,45.604659]},"properties":{"lines":"17B, 810","color":"#0059a9","mode":"bus","arr":["17B","810"],"angle":-50.6,"extra":1,"ei":0}},{"type":"Feature","geometry":{"type":"Point","coordinates":[25.648805,45.603186]},"properties":{"lines":"17B, 810","color":"#0059a9","mode":"bus","arr":["17B","810"],"angle":-51.7,"extra":1,"ei":1}},{"type":"Feature","geometry":{"type":"Point","coordinates":[25.647123,45.601709]},"properties":{"lines":"17B, 810","color":"#0059a9","mode":"bus","arr":["17B","810"],"angle":-51.1,"extra":1,"ei":2}},{"type":"Feature","geometry":{"type":"Point","coordinates":[25.645337,45.600295]},"properties":{"lines":"17B, 810","color":"#0059a9","mode":"bus","arr":["17B","810"],"angle":-42.2,"extra":1,"ei":3}},{"type":"Feature","geometry":{"type":"Point","coordinates":[25.643272,45.599077]},"properties":{"lines":"17B, 810","color":"#0059a9","mode":"bus","arr":["17B","810"],"angle":-39.8,"extra":1,"ei":4}},{"type":"Feature","geometry":{"type":"Point","coordinates":[25.641198,45.597867]},"properties":{"lines":"17B, 810","color":"#0059a9","mode":"bus","arr":["17B","810"],"angle":-39.9,"extra":1,"ei":5}},{"type":"Feature","geometry":{"type":"Point","coordinates":[25.639124,45.596657]},"properties":{"lines":"17B, 810","color":"#0059a9","mode":"bus","arr":["17B","810"],"angle":-40.2,"extra":1,"ei":6}},{"type":"Feature","geometry":{"type":"Point","coordinates":[25.636998,45.595499]},"properties":{"lines":"17B, 810","color":"#0059a9","mode":"bus","arr":["17B","810"],"angle":-28.4,"extra":1,"ei":7}},{"type":"Feature","geometry":{"type":"Point","coordinates":[25.634967,45.594298]},"properties":{"lines":"17B, 810","color":"#0059a9","mode":"bus","arr":["17B","810"],"angle":-53.8,"extra":1,"ei":8}},{"type":"Feature","geometry":{"type":"Point","coordinates":[25.633401,45.592759]},"properties":{"lines":"17B, 810","color":"#0059a9","mode":"bus","arr":["17B","810"],"angle":-54.6,"extra":1,"ei":9}},{"type":"Feature","geometry":{"type":"Point","coordinates":[25.631834,45.59122]},"properties":{"lines":"17B, 810","color":"#0059a9","mode":"bus","arr":["17B","810"],"angle":-54.6,"extra":1,"ei":10}},{"type":"Feature","geometry":{"type":"Point","coordinates":[25.628525,45.588247]},"properties":{"lines":"17B, 810","color":"#0059a9","mode":"bus","arr":["17B","810"],"angle":-40.4,"extra":1,"ei":11}},{"type":"Feature","geometry":{"type":"Point","coordinates":[25.626451,45.587037]},"properties":{"lines":"17B, 810","color":"#0059a9","mode":"bus","arr":["17B","810"],"angle":-39.8,"extra":1,"ei":12}},{"type":"Feature","geometry":{"type":"Point","coordinates":[25.624391,45.585818]},"properties":{"lines":"17B, 810","color":"#0059a9","mode":"bus","arr":["17B","810"],"angle":-52.4,"extra":1,"ei":13}},{"type":"Feature","geometry":{"type":"Point","coordinates":[25.623253,45.584116]},"properties":{"lines":"17B, 810","color":"#0059a9","mode":"bus","arr":["17B","810"],"angle":-55.9,"extra":1,"ei":14}},{"type":"Feature","geometry":{"type":"Point","coordinates":[25.622002,45.582461]},"properties":{"lines":"17B, 810","color":"#0059a9","mode":"bus","arr":["17B","810"],"angle":-75,"extra":1,"ei":15}},{"type":"Feature","geometry":{"type":"Point","coordinates":[25.621176,45.580669]},"properties":{"lines":"17B, 810","color":"#0059a9","mode":"bus","arr":["17B","810"],"angle":-63.9,"extra":1,"ei":16}},{"type":"Feature","geometry":{"type":"Point","coordinates":[25.619976,45.578977]},"properties":{"lines":"17B, 810","color":"#0059a9","mode":"bus","arr":["17B","810"],"angle":-63.6,"extra":1,"ei":17}},{"type":"Feature","geometry":{"type":"Point","coordinates":[25.618211,45.577589]},"properties":{"lines":"17B, 810","color":"#0059a9","mode":"bus","arr":["17B","810"],"angle":-33.1,"extra":1,"ei":18}},{"type":"Feature","geometry":{"type":"Point","coordinates":[25.616291,45.576306]},"properties":{"lines":"17B, 810","color":"#0059a9","mode":"bus","arr":["17B","810"],"angle":-63.3,"extra":1,"ei":19}},{"type":"Feature","geometry":{"type":"Point","coordinates":[25.615132,45.574608]},"properties":{"lines":"17B, 810","color":"#0059a9","mode":"bus","arr":["17B","810"],"angle":-51.4,"extra":1,"ei":20}},{"type":"Feature","geometry":{"type":"Point","coordinates":[25.574866,45.505346]},"properties":{"lines":"810","color":"#0059a9","mode":"bus","arr":["810"],"angle":9.9}},{"type":"Feature","geometry":{"type":"Point","coordinates":[25.542325,45.684354]},"properties":{"lines":"18, 24, 28, A1, TE13","color":"#0059a9","mode":"bus","arr":["18","24","28","A1","TE13"],"angle":61.5}},{"type":"Feature","geometry":{"type":"Point","coordinates":[25.541333,45.685584]},"properties":{"lines":"18, 24, 28, A1, TE13","color":"#0059a9","mode":"bus","arr":["18","24","28","A1","TE13"],"angle":60.5,"extra":1,"ei":0}},{"type":"Feature","geometry":{"type":"Point","coordinates":[25.542973,45.686569]},"properties":{"lines":"18, 24, 28, TE13","color":"#0059a9","mode":"bus","arr":["18","24","28","TE13"],"angle":-40.8}},{"type":"Feature","geometry":{"type":"Point","coordinates":[25.544394,45.687442]},"properties":{"lines":"18, 24, 28, TE13","color":"#0059a9","mode":"bus","arr":["18","24","28","TE13"],"angle":-42.9,"extra":1,"ei":0}},{"type":"Feature","geometry":{"type":"Point","coordinates":[25.554426,45.696269]},"properties":{"lines":"18, 24, TE13","color":"#0059a9","mode":"bus","arr":["18","24","TE13"],"angle":-47}},{"type":"Feature","geometry":{"type":"Point","coordinates":[25.552501,45.694395]},"properties":{"lines":"18, 24, TE13","color":"#0059a9","mode":"bus","arr":["18","24","TE13"],"angle":-82.8,"extra":1,"ei":0}},{"type":"Feature","geometry":{"type":"Point","coordinates":[25.555813,45.697283]},"properties":{"lines":"18, 24, TE13","color":"#0059a9","mode":"bus","arr":["18","24","TE13"],"angle":-41,"extra":1,"ei":1}},{"type":"Feature","geometry":{"type":"Point","coordinates":[25.558176,45.698182]},"properties":{"lines":"18, 24, TE13","color":"#0059a9","mode":"bus","arr":["18","24","TE13"],"angle":-27.5,"extra":1,"ei":2}},{"type":"Feature","geometry":{"type":"Point","coordinates":[25.548203,45.690931]},"properties":{"lines":"18, 24, 41, TE13","color":"#0059a9","mode":"bus","arr":["18","24","41","TE13"],"angle":-48.4}},{"type":"Feature","geometry":{"type":"Point","coordinates":[25.545655,45.688571]},"properties":{"lines":"18, 24, 41, TE13","color":"#0059a9","mode":"bus","arr":["18","24","41","TE13"],"angle":-54.2,"extra":1,"ei":0}},{"type":"Feature","geometry":{"type":"Point","coordinates":[25.550905,45.692867]},"properties":{"lines":"18, 24, 41, TE13","color":"#0059a9","mode":"bus","arr":["18","24","41","TE13"],"angle":-42,"extra":1,"ei":1}},{"type":"Feature","geometry":{"type":"Point","coordinates":[25.565455,45.701793]},"properties":{"lines":"18, 40, TE13","color":"#0059a9","mode":"bus","arr":["18","40","TE13"],"angle":-35.7}},{"type":"Feature","geometry":{"type":"Point","coordinates":[25.559469,45.698818]},"properties":{"lines":"18, 40, TE13","color":"#0059a9","mode":"bus","arr":["18","40","TE13"],"angle":-34.9,"extra":1,"ei":0}},{"type":"Feature","geometry":{"type":"Point","coordinates":[25.561676,45.699907]},"properties":{"lines":"18, 40, TE13","color":"#0059a9","mode":"bus","arr":["18","40","TE13"],"angle":-35.7,"extra":1,"ei":1}},{"type":"Feature","geometry":{"type":"Point","coordinates":[25.563869,45.70101]},"properties":{"lines":"18, 40, TE13","color":"#0059a9","mode":"bus","arr":["18","40","TE13"],"angle":-35.4,"extra":1,"ei":2}},{"type":"Feature","geometry":{"type":"Point","coordinates":[25.568267,45.703204]},"properties":{"lines":"18, 40, TE13","color":"#0059a9","mode":"bus","arr":["18","40","TE13"],"angle":-35.9,"extra":1,"ei":3}},{"type":"Feature","geometry":{"type":"Point","coordinates":[25.57046,45.704306]},"properties":{"lines":"18, 40, TE13","color":"#0059a9","mode":"bus","arr":["18","40","TE13"],"angle":-35.5,"extra":1,"ei":4}},{"type":"Feature","geometry":{"type":"Point","coordinates":[25.575789,45.707674]},"properties":{"lines":"18, 40","color":"#0059a9","mode":"bus","arr":["18","40"],"angle":-16.2}},{"type":"Feature","geometry":{"type":"Point","coordinates":[25.573195,45.706196]},"properties":{"lines":"18, 40","color":"#0059a9","mode":"bus","arr":["18","40"],"angle":-47.7,"extra":1,"ei":0}},{"type":"Feature","geometry":{"type":"Point","coordinates":[25.577779,45.707952]},"properties":{"lines":"18, 40","color":"#0059a9","mode":"bus","arr":["18","40"],"angle":-12,"extra":1,"ei":1}},{"type":"Feature","geometry":{"type":"Point","coordinates":[25.580895,45.700463]},"properties":{"lines":"18, 40, 310, 320","color":"#0059a9","mode":"bus","arr":["18","40","310","320"],"angle":77.4}},{"type":"Feature","geometry":{"type":"Point","coordinates":[25.583168,45.689252]},"properties":{"lines":"18, 40, 310, 320","color":"#0059a9","mode":"bus","arr":["18","40","310","320"],"angle":-81.6,"side":-1}},{"type":"Feature","geometry":{"type":"Point","coordinates":[25.580535,45.707414]},"properties":{"lines":"18, 40, 310, 320","color":"#0059a9","mode":"bus","arr":["18","40","310","320"],"angle":82.5,"extra":1,"ei":0,"side":-1}},{"type":"Feature","geometry":{"type":"Point","coordinates":[25.58343,45.69228]},"properties":{"lines":"18, 40, 310, 320","color":"#0059a9","mode":"bus","arr":["18","40","310","320"],"angle":83.3,"extra":1,"ei":0,"side":-1}},{"type":"Feature","geometry":{"type":"Point","coordinates":[25.582547,45.686664]},"properties":{"lines":"18, 40, 310, 320","color":"#0059a9","mode":"bus","arr":["18","40","310","320"],"angle":-82.7,"extra":1,"ei":1}},{"type":"Feature","geometry":{"type":"Point","coordinates":[25.58313,45.694425]},"properties":{"lines":"18, 40, 310, 320","color":"#0059a9","mode":"bus","arr":["18","40","310","320"],"angle":80.8,"extra":1,"ei":0}},{"type":"Feature","geometry":{"type":"Point","coordinates":[25.582874,45.696305]},"properties":{"lines":"18, 40, 310, 320","color":"#0059a9","mode":"bus","arr":["18","40","310","320"],"angle":84.4,"extra":1,"ei":1}},{"type":"Feature","geometry":{"type":"Point","coordinates":[25.58208,45.698093]},"properties":{"lines":"18, 40, 310, 320","color":"#0059a9","mode":"bus","arr":["18","40","310","320"],"angle":65.5,"extra":1,"ei":2}},{"type":"Feature","geometry":{"type":"Point","coordinates":[25.580562,45.701699]},"properties":{"lines":"18, 40, 310, 320","color":"#0059a9","mode":"bus","arr":["18","40","310","320"],"angle":83.7,"extra":1,"ei":3}},{"type":"Feature","geometry":{"type":"Point","coordinates":[25.580379,45.703583]},"properties":{"lines":"18, 40, 310, 320","color":"#0059a9","mode":"bus","arr":["18","40","310","320"],"angle":86.4,"extra":1,"ei":4}},{"type":"Feature","geometry":{"type":"Point","coordinates":[25.580408,45.705468]},"properties":{"lines":"18, 40, 310, 320","color":"#0059a9","mode":"bus","arr":["18","40","310","320"],"angle":-84.1,"extra":1,"ei":5}},{"type":"Feature","geometry":{"type":"Point","coordinates":[25.580246,45.67583]},"properties":{"lines":"18","color":"#0059a9","mode":"bus","arr":["18"],"angle":-81.5}},{"type":"Feature","geometry":{"type":"Point","coordinates":[25.577982,45.667593]},"properties":{"lines":"18","color":"#0059a9","mode":"bus","arr":["18"],"angle":-70.2,"extra":1,"ei":0}},{"type":"Feature","geometry":{"type":"Point","coordinates":[25.578686,45.669412]},"properties":{"lines":"18","color":"#0059a9","mode":"bus","arr":["18"],"angle":-79.6,"extra":1,"ei":1}},{"type":"Feature","geometry":{"type":"Point","coordinates":[25.5792,45.671266]},"properties":{"lines":"18","color":"#0059a9","mode":"bus","arr":["18"],"angle":-78.6,"extra":1,"ei":2}},{"type":"Feature","geometry":{"type":"Point","coordinates":[25.579673,45.673125]},"properties":{"lines":"18","color":"#0059a9","mode":"bus","arr":["18"],"angle":-81.7,"extra":1,"ei":3}},{"type":"Feature","geometry":{"type":"Point","coordinates":[25.580857,45.67873]},"properties":{"lines":"18","color":"#0059a9","mode":"bus","arr":["18"],"angle":-81.7,"extra":1,"ei":4}},{"type":"Feature","geometry":{"type":"Point","coordinates":[25.58129,45.680594]},"properties":{"lines":"18","color":"#0059a9","mode":"bus","arr":["18"],"angle":-80.2,"extra":1,"ei":5}},{"type":"Feature","geometry":{"type":"Point","coordinates":[25.581729,45.682458]},"properties":{"lines":"18","color":"#0059a9","mode":"bus","arr":["18"],"angle":-80.9,"extra":1,"ei":6}},{"type":"Feature","geometry":{"type":"Point","coordinates":[25.582134,45.684325]},"properties":{"lines":"18","color":"#0059a9","mode":"bus","arr":["18"],"angle":-82.4,"extra":1,"ei":7}},{"type":"Feature","geometry":{"type":"Point","coordinates":[25.577852,45.665503]},"properties":{"lines":"18, 25, 41","color":"#0059a9","mode":"bus","arr":["18","25","41"],"angle":83.8}},{"type":"Feature","geometry":{"type":"Point","coordinates":[25.580513,45.708018]},"properties":{"lines":"18, 40","color":"#0059a9","mode":"bus","arr":["18","40"],"angle":83.1,"mi":1}},{"type":"Feature","geometry":{"type":"Point","coordinates":[25.58807,45.645562]},"properties":{"lines":"20","color":"#0059a9","mode":"bus","arr":["20"],"angle":11.2,"side":-1}},{"type":"Feature","geometry":{"type":"Point","coordinates":[25.588906,45.645615]},"properties":{"lines":"20, TE1, TE2, TE3, TE4, TE5, TE6, TE7, TE8, TE9, TE10, TE11, TE12, TE13, TE16","color":"#0059a9","mode":"bus","arr":["20","TE1","TE2","TE3","TE4","TE5","TE6","TE7","TE8","TE9","TE10","TE11","TE12","TE13","TE16"],"angle":-20.3,"side":-1}},{"type":"Feature","geometry":{"type":"Point","coordinates":[25.58583,45.646913]},"properties":{"lines":"20","color":"#0059a9","mode":"bus","arr":["20"],"angle":37.1,"mi":1}},{"type":"Feature","geometry":{"type":"Point","coordinates":[25.584322,45.642532]},"properties":{"lines":"20","color":"#0059a9","mode":"bus","arr":["20"],"angle":82.3,"mi":2}},{"type":"Feature","geometry":{"type":"Point","coordinates":[25.582763,45.647806]},"properties":{"lines":"20","color":"#0059a9","mode":"bus","arr":["20"],"angle":-83.4,"extra":1,"ei":0}},{"type":"Feature","geometry":{"type":"Point","coordinates":[25.584512,45.646423]},"properties":{"lines":"20","color":"#0059a9","mode":"bus","arr":["20"],"angle":52.2,"extra":1,"ei":1}},{"type":"Feature","geometry":{"type":"Point","coordinates":[25.585664,45.644724]},"properties":{"lines":"20","color":"#0059a9","mode":"bus","arr":["20"],"angle":68.9,"extra":1,"ei":2}},{"type":"Feature","geometry":{"type":"Point","coordinates":[25.586017,45.642991]},"properties":{"lines":"20","color":"#0059a9","mode":"bus","arr":["20"],"angle":-31.1,"extra":1,"ei":3}},{"type":"Feature","geometry":{"type":"Point","coordinates":[25.580859,45.644335]},"properties":{"lines":"20","color":"#0059a9","mode":"bus","arr":["20"],"angle":44.2,"extra":1,"ei":4}},{"type":"Feature","geometry":{"type":"Point","coordinates":[25.579728,45.645939]},"properties":{"lines":"20","color":"#0059a9","mode":"bus","arr":["20"],"angle":16.7,"extra":1,"ei":5}},{"type":"Feature","geometry":{"type":"Point","coordinates":[25.577167,45.646114]},"properties":{"lines":"20","color":"#0059a9","mode":"bus","arr":["20"],"angle":25,"extra":1,"ei":6}},{"type":"Feature","geometry":{"type":"Point","coordinates":[25.562615,45.641874]},"properties":{"lines":"20","color":"#0059a9","mode":"bus","arr":["20"],"angle":27.8}},{"type":"Feature","geometry":{"type":"Point","coordinates":[25.575584,45.646054]},"properties":{"lines":"20","color":"#0059a9","mode":"bus","arr":["20"],"angle":-36.4,"extra":1,"ei":0}},{"type":"Feature","geometry":{"type":"Point","coordinates":[25.573565,45.644947]},"properties":{"lines":"20","color":"#0059a9","mode":"bus","arr":["20"],"angle":0.1,"extra":1,"ei":1}},{"type":"Feature","geometry":{"type":"Point","coordinates":[25.571064,45.644334]},"properties":{"lines":"20","color":"#0059a9","mode":"bus","arr":["20"],"angle":-27,"extra":1,"ei":2}},{"type":"Feature","geometry":{"type":"Point","coordinates":[25.568526,45.643722]},"properties":{"lines":"20","color":"#0059a9","mode":"bus","arr":["20"],"angle":-11,"extra":1,"ei":3}},{"type":"Feature","geometry":{"type":"Point","coordinates":[25.566165,45.642903]},"properties":{"lines":"20","color":"#0059a9","mode":"bus","arr":["20"],"angle":-9.6,"extra":1,"ei":4}},{"type":"Feature","geometry":{"type":"Point","coordinates":[25.561445,45.640683]},"properties":{"lines":"20","color":"#0059a9","mode":"bus","arr":["20"],"angle":73.9,"extra":1,"ei":5}},{"type":"Feature","geometry":{"type":"Point","coordinates":[25.563092,45.639228]},"properties":{"lines":"20","color":"#0059a9","mode":"bus","arr":["20"],"angle":61.6,"extra":1,"ei":6}},{"type":"Feature","geometry":{"type":"Point","coordinates":[25.564389,45.63762]},"properties":{"lines":"20","color":"#0059a9","mode":"bus","arr":["20"],"angle":73.5,"extra":1,"ei":7}},{"type":"Feature","geometry":{"type":"Point","coordinates":[25.564714,45.635745]},"properties":{"lines":"20","color":"#0059a9","mode":"bus","arr":["20"],"angle":86.2,"extra":1,"ei":8}},{"type":"Feature","geometry":{"type":"Point","coordinates":[25.564698,45.633921]},"properties":{"lines":"20","color":"#0059a9","mode":"bus","arr":["20"],"angle":87.1,"extra":1,"ei":9}},{"type":"Feature","geometry":{"type":"Point","coordinates":[25.550204,45.62682]},"properties":{"lines":"20","color":"#0059a9","mode":"bus","arr":["20"],"angle":-89.6}},{"type":"Feature","geometry":{"type":"Point","coordinates":[25.562275,45.633349]},"properties":{"lines":"20","color":"#0059a9","mode":"bus","arr":["20"],"angle":0.4,"extra":1,"ei":0}},{"type":"Feature","geometry":{"type":"Point","coordinates":[25.56044,45.632521]},"properties":{"lines":"20","color":"#0059a9","mode":"bus","arr":["20"],"angle":-9,"extra":1,"ei":1}},{"type":"Feature","geometry":{"type":"Point","coordinates":[25.558643,45.631514]},"properties":{"lines":"20","color":"#0059a9","mode":"bus","arr":["20"],"angle":59.4,"extra":1,"ei":2}},{"type":"Feature","geometry":{"type":"Point","coordinates":[25.557984,45.629539]},"properties":{"lines":"20","color":"#0059a9","mode":"bus","arr":["20"],"angle":36.7,"extra":1,"ei":3}},{"type":"Feature","geometry":{"type":"Point","coordinates":[25.558631,45.627778]},"properties":{"lines":"20","color":"#0059a9","mode":"bus","arr":["20"],"angle":86.7,"extra":1,"ei":4}},{"type":"Feature","geometry":{"type":"Point","coordinates":[25.555088,45.62857]},"properties":{"lines":"20","color":"#0059a9","mode":"bus","arr":["20"],"angle":-24.5,"extra":1,"ei":5}},{"type":"Feature","geometry":{"type":"Point","coordinates":[25.552674,45.628626]},"properties":{"lines":"20","color":"#0059a9","mode":"bus","arr":["20"],"angle":36.3,"extra":1,"ei":6}},{"type":"Feature","geometry":{"type":"Point","coordinates":[25.550362,45.628559]},"properties":{"lines":"20","color":"#0059a9","mode":"bus","arr":["20"],"angle":-61.6,"extra":1,"ei":7}},{"type":"Feature","geometry":{"type":"Point","coordinates":[25.550564,45.624837]},"properties":{"lines":"20","color":"#0059a9","mode":"bus","arr":["20"],"angle":71.3,"extra":1,"ei":8}},{"type":"Feature","geometry":{"type":"Point","coordinates":[25.549642,45.623301]},"properties":{"lines":"20","color":"#0059a9","mode":"bus","arr":["20"],"angle":-27.2,"extra":1,"ei":9}},{"type":"Feature","geometry":{"type":"Point","coordinates":[25.547183,45.622531]},"properties":{"lines":"20","color":"#0059a9","mode":"bus","arr":["20"],"angle":-9.7,"extra":1,"ei":10}},{"type":"Feature","geometry":{"type":"Point","coordinates":[25.544816,45.622375]},"properties":{"lines":"20","color":"#0059a9","mode":"bus","arr":["20"],"angle":-66.2,"extra":1,"ei":11}},{"type":"Feature","geometry":{"type":"Point","coordinates":[25.543043,45.621249]},"properties":{"lines":"20","color":"#0059a9","mode":"bus","arr":["20"],"angle":-86.8,"extra":1,"ei":12}},{"type":"Feature","geometry":{"type":"Point","coordinates":[25.54318,45.619434]},"properties":{"lines":"20","color":"#0059a9","mode":"bus","arr":["20"],"angle":56.8,"extra":1,"ei":13}},{"type":"Feature","geometry":{"type":"Point","coordinates":[25.544608,45.617832]},"properties":{"lines":"20","color":"#0059a9","mode":"bus","arr":["20"],"angle":58.9,"extra":1,"ei":14}},{"type":"Feature","geometry":{"type":"Point","coordinates":[25.546745,45.616747]},"properties":{"lines":"20","color":"#0059a9","mode":"bus","arr":["20"],"angle":50.4,"extra":1,"ei":15}},{"type":"Feature","geometry":{"type":"Point","coordinates":[25.546874,45.614926]},"properties":{"lines":"20","color":"#0059a9","mode":"bus","arr":["20"],"angle":-82.5,"extra":1,"ei":16}},{"type":"Feature","geometry":{"type":"Point","coordinates":[25.546592,45.613049]},"properties":{"lines":"20","color":"#0059a9","mode":"bus","arr":["20"],"angle":89,"extra":1,"ei":17}},{"type":"Feature","geometry":{"type":"Point","coordinates":[25.547928,45.611513]},"properties":{"lines":"20","color":"#0059a9","mode":"bus","arr":["20"],"angle":28.3,"extra":1,"ei":18}},{"type":"Feature","geometry":{"type":"Point","coordinates":[25.550577,45.61125]},"properties":{"lines":"20","color":"#0059a9","mode":"bus","arr":["20"],"angle":3.1,"extra":1,"ei":19}},{"type":"Feature","geometry":{"type":"Point","coordinates":[25.552994,45.602206]},"properties":{"lines":"20","color":"#0059a9","mode":"bus","arr":["20"],"angle":-75.5}},{"type":"Feature","geometry":{"type":"Point","coordinates":[25.552968,45.609772]},"properties":{"lines":"20","color":"#0059a9","mode":"bus","arr":["20"],"angle":71.8,"mi":1}},{"type":"Feature","geometry":{"type":"Point","coordinates":[25.551923,45.611013]},"properties":{"lines":"20","color":"#0059a9","mode":"bus","arr":["20"],"angle":32.5,"mi":4}},{"type":"Feature","geometry":{"type":"Point","coordinates":[25.553235,45.595823]},"properties":{"lines":"20","color":"#0059a9","mode":"bus","arr":["20"],"angle":71.4,"extra":1,"ei":0}},{"type":"Feature","geometry":{"type":"Point","coordinates":[25.552413,45.597622]},"properties":{"lines":"20","color":"#0059a9","mode":"bus","arr":["20"],"angle":70.2,"extra":1,"ei":1}},{"type":"Feature","geometry":{"type":"Point","coordinates":[25.551787,45.599375]},"properties":{"lines":"20","color":"#0059a9","mode":"bus","arr":["20"],"angle":-49.1,"extra":1,"ei":2}},{"type":"Feature","geometry":{"type":"Point","coordinates":[25.552657,45.600725]},"properties":{"lines":"20","color":"#0059a9","mode":"bus","arr":["20"],"angle":73.8,"extra":1,"ei":3}},{"type":"Feature","geometry":{"type":"Point","coordinates":[25.555115,45.603526]},"properties":{"lines":"20","color":"#0059a9","mode":"bus","arr":["20"],"angle":78.6,"extra":1,"ei":4}},{"type":"Feature","geometry":{"type":"Point","coordinates":[25.554245,45.605314]},"properties":{"lines":"20","color":"#0059a9","mode":"bus","arr":["20"],"angle":75.7,"extra":1,"ei":5}},{"type":"Feature","geometry":{"type":"Point","coordinates":[25.554476,45.607178]},"properties":{"lines":"20","color":"#0059a9","mode":"bus","arr":["20"],"angle":-86.2,"extra":1,"ei":6}},{"type":"Feature","geometry":{"type":"Point","coordinates":[25.553186,45.594949]},"properties":{"lines":"20","color":"#0059a9","mode":"bus","arr":["20"],"angle":0.1,"mi":2}},{"type":"Feature","geometry":{"type":"Point","coordinates":[25.55312,45.594846]},"properties":{"lines":"20","color":"#0059a9","mode":"bus","arr":["20"],"angle":-2.9,"side":-1,"mi":3}},{"type":"Feature","geometry":{"type":"Point","coordinates":[25.622336,45.658237]},"properties":{"lines":"21","color":"#0059a9","mode":"bus","arr":["21"],"angle":77.5}},{"type":"Feature","geometry":{"type":"Point","coordinates":[25.585199,45.661097]},"properties":{"lines":"22, 41","color":"#0059a9","mode":"bus","arr":["22","41"],"angle":68.3,"mi":3}},{"type":"Feature","geometry":{"type":"Point","coordinates":[25.591378,45.655393]},"properties":{"lines":"22, 41","color":"#0059a9","mode":"bus","arr":["22","41"],"angle":44.4}},{"type":"Feature","geometry":{"type":"Point","coordinates":[25.582617,45.663681]},"properties":{"lines":"22, 41","color":"#0059a9","mode":"bus","arr":["22","41"],"angle":50,"extra":1,"ei":0}},{"type":"Feature","geometry":{"type":"Point","coordinates":[25.58434,45.662228]},"properties":{"lines":"22, 41","color":"#0059a9","mode":"bus","arr":["22","41"],"angle":55,"extra":1,"ei":1}},{"type":"Feature","geometry":{"type":"Point","coordinates":[25.586643,45.658822]},"properties":{"lines":"22, 41","color":"#0059a9","mode":"bus","arr":["22","41"],"angle":57.3,"extra":1,"ei":2}},{"type":"Feature","geometry":{"type":"Point","coordinates":[25.593119,45.654033]},"properties":{"lines":"22, 41","color":"#0059a9","mode":"bus","arr":["22","41"],"angle":50.9,"extra":1,"ei":0}},{"type":"Feature","geometry":{"type":"Point","coordinates":[25.589412,45.656776]},"properties":{"lines":"22, 41","color":"#0059a9","mode":"bus","arr":["22","41"],"angle":46.4,"extra":1,"ei":1}},{"type":"Feature","geometry":{"type":"Point","coordinates":[25.595491,45.651678]},"properties":{"lines":"22, 41","color":"#0059a9","mode":"bus","arr":["22","41"],"angle":62.4,"mi":1}},{"type":"Feature","geometry":{"type":"Point","coordinates":[25.598425,45.649348]},"properties":{"lines":"22, 41","color":"#0059a9","mode":"bus","arr":["22","41"],"angle":47.3,"mi":2}},{"type":"Feature","geometry":{"type":"Point","coordinates":[25.599136,45.646977]},"properties":{"lines":"22","color":"#0059a9","mode":"bus","arr":["22"],"angle":77}},{"type":"Feature","geometry":{"type":"Point","coordinates":[25.569992,45.6598]},"properties":{"lines":"23, 24","color":"#0059a9","mode":"bus","arr":["23","24"],"angle":-42.5,"side":-1}},{"type":"Feature","geometry":{"type":"Point","coordinates":[25.595788,45.660243]},"properties":{"lines":"23, 25, 40, 42, 310, 320, TE16","color":"#0059a9","mode":"bus","arr":["23","25","40","42","310","320","TE16"],"angle":-28.2}},{"type":"Feature","geometry":{"type":"Point","coordinates":[25.600896,45.660327]},"properties":{"lines":"23, 25, 40, 42, 310, 320","color":"#0059a9","mode":"bus","arr":["23","25","40","42","310","320"],"angle":6.2}},{"type":"Feature","geometry":{"type":"Point","coordinates":[25.605591,45.659978]},"properties":{"lines":"23, 25, 40, 42, 310, 320","color":"#0059a9","mode":"bus","arr":["23","25","40","42","310","320"],"angle":-87.8,"mi":1}},{"type":"Feature","geometry":{"type":"Point","coordinates":[25.597551,45.660575]},"properties":{"lines":"23, 25, 40, 42, 310, 320","color":"#0059a9","mode":"bus","arr":["23","25","40","42","310","320"],"angle":4.9,"extra":1,"ei":0}},{"type":"Feature","geometry":{"type":"Point","coordinates":[25.602923,45.660176]},"properties":{"lines":"23, 25, 40, 42, 310, 320","color":"#0059a9","mode":"bus","arr":["23","25","40","42","310","320"],"angle":6.1,"extra":1,"ei":1}},{"type":"Feature","geometry":{"type":"Point","coordinates":[25.607982,45.65992]},"properties":{"lines":"23, 23B, 25, 40, 42, 310, 320, 520","color":"#0059a9","mode":"bus","arr":["23","23B","25","40","42","310","320","520"],"angle":-11.9}},{"type":"Feature","geometry":{"type":"Point","coordinates":[25.604158,45.653235]},"properties":{"lines":"23B","color":"#0059a9","mode":"bus","arr":["23B"],"angle":36.2}},{"type":"Feature","geometry":{"type":"Point","coordinates":[25.621744,45.658721]},"properties":{"lines":"23B, 37, 54, 511, 520, 540, TE6","color":"#0059a9","mode":"bus","arr":["23B","37","54","511","520","540","TE6"],"angle":1.4}},{"type":"Feature","geometry":{"type":"Point","coordinates":[25.58843,45.7156]},"properties":{"lines":"24","color":"#0059a9","mode":"bus","arr":["24"],"angle":-25.7}},{"type":"Feature","geometry":{"type":"Point","coordinates":[25.595759,45.718476]},"properties":{"lines":"24","color":"#0059a9","mode":"bus","arr":["24"],"angle":-35.1,"extra":1,"ei":0}},{"type":"Feature","geometry":{"type":"Point","coordinates":[25.593527,45.717415]},"properties":{"lines":"24","color":"#0059a9","mode":"bus","arr":["24"],"angle":-28.6,"extra":1,"ei":1}},{"type":"Feature","geometry":{"type":"Point","coordinates":[25.591126,45.716549]},"properties":{"lines":"24","color":"#0059a9","mode":"bus","arr":["24"],"angle":-27.3,"extra":1,"ei":2}},{"type":"Feature","geometry":{"type":"Point","coordinates":[25.586294,45.71486]},"properties":{"lines":"24","color":"#0059a9","mode":"bus","arr":["24"],"angle":-26.5,"extra":1,"ei":3}},{"type":"Feature","geometry":{"type":"Point","coordinates":[25.583878,45.714015]},"properties":{"lines":"24","color":"#0059a9","mode":"bus","arr":["24"],"angle":-26.7,"extra":1,"ei":4}},{"type":"Feature","geometry":{"type":"Point","coordinates":[25.581469,45.71316]},"properties":{"lines":"24","color":"#0059a9","mode":"bus","arr":["24"],"angle":-26.5,"extra":1,"ei":5}},{"type":"Feature","geometry":{"type":"Point","coordinates":[25.580151,45.71734]},"properties":{"lines":"24, 310, 320","color":"#0059a9","mode":"bus","arr":["24","310","320"],"angle":-81.3}},{"type":"Feature","geometry":{"type":"Point","coordinates":[25.579511,45.713491]},"properties":{"lines":"24, 310, 320","color":"#0059a9","mode":"bus","arr":["24","310","320"],"angle":82.9,"extra":1,"ei":0}},{"type":"Feature","geometry":{"type":"Point","coordinates":[25.579655,45.715368]},"properties":{"lines":"24, 310, 320","color":"#0059a9","mode":"bus","arr":["24","310","320"],"angle":-81,"extra":1,"ei":1}},{"type":"Feature","geometry":{"type":"Point","coordinates":[25.580138,45.719105]},"properties":{"lines":"24, 310, 320","color":"#0059a9","mode":"bus","arr":["24","310","320"],"angle":80.9,"extra":1,"ei":2}},{"type":"Feature","geometry":{"type":"Point","coordinates":[25.579594,45.720955]},"properties":{"lines":"24, 310, 320","color":"#0059a9","mode":"bus","arr":["24","310","320"],"angle":78.9,"extra":1,"ei":3}},{"type":"Feature","geometry":{"type":"Point","coordinates":[25.575661,45.723688]},"properties":{"lines":"24","color":"#0059a9","mode":"bus","arr":["24"],"angle":25.4}},{"type":"Feature","geometry":{"type":"Point","coordinates":[25.572536,45.723115]},"properties":{"lines":"24","color":"#0059a9","mode":"bus","arr":["24"],"angle":-19.7,"extra":1,"ei":0}},{"type":"Feature","geometry":{"type":"Point","coordinates":[25.577396,45.722881]},"properties":{"lines":"24","color":"#0059a9","mode":"bus","arr":["24"],"angle":33.5,"extra":1,"ei":1}},{"type":"Feature","geometry":{"type":"Point","coordinates":[25.571614,45.713093]},"properties":{"lines":"24","color":"#0059a9","mode":"bus","arr":["24"],"angle":-31}},{"type":"Feature","geometry":{"type":"Point","coordinates":[25.578157,45.714698]},"properties":{"lines":"24","color":"#0059a9","mode":"bus","arr":["24"],"angle":-2.1,"extra":1,"ei":0}},{"type":"Feature","geometry":{"type":"Point","coordinates":[25.57548,45.714498]},"properties":{"lines":"24","color":"#0059a9","mode":"bus","arr":["24"],"angle":-20.1,"extra":1,"ei":1}},{"type":"Feature","geometry":{"type":"Point","coordinates":[25.568414,45.711736]},"properties":{"lines":"24","color":"#0059a9","mode":"bus","arr":["24"],"angle":-35.6,"extra":1,"ei":2}},{"type":"Feature","geometry":{"type":"Point","coordinates":[25.569111,45.710221]},"properties":{"lines":"24","color":"#0059a9","mode":"bus","arr":["24"],"angle":24.8,"extra":1,"ei":3}},{"type":"Feature","geometry":{"type":"Point","coordinates":[25.562426,45.706278]},"properties":{"lines":"24, TE13","color":"#0059a9","mode":"bus","arr":["24","TE13"],"angle":-25.5}},{"type":"Feature","geometry":{"type":"Point","coordinates":[25.568663,45.709162]},"properties":{"lines":"24, TE13","color":"#0059a9","mode":"bus","arr":["24","TE13"],"angle":-13,"extra":1,"ei":0}},{"type":"Feature","geometry":{"type":"Point","coordinates":[25.566063,45.708682]},"properties":{"lines":"24, TE13","color":"#0059a9","mode":"bus","arr":["24","TE13"],"angle":-26.1,"extra":1,"ei":1}},{"type":"Feature","geometry":{"type":"Point","coordinates":[25.564322,45.707257]},"properties":{"lines":"24, TE13","color":"#0059a9","mode":"bus","arr":["24","TE13"],"angle":-50.5,"extra":1,"ei":2}},{"type":"Feature","geometry":{"type":"Point","coordinates":[25.559695,45.705367]},"properties":{"lines":"24, TE13","color":"#0059a9","mode":"bus","arr":["24","TE13"],"angle":-25.5,"extra":1,"ei":3}},{"type":"Feature","geometry":{"type":"Point","coordinates":[25.55739,45.704393]},"properties":{"lines":"24, TE13","color":"#0059a9","mode":"bus","arr":["24","TE13"],"angle":-41.9,"extra":1,"ei":4}},{"type":"Feature","geometry":{"type":"Point","coordinates":[25.55646,45.702697]},"properties":{"lines":"24, TE13","color":"#0059a9","mode":"bus","arr":["24","TE13"],"angle":-67.9,"extra":1,"ei":5}},{"type":"Feature","geometry":{"type":"Point","coordinates":[25.556852,45.700276]},"properties":{"lines":"24, 40, 41, TE13","color":"#0059a9","mode":"bus","arr":["24","40","41","TE13"],"angle":64.5,"mi":1}},{"type":"Feature","geometry":{"type":"Point","coordinates":[25.556054,45.701405]},"properties":{"lines":"24, 40, 41, TE13","color":"#0059a9","mode":"bus","arr":["24","40","41","TE13"],"angle":67.5,"extra":1,"ei":0}},{"type":"Feature","geometry":{"type":"Point","coordinates":[25.544484,45.681542]},"properties":{"lines":"24, A1","color":"#0059a9","mode":"bus","arr":["24","A1"],"angle":60.1}},{"type":"Feature","geometry":{"type":"Point","coordinates":[25.542062,45.676618]},"properties":{"lines":"24, A1","color":"#0059a9","mode":"bus","arr":["24","A1"],"angle":-49.1,"mi":1}},{"type":"Feature","geometry":{"type":"Point","coordinates":[25.545445,45.679362]},"properties":{"lines":"24, A1","color":"#0059a9","mode":"bus","arr":["24","A1"],"angle":-49,"extra":1,"ei":0}},{"type":"Feature","geometry":{"type":"Point","coordinates":[25.54368,45.677932]},"properties":{"lines":"24, A1","color":"#0059a9","mode":"bus","arr":["24","A1"],"angle":-49.4,"extra":1,"ei":1}},{"type":"Feature","geometry":{"type":"Point","coordinates":[25.540456,45.674977]},"properties":{"lines":"24, A1","color":"#0059a9","mode":"bus","arr":["24","A1"],"angle":87.5,"extra":1,"ei":2}},{"type":"Feature","geometry":{"type":"Point","coordinates":[25.540795,45.673104]},"properties":{"lines":"24, A1","color":"#0059a9","mode":"bus","arr":["24","A1"],"angle":48.8,"extra":1,"ei":3}},{"type":"Feature","geometry":{"type":"Point","coordinates":[25.54905,45.668555]},"properties":{"lines":"24, A1","color":"#0059a9","mode":"bus","arr":["24","A1"],"angle":46.6}},{"type":"Feature","geometry":{"type":"Point","coordinates":[25.542935,45.673078]},"properties":{"lines":"24, A1","color":"#0059a9","mode":"bus","arr":["24","A1"],"angle":37.9,"extra":1,"ei":0}},{"type":"Feature","geometry":{"type":"Point","coordinates":[25.544768,45.671691]},"properties":{"lines":"24, A1","color":"#0059a9","mode":"bus","arr":["24","A1"],"angle":47,"extra":1,"ei":1}},{"type":"Feature","geometry":{"type":"Point","coordinates":[25.546634,45.670325]},"properties":{"lines":"24, A1","color":"#0059a9","mode":"bus","arr":["24","A1"],"angle":45.9,"extra":1,"ei":2}},{"type":"Feature","geometry":{"type":"Point","coordinates":[25.550358,45.667589]},"properties":{"lines":"24, A1","color":"#0059a9","mode":"bus","arr":["24","A1"],"angle":46.7,"extra":1,"ei":3}},{"type":"Feature","geometry":{"type":"Point","coordinates":[25.552214,45.666216]},"properties":{"lines":"24, A1","color":"#0059a9","mode":"bus","arr":["24","A1"],"angle":46.7,"extra":1,"ei":4}},{"type":"Feature","geometry":{"type":"Point","coordinates":[25.55407,45.664844]},"properties":{"lines":"24, A1","color":"#0059a9","mode":"bus","arr":["24","A1"],"angle":46.6,"extra":1,"ei":5}},{"type":"Feature","geometry":{"type":"Point","coordinates":[25.555926,45.663472]},"properties":{"lines":"24, A1","color":"#0059a9","mode":"bus","arr":["24","A1"],"angle":46.6,"extra":1,"ei":6,"side":-1}},{"type":"Feature","geometry":{"type":"Point","coordinates":[25.557527,45.662288]},"properties":{"lines":"24, 28, A1, TE11, TE12","color":"#0059a9","mode":"bus","arr":["24","28","A1","TE11","TE12"],"angle":46.6}},{"type":"Feature","geometry":{"type":"Point","coordinates":[25.558528,45.661157]},"properties":{"lines":"24, 28, A1, TE11, TE12","color":"#0059a9","mode":"bus","arr":["24","28","A1","TE11","TE12"],"angle":83.7,"extra":1,"ei":0}},{"type":"Feature","geometry":{"type":"Point","coordinates":[25.553352,45.661078]},"properties":{"lines":"24, 28, A1, TE11, TE12","color":"#0059a9","mode":"bus","arr":["24","28","A1","TE11","TE12"],"angle":7.4,"mi":2}},{"type":"Feature","geometry":{"type":"Point","coordinates":[25.558338,45.660687]},"properties":{"lines":"24, 28, A1, TE11, TE12","color":"#0059a9","mode":"bus","arr":["24","28","A1","TE11","TE12"],"angle":-28.3,"mi":1}},{"type":"Feature","geometry":{"type":"Point","coordinates":[25.55281,45.660927]},"properties":{"lines":"24, 28, 210, 220, A1, TE11, TE12","color":"#0059a9","mode":"bus","arr":["24","28","210","220","A1","TE11","TE12"],"angle":22.4,"side":-1}},{"type":"Feature","geometry":{"type":"Point","coordinates":[25.561003,45.659948]},"properties":{"lines":"24, 28, 210, 220, A1, TE11, TE12","color":"#0059a9","mode":"bus","arr":["24","28","210","220","A1","TE11","TE12"],"angle":-15.1,"side":-1,"mi":1}},{"type":"Feature","geometry":{"type":"Point","coordinates":[25.558174,45.660578]},"properties":{"lines":"24, 28, A1","color":"#0059a9","mode":"bus","arr":["24","28","A1"],"angle":-24.5,"side":-1}},{"type":"Feature","geometry":{"type":"Point","coordinates":[25.555989,45.702078]},"properties":{"lines":"24, 40, 41, TE13","color":"#0059a9","mode":"bus","arr":["24","40","41","TE13"],"angle":-61.2,"side":-1}},{"type":"Feature","geometry":{"type":"Point","coordinates":[25.634919,45.634422]},"properties":{"lines":"25, 52","color":"#0059a9","mode":"bus","arr":["25","52"],"angle":-63.4}},{"type":"Feature","geometry":{"type":"Point","coordinates":[25.635631,45.635017]},"properties":{"lines":"25, 52, 56, 610, 612, TE1","color":"#0059a9","mode":"bus","arr":["25","52","56","610","612","TE1"],"angle":-51.4}},{"type":"Feature","geometry":{"type":"Point","coordinates":[25.578091,45.664081]},"properties":{"lines":"25, 41","color":"#0059a9","mode":"bus","arr":["25","41"],"angle":85.7}},{"type":"Feature","geometry":{"type":"Point","coordinates":[25.633364,45.63391]},"properties":{"lines":"25, 52, 56, 610, 612, 710, 711, 810, TE1, TE2, TE4","color":"#0059a9","mode":"bus","arr":["25","52","56","610","612","710","711","810","TE1","TE2","TE4"],"angle":-38.7}},{"type":"Feature","geometry":{"type":"Point","coordinates":[25.557213,45.677348]},"properties":{"lines":"28","color":"#0059a9","mode":"bus","arr":["28"],"angle":49.5}},{"type":"Feature","geometry":{"type":"Point","coordinates":[25.554944,45.680975]},"properties":{"lines":"28","color":"#0059a9","mode":"bus","arr":["28"],"angle":81.6,"extra":1,"ei":0}},{"type":"Feature","geometry":{"type":"Point","coordinates":[25.555323,45.679111]},"properties":{"lines":"28","color":"#0059a9","mode":"bus","arr":["28"],"angle":70.2,"extra":1,"ei":1}},{"type":"Feature","geometry":{"type":"Point","coordinates":[25.558664,45.676163]},"properties":{"lines":"28","color":"#0059a9","mode":"bus","arr":["28"],"angle":49.4,"extra":1,"ei":2}},{"type":"Feature","geometry":{"type":"Point","coordinates":[25.560418,45.674727]},"properties":{"lines":"28","color":"#0059a9","mode":"bus","arr":["28"],"angle":49.5,"extra":1,"ei":3}},{"type":"Feature","geometry":{"type":"Point","coordinates":[25.549685,45.684675]},"properties":{"lines":"28, 41","color":"#0059a9","mode":"bus","arr":["28","41"],"angle":42}},{"type":"Feature","geometry":{"type":"Point","coordinates":[25.546189,45.687115]},"properties":{"lines":"28, 41","color":"#0059a9","mode":"bus","arr":["28","41"],"angle":32.9,"extra":1,"ei":0}},{"type":"Feature","geometry":{"type":"Point","coordinates":[25.548016,45.685734]},"properties":{"lines":"28, 41","color":"#0059a9","mode":"bus","arr":["28","41"],"angle":47.1,"extra":1,"ei":1}},{"type":"Feature","geometry":{"type":"Point","coordinates":[25.552186,45.683349]},"properties":{"lines":"28, 41","color":"#0059a9","mode":"bus","arr":["28","41"],"angle":31.6,"extra":1,"ei":2}},{"type":"Feature","geometry":{"type":"Point","coordinates":[25.554187,45.682099]},"properties":{"lines":"28, 41","color":"#0059a9","mode":"bus","arr":["28","41"],"angle":50,"extra":1,"ei":3}},{"type":"Feature","geometry":{"type":"Point","coordinates":[25.566651,45.670343]},"properties":{"lines":"28, 29, TE12","color":"#0059a9","mode":"bus","arr":["28","29","TE12"],"angle":42.9}},{"type":"Feature","geometry":{"type":"Point","coordinates":[25.562983,45.672928]},"properties":{"lines":"28, 29, TE12","color":"#0059a9","mode":"bus","arr":["28","29","TE12"],"angle":49.4,"extra":1,"ei":0}},{"type":"Feature","geometry":{"type":"Point","coordinates":[25.564811,45.671542]},"properties":{"lines":"28, 29, TE12","color":"#0059a9","mode":"bus","arr":["28","29","TE12"],"angle":43.1,"extra":1,"ei":1}},{"type":"Feature","geometry":{"type":"Point","coordinates":[25.568963,45.669163]},"properties":{"lines":"28, 29, TE12","color":"#0059a9","mode":"bus","arr":["28","29","TE12"],"angle":25.1,"extra":1,"ei":2}},{"type":"Feature","geometry":{"type":"Point","coordinates":[25.570937,45.667912]},"properties":{"lines":"28, 29, TE12","color":"#0059a9","mode":"bus","arr":["28","29","TE12"],"angle":50.6,"extra":1,"ei":3}},{"type":"Feature","geometry":{"type":"Point","coordinates":[25.556214,45.663905]},"properties":{"lines":"28, TE11, TE12","color":"#0059a9","mode":"bus","arr":["28","TE11","TE12"],"angle":-84.4}},{"type":"Feature","geometry":{"type":"Point","coordinates":[25.612955,45.660317]},"properties":{"lines":"29, 40, 42, 310, 320, 520","color":"#0059a9","mode":"bus","arr":["29","40","42","310","320","520"],"angle":-45.5}},{"type":"Feature","geometry":{"type":"Point","coordinates":[25.625486,45.666235]},"properties":{"lines":"32","color":"#0059a9","mode":"bus","arr":["32"],"angle":-32.3,"mi":2}},{"type":"Feature","geometry":{"type":"Point","coordinates":[25.614983,45.667388]},"properties":{"lines":"32","color":"#0059a9","mode":"bus","arr":["32"],"angle":22.6,"mi":1}},{"type":"Feature","geometry":{"type":"Point","coordinates":[25.611988,45.668025]},"properties":{"lines":"32","color":"#0059a9","mode":"bus","arr":["32"],"angle":10.8,"extra":1,"ei":0}},{"type":"Feature","geometry":{"type":"Point","coordinates":[25.617069,45.666781]},"properties":{"lines":"32","color":"#0059a9","mode":"bus","arr":["32"],"angle":22,"extra":1,"ei":1}},{"type":"Feature","geometry":{"type":"Point","coordinates":[25.620814,45.665716]},"properties":{"lines":"32","color":"#0059a9","mode":"bus","arr":["32"],"angle":22.9,"extra":1,"ei":0}},{"type":"Feature","geometry":{"type":"Point","coordinates":[25.623456,45.665532]},"properties":{"lines":"32","color":"#0059a9","mode":"bus","arr":["32"],"angle":-12.1,"extra":1,"ei":1}},{"type":"Feature","geometry":{"type":"Point","coordinates":[25.628123,45.667402]},"properties":{"lines":"32","color":"#0059a9","mode":"bus","arr":["32"],"angle":-32.3,"extra":1,"ei":2}},{"type":"Feature","geometry":{"type":"Point","coordinates":[25.630406,45.668411]},"properties":{"lines":"32","color":"#0059a9","mode":"bus","arr":["32"],"angle":-30.6,"extra":1,"ei":3}},{"type":"Feature","geometry":{"type":"Point","coordinates":[25.618439,45.670479]},"properties":{"lines":"32","color":"#0059a9","mode":"bus","arr":["32"],"angle":11}},{"type":"Feature","geometry":{"type":"Point","coordinates":[25.616256,45.639014]},"properties":{"lines":"33","color":"#149a3f","mode":"bus","arr":["33"],"angle":-38.7,"mi":1}},{"type":"Feature","geometry":{"type":"Point","coordinates":[25.614626,45.638117]},"properties":{"lines":"33","color":"#149a3f","mode":"bus","arr":["33"],"angle":-38.8,"extra":1,"ei":0}},{"type":"Feature","geometry":{"type":"Point","coordinates":[25.618886,45.640437]},"properties":{"lines":"33","color":"#149a3f","mode":"bus","arr":["33"],"angle":-32.8,"extra":1,"ei":1}},{"type":"Feature","geometry":{"type":"Point","coordinates":[25.611855,45.638093]},"properties":{"lines":"33","color":"#149a3f","mode":"bus","arr":["33"],"angle":25.4}},{"type":"Feature","geometry":{"type":"Point","coordinates":[25.646545,45.666255]},"properties":{"lines":"34","color":"#0059a9","mode":"bus","arr":["34"],"angle":-23.4,"mi":1}},{"type":"Feature","geometry":{"type":"Point","coordinates":[25.640907,45.663634]},"properties":{"lines":"34","color":"#0059a9","mode":"bus","arr":["34"],"angle":-23.4}},{"type":"Feature","geometry":{"type":"Point","coordinates":[25.643784,45.664637]},"properties":{"lines":"34","color":"#0059a9","mode":"bus","arr":["34"],"angle":-56.8,"extra":1,"ei":0}},{"type":"Feature","geometry":{"type":"Point","coordinates":[25.639764,45.662713]},"properties":{"lines":"34","color":"#0059a9","mode":"bus","arr":["34"],"angle":66.9,"extra":1,"ei":1}},{"type":"Feature","geometry":{"type":"Point","coordinates":[25.648663,45.655749]},"properties":{"lines":"34","color":"#0059a9","mode":"bus","arr":["34"],"angle":11.4}},{"type":"Feature","geometry":{"type":"Point","coordinates":[25.655402,45.649523]},"properties":{"lines":"34","color":"#0059a9","mode":"bus","arr":["34"],"angle":29.4,"mi":1}},{"type":"Feature","geometry":{"type":"Point","coordinates":[25.640438,45.660602]},"properties":{"lines":"34","color":"#0059a9","mode":"bus","arr":["34"],"angle":57.1,"extra":1,"ei":0}},{"type":"Feature","geometry":{"type":"Point","coordinates":[25.641938,45.659032]},"properties":{"lines":"34","color":"#0059a9","mode":"bus","arr":["34"],"angle":53.9,"extra":1,"ei":1}},{"type":"Feature","geometry":{"type":"Point","coordinates":[25.643863,45.657719]},"properties":{"lines":"34","color":"#0059a9","mode":"bus","arr":["34"],"angle":35.6,"extra":1,"ei":2}},{"type":"Feature","geometry":{"type":"Point","coordinates":[25.64609,45.65665]},"properties":{"lines":"34","color":"#0059a9","mode":"bus","arr":["34"],"angle":33.9,"extra":1,"ei":3}},{"type":"Feature","geometry":{"type":"Point","coordinates":[25.651102,45.655393]},"properties":{"lines":"34","color":"#0059a9","mode":"bus","arr":["34"],"angle":22.9,"extra":1,"ei":4}},{"type":"Feature","geometry":{"type":"Point","coordinates":[25.652906,45.654016]},"properties":{"lines":"34","color":"#0059a9","mode":"bus","arr":["34"],"angle":53.5,"extra":1,"ei":5}},{"type":"Feature","geometry":{"type":"Point","coordinates":[25.654439,45.652463]},"properties":{"lines":"34","color":"#0059a9","mode":"bus","arr":["34"],"angle":60.1,"extra":1,"ei":6}},{"type":"Feature","geometry":{"type":"Point","coordinates":[25.65556,45.650749]},"properties":{"lines":"34","color":"#0059a9","mode":"bus","arr":["34"],"angle":75.6,"extra":1,"ei":7}},{"type":"Feature","geometry":{"type":"Point","coordinates":[25.647,45.64912]},"properties":{"lines":"34, 34B, 610, 611, 612","color":"#0059a9","mode":"bus","arr":["34","34B","610","611","612"],"angle":1.3}},{"type":"Feature","geometry":{"type":"Point","coordinates":[25.640353,45.648998]},"properties":{"lines":"34, 34B, 610, 611, 612","color":"#0059a9","mode":"bus","arr":["34","34B","610","611","612"],"angle":-0.4,"extra":1,"ei":0}},{"type":"Feature","geometry":{"type":"Point","coordinates":[25.643051,45.649103]},"properties":{"lines":"34, 34B, 610, 611, 612","color":"#0059a9","mode":"bus","arr":["34","34B","610","611","612"],"angle":-3.8,"extra":1,"ei":1}},{"type":"Feature","geometry":{"type":"Point","coordinates":[25.65115,45.649037]},"properties":{"lines":"34, 34B, 610, 611, 612","color":"#0059a9","mode":"bus","arr":["34","34B","610","611","612"],"angle":1.5,"extra":1,"ei":2}},{"type":"Feature","geometry":{"type":"Point","coordinates":[25.653845,45.64892]},"properties":{"lines":"34, 34B, 610, 611, 612","color":"#0059a9","mode":"bus","arr":["34","34B","610","611","612"],"angle":6.3,"extra":1,"ei":3}},{"type":"Feature","geometry":{"type":"Point","coordinates":[25.633957,45.64932]},"properties":{"lines":"34, 34B, 56, 610, 611, 612","color":"#0059a9","mode":"bus","arr":["34","34B","56","610","611","612"],"angle":3.6}},{"type":"Feature","geometry":{"type":"Point","coordinates":[25.637661,45.64914]},"properties":{"lines":"34, 34B, 56, 610, 611, 612","color":"#0059a9","mode":"bus","arr":["34","34B","56","610","611","612"],"angle":4.4,"extra":1,"ei":0}},{"type":"Feature","geometry":{"type":"Point","coordinates":[25.63227,45.649392]},"properties":{"lines":"34, 34B, 56, 610, 611, 612","color":"#0059a9","mode":"bus","arr":["34","34B","56","610","611","612"],"angle":3.4,"extra":1,"ei":1}},{"type":"Feature","geometry":{"type":"Point","coordinates":[25.629573,45.649505]},"properties":{"lines":"34, 34B, 56, 610, 611, 612","color":"#0059a9","mode":"bus","arr":["34","34B","56","610","611","612"],"angle":3.5,"extra":1,"ei":2}},{"type":"Feature","geometry":{"type":"Point","coordinates":[25.628116,45.649593]},"properties":{"lines":"34, 34B, 56, 610, 612","color":"#0059a9","mode":"bus","arr":["34","34B","56","610","612"],"angle":53.6}},{"type":"Feature","geometry":{"type":"Point","coordinates":[25.703335,45.661032]},"properties":{"lines":"34B","color":"#0059a9","mode":"bus","arr":["34B"],"angle":-84.2,"mi":1}},{"type":"Feature","geometry":{"type":"Point","coordinates":[25.704294,45.671921]},"properties":{"lines":"34B","color":"#0059a9","mode":"bus","arr":["34B"],"angle":-86.8}},{"type":"Feature","geometry":{"type":"Point","coordinates":[25.704122,45.652202]},"properties":{"lines":"34B","color":"#0059a9","mode":"bus","arr":["34B"],"angle":83.9,"extra":1,"ei":0}},{"type":"Feature","geometry":{"type":"Point","coordinates":[25.703864,45.654081]},"properties":{"lines":"34B","color":"#0059a9","mode":"bus","arr":["34B"],"angle":85,"extra":1,"ei":1}},{"type":"Feature","geometry":{"type":"Point","coordinates":[25.703732,45.655967]},"properties":{"lines":"34B","color":"#0059a9","mode":"bus","arr":["34B"],"angle":87.7,"extra":1,"ei":2}},{"type":"Feature","geometry":{"type":"Point","coordinates":[25.703607,45.657853]},"properties":{"lines":"34B","color":"#0059a9","mode":"bus","arr":["34B"],"angle":84.8,"extra":1,"ei":3}},{"type":"Feature","geometry":{"type":"Point","coordinates":[25.703382,45.659735]},"properties":{"lines":"34B","color":"#0059a9","mode":"bus","arr":["34B"],"angle":86.4,"extra":1,"ei":4}},{"type":"Feature","geometry":{"type":"Point","coordinates":[25.70369,45.663496]},"properties":{"lines":"34B","color":"#0059a9","mode":"bus","arr":["34B"],"angle":-86,"extra":1,"ei":5}},{"type":"Feature","geometry":{"type":"Point","coordinates":[25.703945,45.665375]},"properties":{"lines":"34B","color":"#0059a9","mode":"bus","arr":["34B"],"angle":-84.6,"extra":1,"ei":6}},{"type":"Feature","geometry":{"type":"Point","coordinates":[25.704011,45.667261]},"properties":{"lines":"34B","color":"#0059a9","mode":"bus","arr":["34B"],"angle":87.9,"extra":1,"ei":7}},{"type":"Feature","geometry":{"type":"Point","coordinates":[25.704102,45.669148]},"properties":{"lines":"34B","color":"#0059a9","mode":"bus","arr":["34B"],"angle":-87.4,"extra":1,"ei":8}},{"type":"Feature","geometry":{"type":"Point","coordinates":[25.707975,45.662177]},"properties":{"lines":"34B","color":"#0059a9","mode":"bus","arr":["34B"],"angle":79.8}},{"type":"Feature","geometry":{"type":"Point","coordinates":[25.710597,45.652649]},"properties":{"lines":"34B","color":"#0059a9","mode":"bus","arr":["34B"],"angle":79.4,"extra":1,"ei":0}},{"type":"Feature","geometry":{"type":"Point","coordinates":[25.710085,45.654504]},"properties":{"lines":"34B","color":"#0059a9","mode":"bus","arr":["34B"],"angle":79,"extra":1,"ei":1}},{"type":"Feature","geometry":{"type":"Point","coordinates":[25.709566,45.656357]},"properties":{"lines":"34B","color":"#0059a9","mode":"bus","arr":["34B"],"angle":78.7,"extra":1,"ei":2}},{"type":"Feature","geometry":{"type":"Point","coordinates":[25.709031,45.658208]},"properties":{"lines":"34B","color":"#0059a9","mode":"bus","arr":["34B"],"angle":79.3,"extra":1,"ei":3}},{"type":"Feature","geometry":{"type":"Point","coordinates":[25.708519,45.660062]},"properties":{"lines":"34B","color":"#0059a9","mode":"bus","arr":["34B"],"angle":79.1,"extra":1,"ei":4}},{"type":"Feature","geometry":{"type":"Point","coordinates":[25.707514,45.663773]},"properties":{"lines":"34B","color":"#0059a9","mode":"bus","arr":["34B"],"angle":78.7,"extra":1,"ei":5}},{"type":"Feature","geometry":{"type":"Point","coordinates":[25.706995,45.665626]},"properties":{"lines":"34B","color":"#0059a9","mode":"bus","arr":["34B"],"angle":79,"extra":1,"ei":6}},{"type":"Feature","geometry":{"type":"Point","coordinates":[25.706456,45.667477]},"properties":{"lines":"34B","color":"#0059a9","mode":"bus","arr":["34B"],"angle":78.5,"extra":1,"ei":7}},{"type":"Feature","geometry":{"type":"Point","coordinates":[25.70594,45.66933]},"properties":{"lines":"34B","color":"#0059a9","mode":"bus","arr":["34B"],"angle":79.1,"extra":1,"ei":8}},{"type":"Feature","geometry":{"type":"Point","coordinates":[25.70544,45.671186]},"properties":{"lines":"34B","color":"#0059a9","mode":"bus","arr":["34B"],"angle":79.6,"extra":1,"ei":9}},{"type":"Feature","geometry":{"type":"Point","coordinates":[25.687977,45.650102]},"properties":{"lines":"34B, 610, 611, 612","color":"#0059a9","mode":"bus","arr":["34B","610","611","612"],"angle":-9.1}},{"type":"Feature","geometry":{"type":"Point","coordinates":[25.659486,45.648735]},"properties":{"lines":"34B, 610, 611, 612","color":"#0059a9","mode":"bus","arr":["34B","610","611","612"],"angle":-7.1}},{"type":"Feature","geometry":{"type":"Point","coordinates":[25.664799,45.649021]},"properties":{"lines":"34B, 610, 611, 612","color":"#0059a9","mode":"bus","arr":["34B","610","611","612"],"angle":7.6,"mi":1}},{"type":"Feature","geometry":{"type":"Point","coordinates":[25.709495,45.651698]},"properties":{"lines":"34B, 610, 611, 612","color":"#0059a9","mode":"bus","arr":["34B","610","611","612"],"angle":-1.7,"extra":1,"ei":0}},{"type":"Feature","geometry":{"type":"Point","coordinates":[25.706813,45.651484]},"properties":{"lines":"34B, 610, 611, 612","color":"#0059a9","mode":"bus","arr":["34B","610","611","612"],"angle":-7.7,"extra":1,"ei":1}},{"type":"Feature","geometry":{"type":"Point","coordinates":[25.704132,45.651252]},"properties":{"lines":"34B, 610, 611, 612","color":"#0059a9","mode":"bus","arr":["34B","610","611","612"],"angle":-6.6,"extra":1,"ei":2}},{"type":"Feature","geometry":{"type":"Point","coordinates":[25.70145,45.651024]},"properties":{"lines":"34B, 610, 611, 612","color":"#0059a9","mode":"bus","arr":["34B","610","611","612"],"angle":-6.3,"extra":1,"ei":3}},{"type":"Feature","geometry":{"type":"Point","coordinates":[25.698756,45.650892]},"properties":{"lines":"34B, 610, 611, 612","color":"#0059a9","mode":"bus","arr":["34B","610","611","612"],"angle":-4.8,"extra":1,"ei":4}},{"type":"Feature","geometry":{"type":"Point","coordinates":[25.696064,45.650736]},"properties":{"lines":"34B, 610, 611, 612","color":"#0059a9","mode":"bus","arr":["34B","610","611","612"],"angle":-4.7,"extra":1,"ei":5}},{"type":"Feature","geometry":{"type":"Point","coordinates":[25.693372,45.650578]},"properties":{"lines":"34B, 610, 611, 612","color":"#0059a9","mode":"bus","arr":["34B","610","611","612"],"angle":-5,"extra":1,"ei":6}},{"type":"Feature","geometry":{"type":"Point","coordinates":[25.690684,45.650391]},"properties":{"lines":"34B, 610, 611, 612","color":"#0059a9","mode":"bus","arr":["34B","610","611","612"],"angle":-8.6,"extra":1,"ei":7}},{"type":"Feature","geometry":{"type":"Point","coordinates":[25.685343,45.64982]},"properties":{"lines":"34B, 610, 611, 612","color":"#0059a9","mode":"bus","arr":["34B","610","611","612"],"angle":-8.8,"extra":1,"ei":8}},{"type":"Feature","geometry":{"type":"Point","coordinates":[25.682673,45.649533]},"properties":{"lines":"34B, 610, 611, 612","color":"#0059a9","mode":"bus","arr":["34B","610","611","612"],"angle":-8.7,"extra":1,"ei":9}},{"type":"Feature","geometry":{"type":"Point","coordinates":[25.680003,45.649245]},"properties":{"lines":"34B, 610, 611, 612","color":"#0059a9","mode":"bus","arr":["34B","610","611","612"],"angle":-8.5,"extra":1,"ei":10}},{"type":"Feature","geometry":{"type":"Point","coordinates":[25.677312,45.649146]},"properties":{"lines":"34B, 610, 611, 612","color":"#0059a9","mode":"bus","arr":["34B","610","611","612"],"angle":-2.7,"extra":1,"ei":11}},{"type":"Feature","geometry":{"type":"Point","coordinates":[25.674615,45.649041]},"properties":{"lines":"34B, 610, 611, 612","color":"#0059a9","mode":"bus","arr":["34B","610","611","612"],"angle":-2.9,"extra":1,"ei":12}},{"type":"Feature","geometry":{"type":"Point","coordinates":[25.671915,45.648994]},"properties":{"lines":"34B, 610, 611, 612","color":"#0059a9","mode":"bus","arr":["34B","610","611","612"],"angle":0.4,"extra":1,"ei":13}},{"type":"Feature","geometry":{"type":"Point","coordinates":[25.669214,45.649012]},"properties":{"lines":"34B, 610, 611, 612","color":"#0059a9","mode":"bus","arr":["34B","610","611","612"],"angle":-1.2,"extra":1,"ei":14}},{"type":"Feature","geometry":{"type":"Point","coordinates":[25.666513,45.648961]},"properties":{"lines":"34B, 610, 611, 612","color":"#0059a9","mode":"bus","arr":["34B","610","611","612"],"angle":-0.7,"extra":1,"ei":15}},{"type":"Feature","geometry":{"type":"Point","coordinates":[25.656633,45.648736]},"properties":{"lines":"34B, 610, 611, 612","color":"#0059a9","mode":"bus","arr":["34B","610","611","612"],"angle":5.7,"extra":1,"ei":0}},{"type":"Feature","geometry":{"type":"Point","coordinates":[25.662003,45.64897]},"properties":{"lines":"34B, 610, 611, 612","color":"#0059a9","mode":"bus","arr":["34B","610","611","612"],"angle":-8.1,"extra":1,"ei":1}},{"type":"Feature","geometry":{"type":"Point","coordinates":[25.634007,45.620106]},"properties":{"lines":"35","color":"#0059a9","mode":"bus","arr":["35"],"angle":-60,"side":-1}},{"type":"Feature","geometry":{"type":"Point","coordinates":[25.594543,45.666907]},"properties":{"lines":"36","color":"#0059a9","mode":"bus","arr":["36"],"angle":32.2,"mi":4}},{"type":"Feature","geometry":{"type":"Point","coordinates":[25.595985,45.669012]},"properties":{"lines":"36","color":"#0059a9","mode":"bus","arr":["36"],"angle":-83.9,"mi":1}},{"type":"Feature","geometry":{"type":"Point","coordinates":[25.595766,45.667717]},"properties":{"lines":"36","color":"#0059a9","mode":"bus","arr":["36"],"angle":-83.6,"extra":1,"ei":0}},{"type":"Feature","geometry":{"type":"Point","coordinates":[25.596345,45.671247]},"properties":{"lines":"36","color":"#0059a9","mode":"bus","arr":["36"],"angle":5.6}},{"type":"Feature","geometry":{"type":"Point","coordinates":[25.598241,45.671104]},"properties":{"lines":"36","color":"#0059a9","mode":"bus","arr":["36"],"angle":5.4,"extra":1,"ei":0}},{"type":"Feature","geometry":{"type":"Point","coordinates":[25.599391,45.669941]},"properties":{"lines":"36, TE8","color":"#0059a9","mode":"bus","arr":["36","TE8"],"angle":-83.9}},{"type":"Feature","geometry":{"type":"Point","coordinates":[25.598998,45.667456]},"properties":{"lines":"36, TE8","color":"#0059a9","mode":"bus","arr":["36","TE8"],"angle":-83.4,"extra":1,"ei":0}},{"type":"Feature","geometry":{"type":"Point","coordinates":[25.599641,45.671198]},"properties":{"lines":"36, TE8","color":"#0059a9","mode":"bus","arr":["36","TE8"],"angle":-79.9,"extra":1,"ei":1}},{"type":"Feature","geometry":{"type":"Point","coordinates":[25.5999,45.673078]},"properties":{"lines":"36, TE8","color":"#0059a9","mode":"bus","arr":["36","TE8"],"angle":-85.7,"extra":1,"ei":2}},{"type":"Feature","geometry":{"type":"Point","coordinates":[25.596675,45.673705]},"properties":{"lines":"36","color":"#0059a9","mode":"bus","arr":["36"],"angle":7.3,"mi":5}},{"type":"Feature","geometry":{"type":"Point","coordinates":[25.594744,45.673838]},"properties":{"lines":"36","color":"#0059a9","mode":"bus","arr":["36"],"angle":5.3,"extra":1,"ei":0}},{"type":"Feature","geometry":{"type":"Point","coordinates":[25.593182,45.672689]},"properties":{"lines":"36","color":"#0059a9","mode":"bus","arr":["36"],"angle":-83.9,"mi":3}},{"type":"Feature","geometry":{"type":"Point","coordinates":[25.594459,45.668489]},"properties":{"lines":"36","color":"#0059a9","mode":"bus","arr":["36"],"angle":-20.6,"mi":2}},{"type":"Feature","geometry":{"type":"Point","coordinates":[25.629924,45.659314]},"properties":{"lines":"37","color":"#0059a9","mode":"bus","arr":["37"],"angle":60.6}},{"type":"Feature","geometry":{"type":"Point","coordinates":[25.627657,45.660779]},"properties":{"lines":"37","color":"#0059a9","mode":"bus","arr":["37"],"angle":25.1,"extra":1,"ei":0}},{"type":"Feature","geometry":{"type":"Point","coordinates":[25.630821,45.657862]},"properties":{"lines":"37","color":"#0059a9","mode":"bus","arr":["37"],"angle":67.6,"extra":1,"ei":1}},{"type":"Feature","geometry":{"type":"Point","coordinates":[25.632667,45.656721]},"properties":{"lines":"37","color":"#0059a9","mode":"bus","arr":["37"],"angle":-21.9,"mi":2}},{"type":"Feature","geometry":{"type":"Point","coordinates":[25.631804,45.660187]},"properties":{"lines":"37","color":"#0059a9","mode":"bus","arr":["37"],"angle":67.9,"mi":1}},{"type":"Feature","geometry":{"type":"Point","coordinates":[25.633172,45.657865]},"properties":{"lines":"37","color":"#0059a9","mode":"bus","arr":["37"],"angle":67.7,"extra":1,"ei":0}},{"type":"Feature","geometry":{"type":"Point","coordinates":[25.631123,45.66136]},"properties":{"lines":"37","color":"#0059a9","mode":"bus","arr":["37"],"angle":67.7,"extra":1,"ei":1}},{"type":"Feature","geometry":{"type":"Point","coordinates":[25.630098,45.663107]},"properties":{"lines":"37","color":"#0059a9","mode":"bus","arr":["37"],"angle":66.7,"extra":1,"ei":2}},{"type":"Feature","geometry":{"type":"Point","coordinates":[25.591468,45.668139]},"properties":{"lines":"40, 42, 310, 320","color":"#0059a9","mode":"bus","arr":["40","42","310","320"],"angle":76.3,"mi":2}},{"type":"Feature","geometry":{"type":"Point","coordinates":[25.585013,45.681765]},"properties":{"lines":"40, 42, 310, 320","color":"#0059a9","mode":"bus","arr":["40","42","310","320"],"angle":65.6,"mi":1}},{"type":"Feature","geometry":{"type":"Point","coordinates":[25.588669,45.675715]},"properties":{"lines":"40, 42, 310, 320","color":"#0059a9","mode":"bus","arr":["40","42","310","320"],"angle":72.3,"side":-1}},{"type":"Feature","geometry":{"type":"Point","coordinates":[25.592814,45.664148]},"properties":{"lines":"40, 42, 310, 320","color":"#0059a9","mode":"bus","arr":["40","42","310","320"],"angle":76,"extra":1,"ei":0}},{"type":"Feature","geometry":{"type":"Point","coordinates":[25.592187,45.665985]},"properties":{"lines":"40, 42, 310, 320","color":"#0059a9","mode":"bus","arr":["40","42","310","320"],"angle":77,"extra":1,"ei":1}},{"type":"Feature","geometry":{"type":"Point","coordinates":[25.590968,45.669665]},"properties":{"lines":"40, 42, 310, 320","color":"#0059a9","mode":"bus","arr":["40","42","310","320"],"angle":76.8,"extra":1,"ei":2}},{"type":"Feature","geometry":{"type":"Point","coordinates":[25.590328,45.6715]},"properties":{"lines":"40, 42, 310, 320","color":"#0059a9","mode":"bus","arr":["40","42","310","320"],"angle":76.4,"extra":1,"ei":3}},{"type":"Feature","geometry":{"type":"Point","coordinates":[25.589381,45.674211]},"properties":{"lines":"40, 42, 310, 320","color":"#0059a9","mode":"bus","arr":["40","42","310","320"],"angle":76.1,"extra":1,"ei":0}},{"type":"Feature","geometry":{"type":"Point","coordinates":[25.587624,45.677777]},"properties":{"lines":"40, 42, 310, 320","color":"#0059a9","mode":"bus","arr":["40","42","310","320"],"angle":69.8,"extra":1,"ei":1}},{"type":"Feature","geometry":{"type":"Point","coordinates":[25.586706,45.679148]},"properties":{"lines":"40, 42, 310, 320","color":"#0059a9","mode":"bus","arr":["40","42","310","320"],"angle":65.6,"extra":1,"ei":0}},{"type":"Feature","geometry":{"type":"Point","coordinates":[25.583398,45.68432]},"properties":{"lines":"40, 42, 310, 320","color":"#0059a9","mode":"bus","arr":["40","42","310","320"],"angle":67.9,"extra":1,"ei":1}},{"type":"Feature","geometry":{"type":"Point","coordinates":[25.552286,45.708287]},"properties":{"lines":"40, 41, TE13","color":"#0059a9","mode":"bus","arr":["40","41","TE13"],"angle":77.7}},{"type":"Feature","geometry":{"type":"Point","coordinates":[25.555253,45.703206]},"properties":{"lines":"40, 41, TE13","color":"#0059a9","mode":"bus","arr":["40","41","TE13"],"angle":68,"extra":1,"ei":0}},{"type":"Feature","geometry":{"type":"Point","coordinates":[25.554204,45.704946]},"properties":{"lines":"40, 41, TE13","color":"#0059a9","mode":"bus","arr":["40","41","TE13"],"angle":67.3,"extra":1,"ei":1}},{"type":"Feature","geometry":{"type":"Point","coordinates":[25.553153,45.706686]},"properties":{"lines":"40, 41, TE13","color":"#0059a9","mode":"bus","arr":["40","41","TE13"],"angle":66.8,"extra":1,"ei":2}},{"type":"Feature","geometry":{"type":"Point","coordinates":[25.551695,45.710292]},"properties":{"lines":"40, 41, TE13","color":"#0059a9","mode":"bus","arr":["40","41","TE13"],"angle":80.8,"extra":1,"ei":3}},{"type":"Feature","geometry":{"type":"Point","coordinates":[25.551301,45.71216]},"properties":{"lines":"40, 41, TE13","color":"#0059a9","mode":"bus","arr":["40","41","TE13"],"angle":81.9,"extra":1,"ei":4}},{"type":"Feature","geometry":{"type":"Point","coordinates":[25.551095,45.714038]},"properties":{"lines":"40, 41, TE13","color":"#0059a9","mode":"bus","arr":["40","41","TE13"],"angle":-88.4,"extra":1,"ei":5}},{"type":"Feature","geometry":{"type":"Point","coordinates":[25.551634,45.719351]},"properties":{"lines":"40, 41","color":"#0059a9","mode":"bus","arr":["40","41"],"angle":-83.1}},{"type":"Feature","geometry":{"type":"Point","coordinates":[25.551149,45.715608]},"properties":{"lines":"40, 41","color":"#0059a9","mode":"bus","arr":["40","41"],"angle":-89,"extra":1,"ei":0}},{"type":"Feature","geometry":{"type":"Point","coordinates":[25.551303,45.717492]},"properties":{"lines":"40, 41","color":"#0059a9","mode":"bus","arr":["40","41"],"angle":-82.6,"extra":1,"ei":1}},{"type":"Feature","geometry":{"type":"Point","coordinates":[25.551956,45.721241]},"properties":{"lines":"40, 41","color":"#0059a9","mode":"bus","arr":["40","41"],"angle":-84.6,"extra":1,"ei":2}},{"type":"Feature","geometry":{"type":"Point","coordinates":[25.552646,45.723049]},"properties":{"lines":"40, 41","color":"#0059a9","mode":"bus","arr":["40","41"],"angle":-69.5,"extra":1,"ei":3}},{"type":"Feature","geometry":{"type":"Point","coordinates":[25.592221,45.665485]},"properties":{"lines":"40, 42, 310, 320, TE13","color":"#0059a9","mode":"bus","arr":["40","42","310","320","TE13"],"angle":76.4,"side":-1}},{"type":"Feature","geometry":{"type":"Point","coordinates":[25.591357,45.66803]},"properties":{"lines":"40, 42, 310, 320, TE13","color":"#0059a9","mode":"bus","arr":["40","42","310","320","TE13"],"angle":78.2,"extra":1,"ei":0,"side":-1}},{"type":"Feature","geometry":{"type":"Point","coordinates":[25.593273,45.662526]},"properties":{"lines":"40, 42, 310, 320, TE13","color":"#0059a9","mode":"bus","arr":["40","42","310","320","TE13"],"angle":73.8,"extra":1,"ei":1}},{"type":"Feature","geometry":{"type":"Point","coordinates":[25.571963,45.681905]},"properties":{"lines":"41, TE13, TE15","color":"#0059a9","mode":"bus","arr":["41","TE13","TE15"],"angle":69.2}},{"type":"Feature","geometry":{"type":"Point","coordinates":[25.560267,45.695855]},"properties":{"lines":"41, TE13, TE15","color":"#0059a9","mode":"bus","arr":["41","TE13","TE15"],"angle":59.2}},{"type":"Feature","geometry":{"type":"Point","coordinates":[25.561345,45.694583]},"properties":{"lines":"41, TE13, TE15","color":"#0059a9","mode":"bus","arr":["41","TE13","TE15"],"angle":59.9,"extra":1,"ei":0}},{"type":"Feature","geometry":{"type":"Point","coordinates":[25.558574,45.697825]},"properties":{"lines":"41, TE13, TE15","color":"#0059a9","mode":"bus","arr":["41","TE13","TE15"],"angle":58.9,"extra":1,"ei":1}},{"type":"Feature","geometry":{"type":"Point","coordinates":[25.569006,45.687031]},"properties":{"lines":"41, TE13, TE15","color":"#0059a9","mode":"bus","arr":["41","TE13","TE15"],"angle":63.9,"extra":1,"ei":0}},{"type":"Feature","geometry":{"type":"Point","coordinates":[25.570077,45.685298]},"properties":{"lines":"41, TE13, TE15","color":"#0059a9","mode":"bus","arr":["41","TE13","TE15"],"angle":68.4,"extra":1,"ei":1}},{"type":"Feature","geometry":{"type":"Point","coordinates":[25.571064,45.683541]},"properties":{"lines":"41, TE13, TE15","color":"#0059a9","mode":"bus","arr":["41","TE13","TE15"],"angle":69,"extra":1,"ei":2}},{"type":"Feature","geometry":{"type":"Point","coordinates":[25.572794,45.679967]},"properties":{"lines":"41, TE13, TE15","color":"#0059a9","mode":"bus","arr":["41","TE13","TE15"],"angle":75.4,"extra":1,"ei":3}},{"type":"Feature","geometry":{"type":"Point","coordinates":[25.573482,45.67814]},"properties":{"lines":"41, TE13, TE15","color":"#0059a9","mode":"bus","arr":["41","TE13","TE15"],"angle":75.4,"extra":1,"ei":4}},{"type":"Feature","geometry":{"type":"Point","coordinates":[25.574172,45.676314]},"properties":{"lines":"41, TE13, TE15","color":"#0059a9","mode":"bus","arr":["41","TE13","TE15"],"angle":75.7,"extra":1,"ei":5}},{"type":"Feature","geometry":{"type":"Point","coordinates":[25.557185,45.693541]},"properties":{"lines":"41","color":"#0059a9","mode":"bus","arr":["41"],"angle":-7.2}},{"type":"Feature","geometry":{"type":"Point","coordinates":[25.560677,45.693759]},"properties":{"lines":"41","color":"#0059a9","mode":"bus","arr":["41"],"angle":1.2,"extra":1,"ei":0}},{"type":"Feature","geometry":{"type":"Point","coordinates":[25.555302,45.693446]},"properties":{"lines":"41","color":"#0059a9","mode":"bus","arr":["41"],"angle":-1.5,"extra":1,"ei":1}},{"type":"Feature","geometry":{"type":"Point","coordinates":[25.552602,45.693448]},"properties":{"lines":"41","color":"#0059a9","mode":"bus","arr":["41"],"angle":3.2,"extra":1,"ei":2}},{"type":"Feature","geometry":{"type":"Point","coordinates":[25.554642,45.681559]},"properties":{"lines":"41","color":"#0059a9","mode":"bus","arr":["41"],"angle":70.4,"side":-1}},{"type":"Feature","geometry":{"type":"Point","coordinates":[25.554996,45.679848]},"properties":{"lines":"41","color":"#0059a9","mode":"bus","arr":["41"],"angle":85.1,"extra":1,"ei":0,"side":-1}},{"type":"Feature","geometry":{"type":"Point","coordinates":[25.561337,45.68398]},"properties":{"lines":"41","color":"#0059a9","mode":"bus","arr":["41"],"angle":-49.7,"side":-1,"mi":2}},{"type":"Feature","geometry":{"type":"Point","coordinates":[25.556391,45.679844]},"properties":{"lines":"41","color":"#0059a9","mode":"bus","arr":["41"],"angle":-57.3,"extra":1,"ei":0,"side":-1}},{"type":"Feature","geometry":{"type":"Point","coordinates":[25.558092,45.681309]},"properties":{"lines":"41","color":"#0059a9","mode":"bus","arr":["41"],"angle":-50,"extra":1,"ei":1,"side":-1}},{"type":"Feature","geometry":{"type":"Point","coordinates":[25.559827,45.682757]},"properties":{"lines":"41","color":"#0059a9","mode":"bus","arr":["41"],"angle":-49.8,"extra":1,"ei":2,"side":-1}},{"type":"Feature","geometry":{"type":"Point","coordinates":[25.563323,45.685637]},"properties":{"lines":"41","color":"#0059a9","mode":"bus","arr":["41"],"angle":-49,"extra":1,"ei":3,"side":-1}},{"type":"Feature","geometry":{"type":"Point","coordinates":[25.565147,45.687027]},"properties":{"lines":"41","color":"#0059a9","mode":"bus","arr":["41"],"angle":-39.9,"extra":1,"ei":4,"side":-1}},{"type":"Feature","geometry":{"type":"Point","coordinates":[25.567562,45.687838]},"properties":{"lines":"41","color":"#0059a9","mode":"bus","arr":["41"],"angle":-16.2,"extra":1,"ei":5,"side":-1}},{"type":"Feature","geometry":{"type":"Point","coordinates":[25.565128,45.691443]},"properties":{"lines":"TE13, TE15","color":"#0059a9","mode":"bus","arr":["TE13","TE15"],"angle":46.8}},{"type":"Feature","geometry":{"type":"Point","coordinates":[25.562923,45.693062]},"properties":{"lines":"TE13, TE15","color":"#0059a9","mode":"bus","arr":["TE13","TE15"],"angle":48.2,"extra":1,"ei":0}},{"type":"Feature","geometry":{"type":"Point","coordinates":[25.566496,45.690238]},"properties":{"lines":"TE13, TE15","color":"#0059a9","mode":"bus","arr":["TE13","TE15"],"angle":56.9,"extra":1,"ei":1}},{"type":"Feature","geometry":{"type":"Point","coordinates":[25.57575,45.671307]},"properties":{"lines":"41, TE13, TE15","color":"#0059a9","mode":"bus","arr":["41","TE13","TE15"],"angle":77.5}},{"type":"Feature","geometry":{"type":"Point","coordinates":[25.576569,45.66785]},"properties":{"lines":"41, TE13, TE15","color":"#0059a9","mode":"bus","arr":["41","TE13","TE15"],"angle":67.7,"extra":1,"ei":0}},{"type":"Feature","geometry":{"type":"Point","coordinates":[25.576092,45.669702]},"properties":{"lines":"41, TE13, TE15","color":"#0059a9","mode":"bus","arr":["41","TE13","TE15"],"angle":82.7,"extra":1,"ei":1}},{"type":"Feature","geometry":{"type":"Point","coordinates":[25.575088,45.67341]},"properties":{"lines":"41, TE13, TE15","color":"#0059a9","mode":"bus","arr":["41","TE13","TE15"],"angle":78.7,"extra":1,"ei":2}},{"type":"Feature","geometry":{"type":"Point","coordinates":[25.574533,45.675258]},"properties":{"lines":"41, TE13, TE15","color":"#0059a9","mode":"bus","arr":["41","TE13","TE15"],"angle":77.9,"extra":1,"ei":3}},{"type":"Feature","geometry":{"type":"Point","coordinates":[25.600444,45.647926]},"properties":{"lines":"41","color":"#0059a9","mode":"bus","arr":["41"],"angle":67.3}},{"type":"Feature","geometry":{"type":"Point","coordinates":[25.555823,45.679416]},"properties":{"lines":"41","color":"#0059a9","mode":"bus","arr":["41"],"angle":-32.8,"mi":1}},{"type":"Feature","geometry":{"type":"Point","coordinates":[25.585953,45.681547]},"properties":{"lines":"42","color":"#0059a9","mode":"bus","arr":["42"],"angle":25.2}},{"type":"Feature","geometry":{"type":"Point","coordinates":[25.585348,45.681909]},"properties":{"lines":"42","color":"#0059a9","mode":"bus","arr":["42"],"angle":-9.6,"mi":1}},{"type":"Feature","geometry":{"type":"Point","coordinates":[25.563513,45.623639]},"properties":{"lines":"50","color":"#0059a9","mode":"bus","arr":["50"],"angle":-46.4,"mi":4}},{"type":"Feature","geometry":{"type":"Point","coordinates":[25.559733,45.620743]},"properties":{"lines":"50","color":"#0059a9","mode":"bus","arr":["50"],"angle":-45.1,"extra":1,"ei":0}},{"type":"Feature","geometry":{"type":"Point","coordinates":[25.561451,45.622097]},"properties":{"lines":"50","color":"#0059a9","mode":"bus","arr":["50"],"angle":-19.8,"extra":1,"ei":1}},{"type":"Feature","geometry":{"type":"Point","coordinates":[25.565207,45.62471]},"properties":{"lines":"50","color":"#0059a9","mode":"bus","arr":["50"],"angle":-40.8,"extra":1,"ei":2}},{"type":"Feature","geometry":{"type":"Point","coordinates":[25.566688,45.626258]},"properties":{"lines":"50","color":"#0059a9","mode":"bus","arr":["50"],"angle":-57.9,"extra":1,"ei":3,"side":-1}},{"type":"Feature","geometry":{"type":"Point","coordinates":[25.568109,45.628031]},"properties":{"lines":"50","color":"#0059a9","mode":"bus","arr":["50"],"angle":-67}},{"type":"Feature","geometry":{"type":"Point","coordinates":[25.568963,45.629405]},"properties":{"lines":"50","color":"#0059a9","mode":"bus","arr":["50"],"angle":-36.9,"extra":1,"ei":0}},{"type":"Feature","geometry":{"type":"Point","coordinates":[25.566458,45.62618]},"properties":{"lines":"50","color":"#0059a9","mode":"bus","arr":["50"],"angle":-80.5,"extra":1,"ei":1}},{"type":"Feature","geometry":{"type":"Point","coordinates":[25.572215,45.630428]},"properties":{"lines":"50","color":"#0059a9","mode":"bus","arr":["50"],"angle":-38.7,"mi":2}},{"type":"Feature","geometry":{"type":"Point","coordinates":[25.574395,45.631825]},"properties":{"lines":"50","color":"#0059a9","mode":"bus","arr":["50"],"angle":-52.6,"mi":3}},{"type":"Feature","geometry":{"type":"Point","coordinates":[25.575714,45.632816]},"properties":{"lines":"50","color":"#0059a9","mode":"bus","arr":["50"],"angle":-29.4,"extra":1,"ei":0}},{"type":"Feature","geometry":{"type":"Point","coordinates":[25.572015,45.630002]},"properties":{"lines":"50","color":"#0059a9","mode":"bus","arr":["50"],"angle":-40,"side":-1,"mi":1}},{"type":"Feature","geometry":{"type":"Point","coordinates":[25.587803,45.639767]},"properties":{"lines":"50, 52","color":"#0059a9","mode":"bus","arr":["50","52"],"angle":-31.2,"mi":1}},{"type":"Feature","geometry":{"type":"Point","coordinates":[25.589267,45.640396]},"properties":{"lines":"50, 52","color":"#0059a9","mode":"bus","arr":["50","52"],"angle":-31.4,"extra":1,"ei":0}},{"type":"Feature","geometry":{"type":"Point","coordinates":[25.590605,45.640854]},"properties":{"lines":"50, 52","color":"#0059a9","mode":"bus","arr":["50","52"],"angle":-36.5}},{"type":"Feature","geometry":{"type":"Point","coordinates":[25.59595,45.642976]},"properties":{"lines":"50, 52","color":"#0059a9","mode":"bus","arr":["50","52"],"angle":-36.2,"mi":2}},{"type":"Feature","geometry":{"type":"Point","coordinates":[25.592348,45.641666]},"properties":{"lines":"50, 52","color":"#0059a9","mode":"bus","arr":["50","52"],"angle":-21.4,"extra":1,"ei":0}},{"type":"Feature","geometry":{"type":"Point","coordinates":[25.598786,45.64498]},"properties":{"lines":"50, 52","color":"#0059a9","mode":"bus","arr":["50","52"],"angle":-51.7,"extra":1,"ei":1}},{"type":"Feature","geometry":{"type":"Point","coordinates":[25.61227,45.664971]},"properties":{"lines":"53","color":"#0059a9","mode":"bus","arr":["53"],"angle":-80.6,"mi":1}},{"type":"Feature","geometry":{"type":"Point","coordinates":[25.615223,45.66428]},"properties":{"lines":"53","color":"#0059a9","mode":"bus","arr":["53"],"angle":10.3}},{"type":"Feature","geometry":{"type":"Point","coordinates":[25.616921,45.664062]},"properties":{"lines":"53","color":"#0059a9","mode":"bus","arr":["53"],"angle":10.4,"extra":1,"ei":0}},{"type":"Feature","geometry":{"type":"Point","coordinates":[25.609421,45.665069]},"properties":{"lines":"53","color":"#0059a9","mode":"bus","arr":["53"],"angle":11.8,"extra":1,"ei":0}},{"type":"Feature","geometry":{"type":"Point","coordinates":[25.623973,45.630415]},"properties":{"lines":"53","color":"#0059a9","mode":"bus","arr":["53"],"angle":-40.8}},{"type":"Feature","geometry":{"type":"Point","coordinates":[25.626654,45.632067]},"properties":{"lines":"53","color":"#0059a9","mode":"bus","arr":["53"],"angle":-43,"extra":1,"ei":0}},{"type":"Feature","geometry":{"type":"Point","coordinates":[25.622457,45.629787]},"properties":{"lines":"53","color":"#0059a9","mode":"bus","arr":["53"],"angle":-56.9,"extra":1,"ei":1}},{"type":"Feature","geometry":{"type":"Point","coordinates":[25.622487,45.627908]},"properties":{"lines":"53","color":"#0059a9","mode":"bus","arr":["53"],"angle":-89.6,"extra":1,"ei":2}},{"type":"Feature","geometry":{"type":"Point","coordinates":[25.634569,45.665331]},"properties":{"lines":"54","color":"#0059a9","mode":"bus","arr":["54"],"angle":-33.7,"mi":4}},{"type":"Feature","geometry":{"type":"Point","coordinates":[25.641644,45.669238]},"properties":{"lines":"54","color":"#0059a9","mode":"bus","arr":["54"],"angle":-17.6,"mi":1}},{"type":"Feature","geometry":{"type":"Point","coordinates":[25.649912,45.676064]},"properties":{"lines":"54","color":"#0059a9","mode":"bus","arr":["54"],"angle":-40.4,"mi":3}},{"type":"Feature","geometry":{"type":"Point","coordinates":[25.636302,45.666675]},"properties":{"lines":"54","color":"#0059a9","mode":"bus","arr":["54"],"angle":-60.5,"extra":1,"ei":0}},{"type":"Feature","geometry":{"type":"Point","coordinates":[25.638392,45.667865]},"properties":{"lines":"54","color":"#0059a9","mode":"bus","arr":["54"],"angle":-37.9,"extra":1,"ei":1}},{"type":"Feature","geometry":{"type":"Point","coordinates":[25.644574,45.671253]},"properties":{"lines":"54","color":"#0059a9","mode":"bus","arr":["54"],"angle":-62.6,"extra":1,"ei":2}},{"type":"Feature","geometry":{"type":"Point","coordinates":[25.645764,45.672948]},"properties":{"lines":"54","color":"#0059a9","mode":"bus","arr":["54"],"angle":-65.3,"extra":1,"ei":3}},{"type":"Feature","geometry":{"type":"Point","coordinates":[25.653286,45.678323]},"properties":{"lines":"54","color":"#0059a9","mode":"bus","arr":["54"],"angle":-39.9,"extra":1,"ei":0,"side":-1}},{"type":"Feature","geometry":{"type":"Point","coordinates":[25.651223,45.677103]},"properties":{"lines":"54","color":"#0059a9","mode":"bus","arr":["54"],"angle":-40.4,"extra":1,"ei":1,"side":-1}},{"type":"Feature","geometry":{"type":"Point","coordinates":[25.64753,45.674407]},"properties":{"lines":"54","color":"#0059a9","mode":"bus","arr":["54"],"angle":-44.3,"extra":1,"ei":2}},{"type":"Feature","geometry":{"type":"Point","coordinates":[25.646755,45.67451]},"properties":{"lines":"54","color":"#0059a9","mode":"bus","arr":["54"],"angle":-47.4,"mi":2}},{"type":"Feature","geometry":{"type":"Point","coordinates":[25.646423,45.674103]},"properties":{"lines":"54","color":"#0059a9","mode":"bus","arr":["54"],"angle":-60.2,"side":-1}},{"type":"Feature","geometry":{"type":"Point","coordinates":[25.639352,45.645052]},"properties":{"lines":"56","color":"#0059a9","mode":"bus","arr":["56"],"angle":67.6}},{"type":"Feature","geometry":{"type":"Point","coordinates":[25.640566,45.641477]},"properties":{"lines":"56","color":"#0059a9","mode":"bus","arr":["56"],"angle":68,"extra":1,"ei":0}},{"type":"Feature","geometry":{"type":"Point","coordinates":[25.639566,45.643232]},"properties":{"lines":"56","color":"#0059a9","mode":"bus","arr":["56"],"angle":73.3,"extra":1,"ei":1}},{"type":"Feature","geometry":{"type":"Point","coordinates":[25.639495,45.646246]},"properties":{"lines":"56","color":"#0059a9","mode":"bus","arr":["56"],"angle":-20.8,"extra":1,"ei":2}},{"type":"Feature","geometry":{"type":"Point","coordinates":[25.639787,45.647676]},"properties":{"lines":"56","color":"#0059a9","mode":"bus","arr":["56"],"angle":68,"extra":1,"ei":3}},{"type":"Feature","geometry":{"type":"Point","coordinates":[25.634881,45.63452]},"properties":{"lines":"56, 610, 612, TE1","color":"#0059a9","mode":"bus","arr":["56","610","612","TE1"],"angle":-45.8}},{"type":"Feature","geometry":{"type":"Point","coordinates":[25.470892,45.617278]},"properties":{"lines":"110, 120","color":"#0059a9","mode":"bus","arr":["110","120"],"angle":30,"mi":4}},{"type":"Feature","geometry":{"type":"Point","coordinates":[25.473389,45.616313]},"properties":{"lines":"110, 120","color":"#0059a9","mode":"bus","arr":["110","120"],"angle":31,"mi":6}},{"type":"Feature","geometry":{"type":"Point","coordinates":[25.474898,45.615678]},"properties":{"lines":"110, 120","color":"#0059a9","mode":"bus","arr":["110","120"],"angle":31.3,"extra":1,"ei":0}},{"type":"Feature","geometry":{"type":"Point","coordinates":[25.475974,45.617062]},"properties":{"lines":"110, 120, 130, 131, 140","color":"#0059a9","mode":"bus","arr":["110","120","130","131","140"],"angle":-78.8}},{"type":"Feature","geometry":{"type":"Point","coordinates":[25.476396,45.618215]},"properties":{"lines":"110, 120, 130, 131, 140","color":"#0059a9","mode":"bus","arr":["110","120","130","131","140"],"angle":-66.1,"extra":1,"ei":0}},{"type":"Feature","geometry":{"type":"Point","coordinates":[25.484571,45.627934]},"properties":{"lines":"110, 120, 130, 131, 140","color":"#0059a9","mode":"bus","arr":["110","120","130","131","140"],"angle":-64.3}},{"type":"Feature","geometry":{"type":"Point","coordinates":[25.496157,45.634971]},"properties":{"lines":"110, 120, 130, 131, 140","color":"#0059a9","mode":"bus","arr":["110","120","130","131","140"],"angle":70.4}},{"type":"Feature","geometry":{"type":"Point","coordinates":[25.477471,45.619379]},"properties":{"lines":"110, 120, 130, 131, 140","color":"#0059a9","mode":"bus","arr":["110","120","130","131","140"],"angle":-53.5,"extra":1,"ei":0}},{"type":"Feature","geometry":{"type":"Point","coordinates":[25.478854,45.620998]},"properties":{"lines":"110, 120, 130, 131, 140","color":"#0059a9","mode":"bus","arr":["110","120","130","131","140"],"angle":-62,"extra":1,"ei":1}},{"type":"Feature","geometry":{"type":"Point","coordinates":[25.480127,45.622664]},"properties":{"lines":"110, 120, 130, 131, 140","color":"#0059a9","mode":"bus","arr":["110","120","130","131","140"],"angle":-61.9,"extra":1,"ei":2}},{"type":"Feature","geometry":{"type":"Point","coordinates":[25.481386,45.624335]},"properties":{"lines":"110, 120, 130, 131, 140","color":"#0059a9","mode":"bus","arr":["110","120","130","131","140"],"angle":-61.9,"extra":1,"ei":3}},{"type":"Feature","geometry":{"type":"Point","coordinates":[25.482768,45.625956]},"properties":{"lines":"110, 120, 130, 131, 140","color":"#0059a9","mode":"bus","arr":["110","120","130","131","140"],"angle":-56.3,"extra":1,"ei":4}},{"type":"Feature","geometry":{"type":"Point","coordinates":[25.485555,45.629179]},"properties":{"lines":"110, 120, 130, 131, 140","color":"#0059a9","mode":"bus","arr":["110","120","130","131","140"],"angle":-44.9,"extra":1,"ei":5}},{"type":"Feature","geometry":{"type":"Point","coordinates":[25.487742,45.630286]},"properties":{"lines":"110, 120, 130, 131, 140","color":"#0059a9","mode":"bus","arr":["110","120","130","131","140"],"angle":-36.7,"extra":1,"ei":6}},{"type":"Feature","geometry":{"type":"Point","coordinates":[25.489744,45.63155]},"properties":{"lines":"110, 120, 130, 131, 140","color":"#0059a9","mode":"bus","arr":["110","120","130","131","140"],"angle":-44.9,"extra":1,"ei":7}},{"type":"Feature","geometry":{"type":"Point","coordinates":[25.491808,45.632763]},"properties":{"lines":"110, 120, 130, 131, 140","color":"#0059a9","mode":"bus","arr":["110","120","130","131","140"],"angle":-35.5,"extra":1,"ei":8}},{"type":"Feature","geometry":{"type":"Point","coordinates":[25.494,45.633866]},"properties":{"lines":"110, 120, 130, 131, 140","color":"#0059a9","mode":"bus","arr":["110","120","130","131","140"],"angle":-35.7,"extra":1,"ei":9}},{"type":"Feature","geometry":{"type":"Point","coordinates":[25.480281,45.625061]},"properties":{"lines":"110, 120","color":"#0059a9","mode":"bus","arr":["110","120"],"angle":1.6,"mi":5}},{"type":"Feature","geometry":{"type":"Point","coordinates":[25.477445,45.62515]},"properties":{"lines":"110, 120","color":"#0059a9","mode":"bus","arr":["110","120"],"angle":-41.9,"mi":1}},{"type":"Feature","geometry":{"type":"Point","coordinates":[25.470206,45.627654]},"properties":{"lines":"110, 120","color":"#0059a9","mode":"bus","arr":["110","120"],"angle":31.1,"mi":2}},{"type":"Feature","geometry":{"type":"Point","coordinates":[25.475748,45.625309]},"properties":{"lines":"110, 120","color":"#0059a9","mode":"bus","arr":["110","120"],"angle":32.8,"extra":1,"ei":0}},{"type":"Feature","geometry":{"type":"Point","coordinates":[25.473455,45.626305]},"properties":{"lines":"110, 120","color":"#0059a9","mode":"bus","arr":["110","120"],"angle":30.1,"extra":1,"ei":1}},{"type":"Feature","geometry":{"type":"Point","coordinates":[25.466518,45.629234]},"properties":{"lines":"110, 120","color":"#0059a9","mode":"bus","arr":["110","120"],"angle":31.4,"extra":1,"ei":2}},{"type":"Feature","geometry":{"type":"Point","coordinates":[25.464202,45.630206]},"properties":{"lines":"110, 120","color":"#0059a9","mode":"bus","arr":["110","120"],"angle":29.6,"extra":1,"ei":3}},{"type":"Feature","geometry":{"type":"Point","coordinates":[25.460813,45.631578]},"properties":{"lines":"110, 120","color":"#0059a9","mode":"bus","arr":["110","120"],"angle":30.8,"mi":7}},{"type":"Feature","geometry":{"type":"Point","coordinates":[25.462326,45.630947]},"properties":{"lines":"110, 120","color":"#0059a9","mode":"bus","arr":["110","120"],"angle":30,"extra":1,"ei":0}},{"type":"Feature","geometry":{"type":"Point","coordinates":[25.470121,45.622719]},"properties":{"lines":"110, 120","color":"#0059a9","mode":"bus","arr":["110","120"],"angle":-59}},{"type":"Feature","geometry":{"type":"Point","coordinates":[25.47261,45.625557]},"properties":{"lines":"110, 120","color":"#0059a9","mode":"bus","arr":["110","120"],"angle":-58.1,"extra":1,"ei":0}},{"type":"Feature","geometry":{"type":"Point","coordinates":[25.4712,45.623946]},"properties":{"lines":"110, 120","color":"#0059a9","mode":"bus","arr":["110","120"],"angle":-58.7,"extra":1,"ei":1}},{"type":"Feature","geometry":{"type":"Point","coordinates":[25.46838,45.620724]},"properties":{"lines":"110, 120","color":"#0059a9","mode":"bus","arr":["110","120"],"angle":-57.6,"extra":1,"ei":2}},{"type":"Feature","geometry":{"type":"Point","coordinates":[25.466936,45.619128]},"properties":{"lines":"110, 120","color":"#0059a9","mode":"bus","arr":["110","120"],"angle":-58.3,"extra":1,"ei":3}},{"type":"Feature","geometry":{"type":"Point","coordinates":[25.468656,45.618286]},"properties":{"lines":"110, 120","color":"#0059a9","mode":"bus","arr":["110","120"],"angle":33.2,"mi":3}},{"type":"Feature","geometry":{"type":"Point","coordinates":[25.470292,45.617537]},"properties":{"lines":"110, 120","color":"#0059a9","mode":"bus","arr":["110","120"],"angle":33.2,"extra":1,"ei":0}},{"type":"Feature","geometry":{"type":"Point","coordinates":[25.422496,45.634736]},"properties":{"lines":"120","color":"#0059a9","mode":"bus","arr":["120"],"angle":-46}},{"type":"Feature","geometry":{"type":"Point","coordinates":[25.42896,45.634963]},"properties":{"lines":"120","color":"#0059a9","mode":"bus","arr":["120"],"angle":-39,"mi":1}},{"type":"Feature","geometry":{"type":"Point","coordinates":[25.424624,45.634972]},"properties":{"lines":"120","color":"#0059a9","mode":"bus","arr":["120"],"angle":37.5,"extra":1,"ei":0}},{"type":"Feature","geometry":{"type":"Point","coordinates":[25.427028,45.634471]},"properties":{"lines":"120","color":"#0059a9","mode":"bus","arr":["120"],"angle":-14.4,"extra":1,"ei":1}},{"type":"Feature","geometry":{"type":"Point","coordinates":[25.431407,45.636392]},"properties":{"lines":"120","color":"#0059a9","mode":"bus","arr":["120"],"angle":-15.3,"extra":1,"ei":2}},{"type":"Feature","geometry":{"type":"Point","coordinates":[25.434041,45.636585]},"properties":{"lines":"120","color":"#0059a9","mode":"bus","arr":["120"],"angle":13.6,"extra":1,"ei":3}},{"type":"Feature","geometry":{"type":"Point","coordinates":[25.445697,45.636232]},"properties":{"lines":"120","color":"#0059a9","mode":"bus","arr":["120"],"angle":2.4}},{"type":"Feature","geometry":{"type":"Point","coordinates":[25.458146,45.632703]},"properties":{"lines":"120","color":"#0059a9","mode":"bus","arr":["120"],"angle":-58.1}},{"type":"Feature","geometry":{"type":"Point","coordinates":[25.435436,45.636327]},"properties":{"lines":"120","color":"#0059a9","mode":"bus","arr":["120"],"angle":14.8,"extra":1,"ei":0}},{"type":"Feature","geometry":{"type":"Point","coordinates":[25.438096,45.636175]},"properties":{"lines":"120","color":"#0059a9","mode":"bus","arr":["120"],"angle":-10.4,"extra":1,"ei":1}},{"type":"Feature","geometry":{"type":"Point","coordinates":[25.440767,45.63639]},"properties":{"lines":"120","color":"#0059a9","mode":"bus","arr":["120"],"angle":2.4,"extra":1,"ei":2}},{"type":"Feature","geometry":{"type":"Point","coordinates":[25.443466,45.636303]},"properties":{"lines":"120","color":"#0059a9","mode":"bus","arr":["120"],"angle":2.7,"extra":1,"ei":3}},{"type":"Feature","geometry":{"type":"Point","coordinates":[25.44861,45.635428]},"properties":{"lines":"120","color":"#0059a9","mode":"bus","arr":["120"],"angle":25.4,"extra":1,"ei":4}},{"type":"Feature","geometry":{"type":"Point","coordinates":[25.451107,45.63471]},"properties":{"lines":"120","color":"#0059a9","mode":"bus","arr":["120"],"angle":19.7,"extra":1,"ei":5}},{"type":"Feature","geometry":{"type":"Point","coordinates":[25.453666,45.634107]},"properties":{"lines":"120","color":"#0059a9","mode":"bus","arr":["120"],"angle":14.5,"extra":1,"ei":6}},{"type":"Feature","geometry":{"type":"Point","coordinates":[25.456177,45.633432]},"properties":{"lines":"120","color":"#0059a9","mode":"bus","arr":["120"],"angle":26.2,"extra":1,"ei":7}},{"type":"Feature","geometry":{"type":"Point","coordinates":[25.461591,45.586797]},"properties":{"lines":"130","color":"#0059a9","mode":"bus","arr":["130"],"angle":-68.7}},{"type":"Feature","geometry":{"type":"Point","coordinates":[25.460199,45.580346]},"properties":{"lines":"130","color":"#0059a9","mode":"bus","arr":["130"],"angle":-71.8,"mi":7}},{"type":"Feature","geometry":{"type":"Point","coordinates":[25.457556,45.577652]},"properties":{"lines":"130","color":"#0059a9","mode":"bus","arr":["130"],"angle":-1.3,"mi":10}},{"type":"Feature","geometry":{"type":"Point","coordinates":[25.459097,45.578678]},"properties":{"lines":"130","color":"#0059a9","mode":"bus","arr":["130"],"angle":-65,"extra":1,"ei":0}},{"type":"Feature","geometry":{"type":"Point","coordinates":[25.460768,45.582244]},"properties":{"lines":"130","color":"#0059a9","mode":"bus","arr":["130"],"angle":-78.5,"extra":1,"ei":1}},{"type":"Feature","geometry":{"type":"Point","coordinates":[25.463975,45.589032]},"properties":{"lines":"130","color":"#0059a9","mode":"bus","arr":["130"],"angle":-53.8,"extra":1,"ei":0}},{"type":"Feature","geometry":{"type":"Point","coordinates":[25.461526,45.583975]},"properties":{"lines":"130","color":"#0059a9","mode":"bus","arr":["130"],"angle":-75.5,"extra":1,"ei":1}},{"type":"Feature","geometry":{"type":"Point","coordinates":[25.462972,45.590461]},"properties":{"lines":"130","color":"#0059a9","mode":"bus","arr":["130"],"angle":27.1,"mi":5}},{"type":"Feature","geometry":{"type":"Point","coordinates":[25.461004,45.590511]},"properties":{"lines":"130","color":"#0059a9","mode":"bus","arr":["130"],"angle":-74.4,"mi":4}},{"type":"Feature","geometry":{"type":"Point","coordinates":[25.460207,45.58968]},"properties":{"lines":"130","color":"#0059a9","mode":"bus","arr":["130"],"angle":-28.8,"mi":1}},{"type":"Feature","geometry":{"type":"Point","coordinates":[25.457418,45.589441]},"properties":{"lines":"130","color":"#0059a9","mode":"bus","arr":["130"],"angle":-1.2,"mi":2}},{"type":"Feature","geometry":{"type":"Point","coordinates":[25.455414,45.589511]},"properties":{"lines":"130","color":"#0059a9","mode":"bus","arr":["130"],"angle":5.9,"extra":1,"ei":0,"side":-1}},{"type":"Feature","geometry":{"type":"Point","coordinates":[25.457193,45.591304]},"properties":{"lines":"130, 131, 140","color":"#0059a9","mode":"bus","arr":["130","131","140"],"angle":-46}},{"type":"Feature","geometry":{"type":"Point","coordinates":[25.455981,45.590389]},"properties":{"lines":"130, 131, 140","color":"#0059a9","mode":"bus","arr":["130","131","140"],"angle":-51.3,"extra":1,"ei":0}},{"type":"Feature","geometry":{"type":"Point","coordinates":[25.461698,45.595984]},"properties":{"lines":"130, 131, 140","color":"#0059a9","mode":"bus","arr":["130","131","140"],"angle":-67.1,"mi":1}},{"type":"Feature","geometry":{"type":"Point","coordinates":[25.459958,45.593627]},"properties":{"lines":"130, 131, 140","color":"#0059a9","mode":"bus","arr":["130","131","140"],"angle":-31.2,"extra":1,"ei":0}},{"type":"Feature","geometry":{"type":"Point","coordinates":[25.464119,45.59841]},"properties":{"lines":"130, 131, 140","color":"#0059a9","mode":"bus","arr":["130","131","140"],"angle":-53.8,"extra":1,"ei":1}},{"type":"Feature","geometry":{"type":"Point","coordinates":[25.46695,45.6043]},"properties":{"lines":"130, 131, 140","color":"#0059a9","mode":"bus","arr":["130","131","140"],"angle":-71.2}},{"type":"Feature","geometry":{"type":"Point","coordinates":[25.465339,45.599782]},"properties":{"lines":"130, 131, 140","color":"#0059a9","mode":"bus","arr":["130","131","140"],"angle":-69,"extra":1,"ei":0}},{"type":"Feature","geometry":{"type":"Point","coordinates":[25.465914,45.601623]},"properties":{"lines":"130, 131, 140","color":"#0059a9","mode":"bus","arr":["130","131","140"],"angle":-79.7,"extra":1,"ei":1}},{"type":"Feature","geometry":{"type":"Point","coordinates":[25.468486,45.606978]},"properties":{"lines":"130, 131, 140","color":"#0059a9","mode":"bus","arr":["130","131","140"],"angle":-67.6,"extra":1,"ei":2}},{"type":"Feature","geometry":{"type":"Point","coordinates":[25.469418,45.608749]},"properties":{"lines":"130, 131, 140","color":"#0059a9","mode":"bus","arr":["130","131","140"],"angle":-73.4,"extra":1,"ei":3}},{"type":"Feature","geometry":{"type":"Point","coordinates":[25.472272,45.612682]},"properties":{"lines":"130, 131, 140","color":"#0059a9","mode":"bus","arr":["130","131","140"],"angle":-38.1}},{"type":"Feature","geometry":{"type":"Point","coordinates":[25.470134,45.610457]},"properties":{"lines":"130, 131, 140","color":"#0059a9","mode":"bus","arr":["130","131","140"],"angle":-70.7,"extra":1,"ei":0}},{"type":"Feature","geometry":{"type":"Point","coordinates":[25.474976,45.614792]},"properties":{"lines":"130, 131, 140","color":"#0059a9","mode":"bus","arr":["130","131","140"],"angle":-69.4,"extra":1,"ei":1}},{"type":"Feature","geometry":{"type":"Point","coordinates":[25.461188,45.593153]},"properties":{"lines":"130","color":"#0059a9","mode":"bus","arr":["130"],"angle":24.9,"mi":8}},{"type":"Feature","geometry":{"type":"Point","coordinates":[25.461931,45.591908]},"properties":{"lines":"130","color":"#0059a9","mode":"bus","arr":["130"],"angle":-66.9,"mi":6}},{"type":"Feature","geometry":{"type":"Point","coordinates":[25.460206,45.583043]},"properties":{"lines":"130","color":"#0059a9","mode":"bus","arr":["130"],"angle":-10.7,"mi":3}},{"type":"Feature","geometry":{"type":"Point","coordinates":[25.457816,45.580181]},"properties":{"lines":"130","color":"#0059a9","mode":"bus","arr":["130"],"angle":-67.3,"mi":9}},{"type":"Feature","geometry":{"type":"Point","coordinates":[25.45896,45.582098]},"properties":{"lines":"130","color":"#0059a9","mode":"bus","arr":["130"],"angle":-66.6,"extra":1,"ei":0}},{"type":"Feature","geometry":{"type":"Point","coordinates":[25.456886,45.57861]},"properties":{"lines":"130","color":"#0059a9","mode":"bus","arr":["130"],"angle":-67.7,"extra":1,"ei":1}},{"type":"Feature","geometry":{"type":"Point","coordinates":[25.443134,45.589816]},"properties":{"lines":"131, 140","color":"#0059a9","mode":"bus","arr":["131","140"],"angle":-14.4}},{"type":"Feature","geometry":{"type":"Point","coordinates":[25.438607,45.588066]},"properties":{"lines":"131, 140","color":"#0059a9","mode":"bus","arr":["131","140"],"angle":-32.3,"extra":1,"ei":0}},{"type":"Feature","geometry":{"type":"Point","coordinates":[25.440936,45.589022]},"properties":{"lines":"131, 140","color":"#0059a9","mode":"bus","arr":["131","140"],"angle":-31.9,"extra":1,"ei":1}},{"type":"Feature","geometry":{"type":"Point","coordinates":[25.446032,45.589863]},"properties":{"lines":"131, 140","color":"#0059a9","mode":"bus","arr":["131","140"],"angle":3.9,"extra":1,"ei":2}},{"type":"Feature","geometry":{"type":"Point","coordinates":[25.448727,45.589733]},"properties":{"lines":"131, 140","color":"#0059a9","mode":"bus","arr":["131","140"],"angle":3.8,"extra":1,"ei":3}},{"type":"Feature","geometry":{"type":"Point","coordinates":[25.452067,45.589491]},"properties":{"lines":"131, 140","color":"#0059a9","mode":"bus","arr":["131","140"],"angle":7.1,"mi":1}},{"type":"Feature","geometry":{"type":"Point","coordinates":[25.451148,45.584464]},"properties":{"lines":"131","color":"#0059a9","mode":"bus","arr":["131"],"angle":-62.5,"mi":2}},{"type":"Feature","geometry":{"type":"Point","coordinates":[25.44804,45.580188]},"properties":{"lines":"131","color":"#0059a9","mode":"bus","arr":["131"],"angle":-62.8,"extra":1,"ei":0}},{"type":"Feature","geometry":{"type":"Point","coordinates":[25.449263,45.581872]},"properties":{"lines":"131","color":"#0059a9","mode":"bus","arr":["131"],"angle":-63.2,"extra":1,"ei":1}},{"type":"Feature","geometry":{"type":"Point","coordinates":[25.452966,45.586912]},"properties":{"lines":"131","color":"#0059a9","mode":"bus","arr":["131"],"angle":-60.1,"extra":1,"ei":2}},{"type":"Feature","geometry":{"type":"Point","coordinates":[25.454698,45.588351]},"properties":{"lines":"131","color":"#0059a9","mode":"bus","arr":["131"],"angle":-57.5,"extra":1,"ei":3}},{"type":"Feature","geometry":{"type":"Point","coordinates":[25.448257,45.580202]},"properties":{"lines":"131","color":"#0059a9","mode":"bus","arr":["131"],"angle":-18.6,"side":-1,"mi":1}},{"type":"Feature","geometry":{"type":"Point","coordinates":[25.448592,45.580529]},"properties":{"lines":"131","color":"#0059a9","mode":"bus","arr":["131"],"angle":87.9}},{"type":"Feature","geometry":{"type":"Point","coordinates":[25.348374,45.57314]},"properties":{"lines":"140","color":"#0059a9","mode":"bus","arr":["140"],"angle":0,"mi":6}},{"type":"Feature","geometry":{"type":"Point","coordinates":[25.311469,45.557901]},"properties":{"lines":"140","color":"#0059a9","mode":"bus","arr":["140"],"angle":-86.4,"mi":8}},{"type":"Feature","geometry":{"type":"Point","coordinates":[25.312821,45.558763]},"properties":{"lines":"140","color":"#0059a9","mode":"bus","arr":["140"],"angle":-38.1,"extra":1,"ei":0}},{"type":"Feature","geometry":{"type":"Point","coordinates":[25.319624,45.559375]},"properties":{"lines":"140","color":"#0059a9","mode":"bus","arr":["140"],"angle":5,"mi":5}},{"type":"Feature","geometry":{"type":"Point","coordinates":[25.314755,45.558647]},"properties":{"lines":"140","color":"#0059a9","mode":"bus","arr":["140"],"angle":5,"extra":1,"ei":0}},{"type":"Feature","geometry":{"type":"Point","coordinates":[25.317302,45.559246]},"properties":{"lines":"140","color":"#0059a9","mode":"bus","arr":["140"],"angle":-11.9,"extra":1,"ei":1}},{"type":"Feature","geometry":{"type":"Point","coordinates":[25.322682,45.559401]},"properties":{"lines":"140","color":"#0059a9","mode":"bus","arr":["140"],"angle":-0.7,"extra":1,"ei":2}},{"type":"Feature","geometry":{"type":"Point","coordinates":[25.32535,45.559138]},"properties":{"lines":"140","color":"#0059a9","mode":"bus","arr":["140"],"angle":3,"extra":1,"ei":3}},{"type":"Feature","geometry":{"type":"Point","coordinates":[25.326074,45.5601]},"properties":{"lines":"140","color":"#0059a9","mode":"bus","arr":["140"],"angle":89.5,"mi":3}},{"type":"Feature","geometry":{"type":"Point","coordinates":[25.325114,45.562478]},"properties":{"lines":"140","color":"#0059a9","mode":"bus","arr":["140"],"angle":76.1,"mi":2}},{"type":"Feature","geometry":{"type":"Point","coordinates":[25.324464,45.563657]},"properties":{"lines":"140","color":"#0059a9","mode":"bus","arr":["140"],"angle":50.7,"extra":1,"ei":0}},{"type":"Feature","geometry":{"type":"Point","coordinates":[25.329327,45.567149]},"properties":{"lines":"140","color":"#0059a9","mode":"bus","arr":["140"],"angle":-22.5}},{"type":"Feature","geometry":{"type":"Point","coordinates":[25.324635,45.564742]},"properties":{"lines":"140","color":"#0059a9","mode":"bus","arr":["140"],"angle":-72.3,"extra":1,"ei":0}},{"type":"Feature","geometry":{"type":"Point","coordinates":[25.326721,45.565656]},"properties":{"lines":"140","color":"#0059a9","mode":"bus","arr":["140"],"angle":-17.2,"extra":1,"ei":1}},{"type":"Feature","geometry":{"type":"Point","coordinates":[25.331201,45.567563]},"properties":{"lines":"140","color":"#0059a9","mode":"bus","arr":["140"],"angle":-17.8,"extra":1,"ei":2}},{"type":"Feature","geometry":{"type":"Point","coordinates":[25.333765,45.568156]},"properties":{"lines":"140","color":"#0059a9","mode":"bus","arr":["140"],"angle":-18.4,"extra":1,"ei":3}},{"type":"Feature","geometry":{"type":"Point","coordinates":[25.336327,45.568756]},"properties":{"lines":"140","color":"#0059a9","mode":"bus","arr":["140"],"angle":-18.7,"extra":1,"ei":4}},{"type":"Feature","geometry":{"type":"Point","coordinates":[25.338674,45.569483]},"properties":{"lines":"140","color":"#0059a9","mode":"bus","arr":["140"],"angle":-40.3,"mi":1}},{"type":"Feature","geometry":{"type":"Point","coordinates":[25.344234,45.572122]},"properties":{"lines":"140","color":"#0059a9","mode":"bus","arr":["140"],"angle":-28.9,"mi":4}},{"type":"Feature","geometry":{"type":"Point","coordinates":[25.351332,45.572341]},"properties":{"lines":"140","color":"#0059a9","mode":"bus","arr":["140"],"angle":30.2,"mi":7}},{"type":"Feature","geometry":{"type":"Point","coordinates":[25.341693,45.571094]},"properties":{"lines":"140","color":"#0059a9","mode":"bus","arr":["140"],"angle":-30.1,"extra":1,"ei":0}},{"type":"Feature","geometry":{"type":"Point","coordinates":[25.346412,45.572916]},"properties":{"lines":"140","color":"#0059a9","mode":"bus","arr":["140"],"angle":-13.1,"extra":1,"ei":1}},{"type":"Feature","geometry":{"type":"Point","coordinates":[25.367505,45.575545]},"properties":{"lines":"140","color":"#0059a9","mode":"bus","arr":["140"],"angle":-17.4}},{"type":"Feature","geometry":{"type":"Point","coordinates":[25.355217,45.571902]},"properties":{"lines":"140","color":"#0059a9","mode":"bus","arr":["140"],"angle":-23.9,"extra":1,"ei":0}},{"type":"Feature","geometry":{"type":"Point","coordinates":[25.357604,45.572784]},"properties":{"lines":"140","color":"#0059a9","mode":"bus","arr":["140"],"angle":-26.6,"extra":1,"ei":1}},{"type":"Feature","geometry":{"type":"Point","coordinates":[25.359936,45.573725]},"properties":{"lines":"140","color":"#0059a9","mode":"bus","arr":["140"],"angle":-39.7,"extra":1,"ei":2}},{"type":"Feature","geometry":{"type":"Point","coordinates":[25.362202,45.574709]},"properties":{"lines":"140","color":"#0059a9","mode":"bus","arr":["140"],"angle":-24.6,"extra":1,"ei":3}},{"type":"Feature","geometry":{"type":"Point","coordinates":[25.364809,45.575131]},"properties":{"lines":"140","color":"#0059a9","mode":"bus","arr":["140"],"angle":-7.3,"extra":1,"ei":4}},{"type":"Feature","geometry":{"type":"Point","coordinates":[25.369938,45.576257]},"properties":{"lines":"140","color":"#0059a9","mode":"bus","arr":["140"],"angle":-27.4,"extra":1,"ei":5}},{"type":"Feature","geometry":{"type":"Point","coordinates":[25.372567,45.576226]},"properties":{"lines":"140","color":"#0059a9","mode":"bus","arr":["140"],"angle":9,"extra":1,"ei":6}},{"type":"Feature","geometry":{"type":"Point","coordinates":[25.375258,45.576114]},"properties":{"lines":"140","color":"#0059a9","mode":"bus","arr":["140"],"angle":-0.5,"extra":1,"ei":7}},{"type":"Feature","geometry":{"type":"Point","coordinates":[25.377899,45.576419]},"properties":{"lines":"140","color":"#0059a9","mode":"bus","arr":["140"],"angle":-17.2,"extra":1,"ei":8}},{"type":"Feature","geometry":{"type":"Point","coordinates":[25.38043,45.577062]},"properties":{"lines":"140","color":"#0059a9","mode":"bus","arr":["140"],"angle":-29,"extra":1,"ei":9}},{"type":"Feature","geometry":{"type":"Point","coordinates":[25.409314,45.581139]},"properties":{"lines":"140","color":"#0059a9","mode":"bus","arr":["140"],"angle":-19.5}},{"type":"Feature","geometry":{"type":"Point","coordinates":[25.383044,45.5778]},"properties":{"lines":"140","color":"#0059a9","mode":"bus","arr":["140"],"angle":-20.9,"extra":1,"ei":0}},{"type":"Feature","geometry":{"type":"Point","coordinates":[25.385677,45.578149]},"properties":{"lines":"140","color":"#0059a9","mode":"bus","arr":["140"],"angle":-10.1,"extra":1,"ei":1}},{"type":"Feature","geometry":{"type":"Point","coordinates":[25.388262,45.578044]},"properties":{"lines":"140","color":"#0059a9","mode":"bus","arr":["140"],"angle":17.2,"extra":1,"ei":2}},{"type":"Feature","geometry":{"type":"Point","coordinates":[25.390793,45.577444]},"properties":{"lines":"140","color":"#0059a9","mode":"bus","arr":["140"],"angle":10.3,"extra":1,"ei":3}},{"type":"Feature","geometry":{"type":"Point","coordinates":[25.393453,45.577118]},"properties":{"lines":"140","color":"#0059a9","mode":"bus","arr":["140"],"angle":9,"extra":1,"ei":4}},{"type":"Feature","geometry":{"type":"Point","coordinates":[25.396133,45.576895]},"properties":{"lines":"140","color":"#0059a9","mode":"bus","arr":["140"],"angle":-1.7,"extra":1,"ei":5}},{"type":"Feature","geometry":{"type":"Point","coordinates":[25.39882,45.57709]},"properties":{"lines":"140","color":"#0059a9","mode":"bus","arr":["140"],"angle":-0.3,"extra":1,"ei":6}},{"type":"Feature","geometry":{"type":"Point","coordinates":[25.401186,45.577727]},"properties":{"lines":"140","color":"#0059a9","mode":"bus","arr":["140"],"angle":-34.4,"extra":1,"ei":7}},{"type":"Feature","geometry":{"type":"Point","coordinates":[25.403382,45.578827]},"properties":{"lines":"140","color":"#0059a9","mode":"bus","arr":["140"],"angle":-37.3,"extra":1,"ei":8}},{"type":"Feature","geometry":{"type":"Point","coordinates":[25.405584,45.57992]},"properties":{"lines":"140","color":"#0059a9","mode":"bus","arr":["140"],"angle":-32,"extra":1,"ei":9}},{"type":"Feature","geometry":{"type":"Point","coordinates":[25.413058,45.582012]},"properties":{"lines":"140","color":"#0059a9","mode":"bus","arr":["140"],"angle":-9.1,"extra":1,"ei":10}},{"type":"Feature","geometry":{"type":"Point","coordinates":[25.415717,45.582343]},"properties":{"lines":"140","color":"#0059a9","mode":"bus","arr":["140"],"angle":-13.7,"extra":1,"ei":11}},{"type":"Feature","geometry":{"type":"Point","coordinates":[25.418221,45.58304]},"properties":{"lines":"140","color":"#0059a9","mode":"bus","arr":["140"],"angle":-24.6,"extra":1,"ei":12}},{"type":"Feature","geometry":{"type":"Point","coordinates":[25.420812,45.583557]},"properties":{"lines":"140","color":"#0059a9","mode":"bus","arr":["140"],"angle":-13.5,"extra":1,"ei":13}},{"type":"Feature","geometry":{"type":"Point","coordinates":[25.42339,45.584107]},"properties":{"lines":"140","color":"#0059a9","mode":"bus","arr":["140"],"angle":-24.2,"extra":1,"ei":14}},{"type":"Feature","geometry":{"type":"Point","coordinates":[25.425848,45.584892]},"properties":{"lines":"140","color":"#0059a9","mode":"bus","arr":["140"],"angle":-24.4,"extra":1,"ei":15}},{"type":"Feature","geometry":{"type":"Point","coordinates":[25.428356,45.585591]},"properties":{"lines":"140","color":"#0059a9","mode":"bus","arr":["140"],"angle":-20.1,"extra":1,"ei":16}},{"type":"Feature","geometry":{"type":"Point","coordinates":[25.430897,45.586233]},"properties":{"lines":"140","color":"#0059a9","mode":"bus","arr":["140"],"angle":-19.4,"extra":1,"ei":17}},{"type":"Feature","geometry":{"type":"Point","coordinates":[25.433473,45.586799]},"properties":{"lines":"140","color":"#0059a9","mode":"bus","arr":["140"],"angle":-16,"extra":1,"ei":18}},{"type":"Feature","geometry":{"type":"Point","coordinates":[25.436126,45.587105]},"properties":{"lines":"140","color":"#0059a9","mode":"bus","arr":["140"],"angle":-10.6,"extra":1,"ei":19}},{"type":"Feature","geometry":{"type":"Point","coordinates":[25.503559,45.654878]},"properties":{"lines":"210","color":"#0059a9","mode":"bus","arr":["210"],"angle":42.2,"mi":10}},{"type":"Feature","geometry":{"type":"Point","coordinates":[25.507884,45.658232]},"properties":{"lines":"210","color":"#0059a9","mode":"bus","arr":["210"],"angle":-38.4,"mi":4}},{"type":"Feature","geometry":{"type":"Point","coordinates":[25.505005,45.655185]},"properties":{"lines":"210","color":"#0059a9","mode":"bus","arr":["210"],"angle":-63.8,"extra":1,"ei":0}},{"type":"Feature","geometry":{"type":"Point","coordinates":[25.506455,45.656778]},"properties":{"lines":"210","color":"#0059a9","mode":"bus","arr":["210"],"angle":-56.9,"extra":1,"ei":1}},{"type":"Feature","geometry":{"type":"Point","coordinates":[25.510282,45.659323]},"properties":{"lines":"210","color":"#0059a9","mode":"bus","arr":["210"],"angle":-33.1,"extra":1,"ei":2}},{"type":"Feature","geometry":{"type":"Point","coordinates":[25.512501,45.660392]},"properties":{"lines":"210","color":"#0059a9","mode":"bus","arr":["210"],"angle":-44.5,"extra":1,"ei":3}},{"type":"Feature","geometry":{"type":"Point","coordinates":[25.512665,45.661589]},"properties":{"lines":"210","color":"#0059a9","mode":"bus","arr":["210"],"angle":60.5,"mi":5}},{"type":"Feature","geometry":{"type":"Point","coordinates":[25.503226,45.656193]},"properties":{"lines":"210","color":"#0059a9","mode":"bus","arr":["210"],"angle":-69.9,"mi":8}},{"type":"Feature","geometry":{"type":"Point","coordinates":[25.512737,45.662804]},"properties":{"lines":"210","color":"#0059a9","mode":"bus","arr":["210"],"angle":-52.5,"mi":7}},{"type":"Feature","geometry":{"type":"Point","coordinates":[25.522687,45.66249]},"properties":{"lines":"210, 220","color":"#0059a9","mode":"bus","arr":["210","220"],"angle":-8.9,"side":-1,"mi":2}},{"type":"Feature","geometry":{"type":"Point","coordinates":[25.514744,45.662894]},"properties":{"lines":"210, 220","color":"#0059a9","mode":"bus","arr":["210","220"],"angle":29.1,"extra":1,"ei":0,"side":-1}},{"type":"Feature","geometry":{"type":"Point","coordinates":[25.517354,45.662494]},"properties":{"lines":"210, 220","color":"#0059a9","mode":"bus","arr":["210","220"],"angle":4.5,"extra":1,"ei":1,"side":-1}},{"type":"Feature","geometry":{"type":"Point","coordinates":[25.520048,45.662351]},"properties":{"lines":"210, 220","color":"#0059a9","mode":"bus","arr":["210","220"],"angle":3.6,"extra":1,"ei":2,"side":-1}},{"type":"Feature","geometry":{"type":"Point","coordinates":[25.525405,45.662776]},"properties":{"lines":"210, 220","color":"#0059a9","mode":"bus","arr":["210","220"],"angle":-7.2,"extra":1,"ei":3,"side":-1}},{"type":"Feature","geometry":{"type":"Point","coordinates":[25.528083,45.662625]},"properties":{"lines":"210, 220","color":"#0059a9","mode":"bus","arr":["210","220"],"angle":10.1,"extra":1,"ei":4,"side":-1}},{"type":"Feature","geometry":{"type":"Point","coordinates":[25.53075,45.662328]},"properties":{"lines":"210, 220","color":"#0059a9","mode":"bus","arr":["210","220"],"angle":7.6,"extra":1,"ei":5,"side":-1}},{"type":"Feature","geometry":{"type":"Point","coordinates":[25.532743,45.662033]},"properties":{"lines":"210, 220","color":"#0059a9","mode":"bus","arr":["210","220"],"angle":20.5,"side":-1}},{"type":"Feature","geometry":{"type":"Point","coordinates":[25.541507,45.662043]},"properties":{"lines":"210, 220","color":"#0059a9","mode":"bus","arr":["210","220"],"angle":4.9,"mi":1}},{"type":"Feature","geometry":{"type":"Point","coordinates":[25.553205,45.660889]},"properties":{"lines":"210, 220","color":"#0059a9","mode":"bus","arr":["210","220"],"angle":29.5,"mi":4}},{"type":"Feature","geometry":{"type":"Point","coordinates":[25.535178,45.662022]},"properties":{"lines":"210, 220","color":"#0059a9","mode":"bus","arr":["210","220"],"angle":-4.5,"extra":1,"ei":0,"side":-1}},{"type":"Feature","geometry":{"type":"Point","coordinates":[25.537878,45.662084]},"properties":{"lines":"210, 220","color":"#0059a9","mode":"bus","arr":["210","220"],"angle":-1.3,"extra":1,"ei":1,"side":-1}},{"type":"Feature","geometry":{"type":"Point","coordinates":[25.543267,45.66185]},"properties":{"lines":"210, 220","color":"#0059a9","mode":"bus","arr":["210","220"],"angle":3,"extra":1,"ei":2,"side":-1}},{"type":"Feature","geometry":{"type":"Point","coordinates":[25.545961,45.661718]},"properties":{"lines":"210, 220","color":"#0059a9","mode":"bus","arr":["210","220"],"angle":5.2,"extra":1,"ei":3,"side":-1}},{"type":"Feature","geometry":{"type":"Point","coordinates":[25.548642,45.661492]},"properties":{"lines":"210, 220","color":"#0059a9","mode":"bus","arr":["210","220"],"angle":9.4,"extra":1,"ei":4,"side":-1}},{"type":"Feature","geometry":{"type":"Point","coordinates":[25.519996,45.662523]},"properties":{"lines":"210, 220","color":"#0059a9","mode":"bus","arr":["210","220"],"angle":18,"mi":3}},{"type":"Feature","geometry":{"type":"Point","coordinates":[25.507298,45.667661]},"properties":{"lines":"210, 220","color":"#0059a9","mode":"bus","arr":["210","220"],"angle":29.2}},{"type":"Feature","geometry":{"type":"Point","coordinates":[25.512945,45.66455]},"properties":{"lines":"210, 220","color":"#0059a9","mode":"bus","arr":["210","220"],"angle":66.1,"extra":1,"ei":0}},{"type":"Feature","geometry":{"type":"Point","coordinates":[25.511468,45.666105]},"properties":{"lines":"210, 220","color":"#0059a9","mode":"bus","arr":["210","220"],"angle":38,"extra":1,"ei":1}},{"type":"Feature","geometry":{"type":"Point","coordinates":[25.509109,45.667015]},"properties":{"lines":"210, 220","color":"#0059a9","mode":"bus","arr":["210","220"],"angle":24.7,"extra":1,"ei":2}},{"type":"Feature","geometry":{"type":"Point","coordinates":[25.504411,45.66887]},"properties":{"lines":"210, 220","color":"#0059a9","mode":"bus","arr":["210","220"],"angle":36.1,"extra":1,"ei":3}},{"type":"Feature","geometry":{"type":"Point","coordinates":[25.502214,45.669967]},"properties":{"lines":"210, 220","color":"#0059a9","mode":"bus","arr":["210","220"],"angle":31.8,"extra":1,"ei":4}},{"type":"Feature","geometry":{"type":"Point","coordinates":[25.49985,45.67088]},"properties":{"lines":"210, 220","color":"#0059a9","mode":"bus","arr":["210","220"],"angle":28.7,"extra":1,"ei":5}},{"type":"Feature","geometry":{"type":"Point","coordinates":[25.49888,45.671178]},"properties":{"lines":"210","color":"#0059a9","mode":"bus","arr":["210"],"angle":-2,"mi":11}},{"type":"Feature","geometry":{"type":"Point","coordinates":[25.503698,45.669066]},"properties":{"lines":"210","color":"#0059a9","mode":"bus","arr":["210"],"angle":29.7,"side":-1,"mi":9}},{"type":"Feature","geometry":{"type":"Point","coordinates":[25.50772,45.665452]},"properties":{"lines":"210","color":"#0059a9","mode":"bus","arr":["210"],"angle":-65.1,"mi":3}},{"type":"Feature","geometry":{"type":"Point","coordinates":[25.5069,45.663453]},"properties":{"lines":"210","color":"#0059a9","mode":"bus","arr":["210"],"angle":76.8,"mi":1}},{"type":"Feature","geometry":{"type":"Point","coordinates":[25.501619,45.660563]},"properties":{"lines":"210","color":"#0059a9","mode":"bus","arr":["210"],"angle":-75.4,"mi":2}},{"type":"Feature","geometry":{"type":"Point","coordinates":[25.505554,45.662888]},"properties":{"lines":"210","color":"#0059a9","mode":"bus","arr":["210"],"angle":-17.2}},{"type":"Feature","geometry":{"type":"Point","coordinates":[25.502775,45.662093]},"properties":{"lines":"210","color":"#0059a9","mode":"bus","arr":["210"],"angle":-39.5,"extra":1,"ei":0}},{"type":"Feature","geometry":{"type":"Point","coordinates":[25.500355,45.658819]},"properties":{"lines":"210","color":"#0059a9","mode":"bus","arr":["210"],"angle":-75.8,"extra":1,"ei":1}},{"type":"Feature","geometry":{"type":"Point","coordinates":[25.501879,45.657568]},"properties":{"lines":"210","color":"#0059a9","mode":"bus","arr":["210"],"angle":23.8,"mi":6}},{"type":"Feature","geometry":{"type":"Point","coordinates":[25.452168,45.705965]},"properties":{"lines":"220","color":"#0059a9","mode":"bus","arr":["220"],"angle":-66.8,"side":-1,"mi":6}},{"type":"Feature","geometry":{"type":"Point","coordinates":[25.447646,45.700363]},"properties":{"lines":"220","color":"#0059a9","mode":"bus","arr":["220"],"angle":-64.1,"mi":4}},{"type":"Feature","geometry":{"type":"Point","coordinates":[25.447982,45.692342]},"properties":{"lines":"220","color":"#0059a9","mode":"bus","arr":["220"],"angle":87.3,"mi":2}},{"type":"Feature","geometry":{"type":"Point","coordinates":[25.452042,45.706171]},"properties":{"lines":"220","color":"#0059a9","mode":"bus","arr":["220"],"angle":-66.3,"extra":1,"ei":0}},{"type":"Feature","geometry":{"type":"Point","coordinates":[25.450981,45.704436]},"properties":{"lines":"220","color":"#0059a9","mode":"bus","arr":["220"],"angle":-59.7,"extra":1,"ei":1}},{"type":"Feature","geometry":{"type":"Point","coordinates":[25.449376,45.702919]},"properties":{"lines":"220","color":"#0059a9","mode":"bus","arr":["220"],"angle":-54.9,"extra":1,"ei":2}},{"type":"Feature","geometry":{"type":"Point","coordinates":[25.445097,45.698204]},"properties":{"lines":"220","color":"#0059a9","mode":"bus","arr":["220"],"angle":-48,"extra":1,"ei":3}},{"type":"Feature","geometry":{"type":"Point","coordinates":[25.445865,45.696545]},"properties":{"lines":"220","color":"#0059a9","mode":"bus","arr":["220"],"angle":59.7,"extra":1,"ei":4}},{"type":"Feature","geometry":{"type":"Point","coordinates":[25.447263,45.694936]},"properties":{"lines":"220","color":"#0059a9","mode":"bus","arr":["220"],"angle":49.9,"extra":1,"ei":5}},{"type":"Feature","geometry":{"type":"Point","coordinates":[25.448537,45.69357]},"properties":{"lines":"220","color":"#0059a9","mode":"bus","arr":["220"],"angle":-73.1,"extra":1,"ei":0}},{"type":"Feature","geometry":{"type":"Point","coordinates":[25.448806,45.690907]},"properties":{"lines":"220","color":"#0059a9","mode":"bus","arr":["220"],"angle":-5.1,"mi":1}},{"type":"Feature","geometry":{"type":"Point","coordinates":[25.453466,45.688524]},"properties":{"lines":"220","color":"#0059a9","mode":"bus","arr":["220"],"angle":29.7}},{"type":"Feature","geometry":{"type":"Point","coordinates":[25.456877,45.687143]},"properties":{"lines":"220","color":"#0059a9","mode":"bus","arr":["220"],"angle":30.4,"extra":1,"ei":0}},{"type":"Feature","geometry":{"type":"Point","coordinates":[25.449914,45.690041]},"properties":{"lines":"220","color":"#0059a9","mode":"bus","arr":["220"],"angle":33.5,"extra":1,"ei":1}},{"type":"Feature","geometry":{"type":"Point","coordinates":[25.466077,45.683183]},"properties":{"lines":"220","color":"#0059a9","mode":"bus","arr":["220"],"angle":25.1,"mi":5}},{"type":"Feature","geometry":{"type":"Point","coordinates":[25.46178,45.684997]},"properties":{"lines":"220","color":"#0059a9","mode":"bus","arr":["220"],"angle":32.3,"mi":3}},{"type":"Feature","geometry":{"type":"Point","coordinates":[25.459175,45.686152]},"properties":{"lines":"220","color":"#0059a9","mode":"bus","arr":["220"],"angle":33,"extra":1,"ei":0}},{"type":"Feature","geometry":{"type":"Point","coordinates":[25.46374,45.684131]},"properties":{"lines":"220","color":"#0059a9","mode":"bus","arr":["220"],"angle":32.3,"extra":1,"ei":1}},{"type":"Feature","geometry":{"type":"Point","coordinates":[25.497513,45.671599]},"properties":{"lines":"220","color":"#0059a9","mode":"bus","arr":["220"],"angle":26.7,"extra":1,"ei":0}},{"type":"Feature","geometry":{"type":"Point","coordinates":[25.495081,45.672421]},"properties":{"lines":"220","color":"#0059a9","mode":"bus","arr":["220"],"angle":25.6,"extra":1,"ei":1}},{"type":"Feature","geometry":{"type":"Point","coordinates":[25.49265,45.673245]},"properties":{"lines":"220","color":"#0059a9","mode":"bus","arr":["220"],"angle":26.2,"extra":1,"ei":2}},{"type":"Feature","geometry":{"type":"Point","coordinates":[25.490218,45.674066]},"properties":{"lines":"220","color":"#0059a9","mode":"bus","arr":["220"],"angle":25.6,"extra":1,"ei":3}},{"type":"Feature","geometry":{"type":"Point","coordinates":[25.487789,45.674893]},"properties":{"lines":"220","color":"#0059a9","mode":"bus","arr":["220"],"angle":26,"extra":1,"ei":4}},{"type":"Feature","geometry":{"type":"Point","coordinates":[25.485439,45.67582]},"properties":{"lines":"220","color":"#0059a9","mode":"bus","arr":["220"],"angle":33.1,"extra":1,"ei":5}},{"type":"Feature","geometry":{"type":"Point","coordinates":[25.483179,45.676853]},"properties":{"lines":"220","color":"#0059a9","mode":"bus","arr":["220"],"angle":31.4,"extra":1,"ei":6}},{"type":"Feature","geometry":{"type":"Point","coordinates":[25.48084,45.677798]},"properties":{"lines":"220","color":"#0059a9","mode":"bus","arr":["220"],"angle":29.8,"extra":1,"ei":7}},{"type":"Feature","geometry":{"type":"Point","coordinates":[25.478505,45.678749]},"properties":{"lines":"220","color":"#0059a9","mode":"bus","arr":["220"],"angle":30.2,"extra":1,"ei":8}},{"type":"Feature","geometry":{"type":"Point","coordinates":[25.476216,45.67975]},"properties":{"lines":"220","color":"#0059a9","mode":"bus","arr":["220"],"angle":33.4,"extra":1,"ei":9}},{"type":"Feature","geometry":{"type":"Point","coordinates":[25.473854,45.680657]},"properties":{"lines":"220","color":"#0059a9","mode":"bus","arr":["220"],"angle":24.6,"extra":1,"ei":10}},{"type":"Feature","geometry":{"type":"Point","coordinates":[25.471394,45.681438]},"properties":{"lines":"220","color":"#0059a9","mode":"bus","arr":["220"],"angle":24.2,"extra":1,"ei":11}},{"type":"Feature","geometry":{"type":"Point","coordinates":[25.468929,45.682212]},"properties":{"lines":"220","color":"#0059a9","mode":"bus","arr":["220"],"angle":24,"extra":1,"ei":12}},{"type":"Feature","geometry":{"type":"Point","coordinates":[25.511785,45.665813]},"properties":{"lines":"220","color":"#0059a9","mode":"bus","arr":["220"],"angle":46.3,"side":-1,"mi":1}},{"type":"Feature","geometry":{"type":"Point","coordinates":[25.503757,45.669132]},"properties":{"lines":"220","color":"#0059a9","mode":"bus","arr":["220"],"angle":37.7}},{"type":"Feature","geometry":{"type":"Point","coordinates":[25.510042,45.666642]},"properties":{"lines":"220","color":"#0059a9","mode":"bus","arr":["220"],"angle":26.7,"extra":1,"ei":0,"side":-1}},{"type":"Feature","geometry":{"type":"Point","coordinates":[25.513209,45.663767]},"properties":{"lines":"220","color":"#0059a9","mode":"bus","arr":["220"],"angle":83.4,"extra":1,"ei":1,"side":-1}},{"type":"Feature","geometry":{"type":"Point","coordinates":[25.511472,45.77559]},"properties":{"lines":"310","color":"#0059a9","mode":"bus","arr":["310"],"angle":21.2,"side":-1,"mi":3}},{"type":"Feature","geometry":{"type":"Point","coordinates":[25.512156,45.775568]},"properties":{"lines":"310","color":"#0059a9","mode":"bus","arr":["310"],"angle":31.6,"mi":2}},{"type":"Feature","geometry":{"type":"Point","coordinates":[25.51318,45.773849]},"properties":{"lines":"310","color":"#0059a9","mode":"bus","arr":["310"],"angle":-75.9,"mi":1}},{"type":"Feature","geometry":{"type":"Point","coordinates":[25.521694,45.770002]},"properties":{"lines":"310","color":"#0059a9","mode":"bus","arr":["310"],"angle":41.5}},{"type":"Feature","geometry":{"type":"Point","coordinates":[25.513949,45.772278]},"properties":{"lines":"310","color":"#0059a9","mode":"bus","arr":["310"],"angle":27.7,"extra":1,"ei":0}},{"type":"Feature","geometry":{"type":"Point","coordinates":[25.516495,45.771668]},"properties":{"lines":"310","color":"#0059a9","mode":"bus","arr":["310"],"angle":15.4,"extra":1,"ei":1}},{"type":"Feature","geometry":{"type":"Point","coordinates":[25.519098,45.771163]},"properties":{"lines":"310","color":"#0059a9","mode":"bus","arr":["310"],"angle":15.7,"extra":1,"ei":2}},{"type":"Feature","geometry":{"type":"Point","coordinates":[25.523382,45.768948]},"properties":{"lines":"310","color":"#0059a9","mode":"bus","arr":["310"],"angle":42.3,"extra":1,"ei":3}},{"type":"Feature","geometry":{"type":"Point","coordinates":[25.52543,45.767718]},"properties":{"lines":"310","color":"#0059a9","mode":"bus","arr":["310"],"angle":38.2,"extra":1,"ei":4}},{"type":"Feature","geometry":{"type":"Point","coordinates":[25.527571,45.766567]},"properties":{"lines":"310","color":"#0059a9","mode":"bus","arr":["310"],"angle":37.3,"extra":1,"ei":5}},{"type":"Feature","geometry":{"type":"Point","coordinates":[25.531212,45.764636]},"properties":{"lines":"310","color":"#0059a9","mode":"bus","arr":["310"],"angle":37.2,"mi":4}},{"type":"Feature","geometry":{"type":"Point","coordinates":[25.532575,45.763915]},"properties":{"lines":"310","color":"#0059a9","mode":"bus","arr":["310"],"angle":36.4,"extra":1,"ei":0}},{"type":"Feature","geometry":{"type":"Point","coordinates":[25.538347,45.762137]},"properties":{"lines":"310","color":"#0059a9","mode":"bus","arr":["310"],"angle":23.3,"mi":5}},{"type":"Feature","geometry":{"type":"Point","coordinates":[25.534352,45.763313]},"properties":{"lines":"310","color":"#0059a9","mode":"bus","arr":["310"],"angle":21.5,"extra":1,"ei":0}},{"type":"Feature","geometry":{"type":"Point","coordinates":[25.541832,45.761138]},"properties":{"lines":"310","color":"#0059a9","mode":"bus","arr":["310"],"angle":17.4,"extra":1,"ei":1}},{"type":"Feature","geometry":{"type":"Point","coordinates":[25.56375,45.757262]},"properties":{"lines":"310","color":"#0059a9","mode":"bus","arr":["310"],"angle":20.5}},{"type":"Feature","geometry":{"type":"Point","coordinates":[25.545017,45.760712]},"properties":{"lines":"310","color":"#0059a9","mode":"bus","arr":["310"],"angle":11.5,"extra":1,"ei":0}},{"type":"Feature","geometry":{"type":"Point","coordinates":[25.547637,45.760257]},"properties":{"lines":"310","color":"#0059a9","mode":"bus","arr":["310"],"angle":12.1,"extra":1,"ei":1}},{"type":"Feature","geometry":{"type":"Point","coordinates":[25.550295,45.759921]},"properties":{"lines":"310","color":"#0059a9","mode":"bus","arr":["310"],"angle":10.3,"extra":1,"ei":2}},{"type":"Feature","geometry":{"type":"Point","coordinates":[25.552953,45.759582]},"properties":{"lines":"310","color":"#0059a9","mode":"bus","arr":["310"],"angle":10.7,"extra":1,"ei":3}},{"type":"Feature","geometry":{"type":"Point","coordinates":[25.555605,45.759222]},"properties":{"lines":"310","color":"#0059a9","mode":"bus","arr":["310"],"angle":11.8,"extra":1,"ei":4}},{"type":"Feature","geometry":{"type":"Point","coordinates":[25.5582,45.758705]},"properties":{"lines":"310","color":"#0059a9","mode":"bus","arr":["310"],"angle":19.2,"extra":1,"ei":5}},{"type":"Feature","geometry":{"type":"Point","coordinates":[25.560734,45.758049]},"properties":{"lines":"310","color":"#0059a9","mode":"bus","arr":["310"],"angle":20.5,"extra":1,"ei":6}},{"type":"Feature","geometry":{"type":"Point","coordinates":[25.565795,45.756728]},"properties":{"lines":"310","color":"#0059a9","mode":"bus","arr":["310"],"angle":20.5,"extra":1,"ei":7}},{"type":"Feature","geometry":{"type":"Point","coordinates":[25.568324,45.756063]},"properties":{"lines":"310","color":"#0059a9","mode":"bus","arr":["310"],"angle":20.7,"extra":1,"ei":8}},{"type":"Feature","geometry":{"type":"Point","coordinates":[25.570842,45.755379]},"properties":{"lines":"310","color":"#0059a9","mode":"bus","arr":["310"],"angle":22.4,"extra":1,"ei":9}},{"type":"Feature","geometry":{"type":"Point","coordinates":[25.573122,45.754377]},"properties":{"lines":"310","color":"#0059a9","mode":"bus","arr":["310"],"angle":34.9,"extra":1,"ei":10}},{"type":"Feature","geometry":{"type":"Point","coordinates":[25.57534,45.753299]},"properties":{"lines":"310","color":"#0059a9","mode":"bus","arr":["310"],"angle":34.7,"extra":1,"ei":11}},{"type":"Feature","geometry":{"type":"Point","coordinates":[25.577559,45.752222]},"properties":{"lines":"310","color":"#0059a9","mode":"bus","arr":["310"],"angle":34.7,"extra":1,"ei":12}},{"type":"Feature","geometry":{"type":"Point","coordinates":[25.579769,45.751136]},"properties":{"lines":"310","color":"#0059a9","mode":"bus","arr":["310"],"angle":35.2,"extra":1,"ei":13}},{"type":"Feature","geometry":{"type":"Point","coordinates":[25.581707,45.74978]},"properties":{"lines":"310, 320","color":"#0059a9","mode":"bus","arr":["310","320"],"angle":88.1}},{"type":"Feature","geometry":{"type":"Point","coordinates":[25.577562,45.735576]},"properties":{"lines":"310, 320","color":"#0059a9","mode":"bus","arr":["310","320"],"angle":-88.1}},{"type":"Feature","geometry":{"type":"Point","coordinates":[25.580036,45.710994]},"properties":{"lines":"310, 320","color":"#0059a9","mode":"bus","arr":["310","320"],"angle":81.9}},{"type":"Feature","geometry":{"type":"Point","coordinates":[25.580456,45.709087]},"properties":{"lines":"310, 320","color":"#0059a9","mode":"bus","arr":["310","320"],"angle":80.9,"mi":1}},{"type":"Feature","geometry":{"type":"Point","coordinates":[25.579029,45.723034]},"properties":{"lines":"310, 320","color":"#0059a9","mode":"bus","arr":["310","320"],"angle":79.3,"extra":1,"ei":0}},{"type":"Feature","geometry":{"type":"Point","coordinates":[25.578527,45.72489]},"properties":{"lines":"310, 320","color":"#0059a9","mode":"bus","arr":["310","320"],"angle":79.2,"extra":1,"ei":1}},{"type":"Feature","geometry":{"type":"Point","coordinates":[25.578042,45.726748]},"properties":{"lines":"310, 320","color":"#0059a9","mode":"bus","arr":["310","320"],"angle":80.4,"extra":1,"ei":2}},{"type":"Feature","geometry":{"type":"Point","coordinates":[25.577597,45.728611]},"properties":{"lines":"310, 320","color":"#0059a9","mode":"bus","arr":["310","320"],"angle":80.7,"extra":1,"ei":3}},{"type":"Feature","geometry":{"type":"Point","coordinates":[25.577252,45.730482]},"properties":{"lines":"310, 320","color":"#0059a9","mode":"bus","arr":["310","320"],"angle":89.8,"extra":1,"ei":4}},{"type":"Feature","geometry":{"type":"Point","coordinates":[25.577392,45.732367]},"properties":{"lines":"310, 320","color":"#0059a9","mode":"bus","arr":["310","320"],"angle":-86.6,"extra":1,"ei":5}},{"type":"Feature","geometry":{"type":"Point","coordinates":[25.577516,45.734254]},"properties":{"lines":"310, 320","color":"#0059a9","mode":"bus","arr":["310","320"],"angle":-88.5,"extra":1,"ei":6}},{"type":"Feature","geometry":{"type":"Point","coordinates":[25.577774,45.738026]},"properties":{"lines":"310, 320","color":"#0059a9","mode":"bus","arr":["310","320"],"angle":-86.1,"extra":1,"ei":7}},{"type":"Feature","geometry":{"type":"Point","coordinates":[25.577956,45.73991]},"properties":{"lines":"310, 320","color":"#0059a9","mode":"bus","arr":["310","320"],"angle":-86.2,"extra":1,"ei":8}},{"type":"Feature","geometry":{"type":"Point","coordinates":[25.57819,45.741791]},"properties":{"lines":"310, 320","color":"#0059a9","mode":"bus","arr":["310","320"],"angle":-80,"extra":1,"ei":9}},{"type":"Feature","geometry":{"type":"Point","coordinates":[25.579041,45.743578]},"properties":{"lines":"310, 320","color":"#0059a9","mode":"bus","arr":["310","320"],"angle":-68,"extra":1,"ei":10}},{"type":"Feature","geometry":{"type":"Point","coordinates":[25.580027,45.745337]},"properties":{"lines":"310, 320","color":"#0059a9","mode":"bus","arr":["310","320"],"angle":-68.6,"extra":1,"ei":11}},{"type":"Feature","geometry":{"type":"Point","coordinates":[25.581101,45.747068]},"properties":{"lines":"310, 320","color":"#0059a9","mode":"bus","arr":["310","320"],"angle":-63.1,"extra":1,"ei":12}},{"type":"Feature","geometry":{"type":"Point","coordinates":[25.580611,45.707688]},"properties":{"lines":"310, 320","color":"#0059a9","mode":"bus","arr":["310","320"],"angle":85.7,"extra":1,"ei":0}},{"type":"Feature","geometry":{"type":"Point","coordinates":[25.58302,45.754476]},"properties":{"lines":"310, 320","color":"#0059a9","mode":"bus","arr":["310","320"],"angle":-78,"mi":1}},{"type":"Feature","geometry":{"type":"Point","coordinates":[25.581978,45.751101]},"properties":{"lines":"310, 320","color":"#0059a9","mode":"bus","arr":["310","320"],"angle":-77.7,"extra":1,"ei":0}},{"type":"Feature","geometry":{"type":"Point","coordinates":[25.582544,45.752947]},"properties":{"lines":"310, 320","color":"#0059a9","mode":"bus","arr":["310","320"],"angle":-77.6,"extra":1,"ei":1}},{"type":"Feature","geometry":{"type":"Point","coordinates":[25.583692,45.756638]},"properties":{"lines":"310, 320","color":"#0059a9","mode":"bus","arr":["310","320"],"angle":-77.1,"extra":1,"ei":2}},{"type":"Feature","geometry":{"type":"Point","coordinates":[25.584313,45.758476]},"properties":{"lines":"310, 320","color":"#0059a9","mode":"bus","arr":["310","320"],"angle":-77.4,"extra":1,"ei":3}},{"type":"Feature","geometry":{"type":"Point","coordinates":[25.597833,45.795466]},"properties":{"lines":"320","color":"#0059a9","mode":"bus","arr":["320"],"angle":85.5}},{"type":"Feature","geometry":{"type":"Point","coordinates":[25.569029,45.827073]},"properties":{"lines":"320","color":"#0059a9","mode":"bus","arr":["320"],"angle":52.3}},{"type":"Feature","geometry":{"type":"Point","coordinates":[25.586959,45.767018]},"properties":{"lines":"320","color":"#0059a9","mode":"bus","arr":["320"],"angle":-77.7}},{"type":"Feature","geometry":{"type":"Point","coordinates":[25.584462,45.75898]},"properties":{"lines":"320","color":"#0059a9","mode":"bus","arr":["320"],"angle":6.8,"mi":3}},{"type":"Feature","geometry":{"type":"Point","coordinates":[25.557574,45.83646]},"properties":{"lines":"320","color":"#0059a9","mode":"bus","arr":["320"],"angle":78.9,"extra":1,"ei":0}},{"type":"Feature","geometry":{"type":"Point","coordinates":[25.558757,45.83486]},"properties":{"lines":"320","color":"#0059a9","mode":"bus","arr":["320"],"angle":30.5,"extra":1,"ei":1}},{"type":"Feature","geometry":{"type":"Point","coordinates":[25.5611,45.833925]},"properties":{"lines":"320","color":"#0059a9","mode":"bus","arr":["320"],"angle":37.1,"extra":1,"ei":2}},{"type":"Feature","geometry":{"type":"Point","coordinates":[25.562938,45.832553]},"properties":{"lines":"320","color":"#0059a9","mode":"bus","arr":["320"],"angle":52.7,"extra":1,"ei":3}},{"type":"Feature","geometry":{"type":"Point","coordinates":[25.564592,45.831059]},"properties":{"lines":"320","color":"#0059a9","mode":"bus","arr":["320"],"angle":52.4,"extra":1,"ei":4}},{"type":"Feature","geometry":{"type":"Point","coordinates":[25.566256,45.829572]},"properties":{"lines":"320","color":"#0059a9","mode":"bus","arr":["320"],"angle":52.1,"extra":1,"ei":5}},{"type":"Feature","geometry":{"type":"Point","coordinates":[25.567917,45.828082]},"properties":{"lines":"320","color":"#0059a9","mode":"bus","arr":["320"],"angle":52.3,"extra":1,"ei":6}},{"type":"Feature","geometry":{"type":"Point","coordinates":[25.571382,45.825196]},"properties":{"lines":"320","color":"#0059a9","mode":"bus","arr":["320"],"angle":41.2,"extra":1,"ei":7}},{"type":"Feature","geometry":{"type":"Point","coordinates":[25.573422,45.823958]},"properties":{"lines":"320","color":"#0059a9","mode":"bus","arr":["320"],"angle":40.7,"extra":1,"ei":8}},{"type":"Feature","geometry":{"type":"Point","coordinates":[25.575496,45.822748]},"properties":{"lines":"320","color":"#0059a9","mode":"bus","arr":["320"],"angle":40.2,"extra":1,"ei":9}},{"type":"Feature","geometry":{"type":"Point","coordinates":[25.577587,45.821552]},"properties":{"lines":"320","color":"#0059a9","mode":"bus","arr":["320"],"angle":39.1,"extra":1,"ei":10}},{"type":"Feature","geometry":{"type":"Point","coordinates":[25.579685,45.820363]},"properties":{"lines":"320","color":"#0059a9","mode":"bus","arr":["320"],"angle":37.4,"extra":1,"ei":11}},{"type":"Feature","geometry":{"type":"Point","coordinates":[25.582105,45.819556]},"properties":{"lines":"320","color":"#0059a9","mode":"bus","arr":["320"],"angle":24.1,"extra":1,"ei":12}},{"type":"Feature","geometry":{"type":"Point","coordinates":[25.591064,45.81496]},"properties":{"lines":"320","color":"#0059a9","mode":"bus","arr":["320"],"angle":80.1,"extra":1,"ei":0}},{"type":"Feature","geometry":{"type":"Point","coordinates":[25.590928,45.81309]},"properties":{"lines":"320","color":"#0059a9","mode":"bus","arr":["320"],"angle":82.8,"extra":1,"ei":1}},{"type":"Feature","geometry":{"type":"Point","coordinates":[25.592211,45.811478]},"properties":{"lines":"320","color":"#0059a9","mode":"bus","arr":["320"],"angle":59.4,"extra":1,"ei":2}},{"type":"Feature","geometry":{"type":"Point","coordinates":[25.592956,45.809668]},"properties":{"lines":"320","color":"#0059a9","mode":"bus","arr":["320"],"angle":75.8,"extra":1,"ei":3}},{"type":"Feature","geometry":{"type":"Point","coordinates":[25.593586,45.807831]},"properties":{"lines":"320","color":"#0059a9","mode":"bus","arr":["320"],"angle":76.5,"extra":1,"ei":4}},{"type":"Feature","geometry":{"type":"Point","coordinates":[25.594218,45.805995]},"properties":{"lines":"320","color":"#0059a9","mode":"bus","arr":["320"],"angle":76.4,"extra":1,"ei":5}},{"type":"Feature","geometry":{"type":"Point","coordinates":[25.594874,45.804163]},"properties":{"lines":"320","color":"#0059a9","mode":"bus","arr":["320"],"angle":76.1,"extra":1,"ei":6}},{"type":"Feature","geometry":{"type":"Point","coordinates":[25.595507,45.802327]},"properties":{"lines":"320","color":"#0059a9","mode":"bus","arr":["320"],"angle":76.8,"extra":1,"ei":7}},{"type":"Feature","geometry":{"type":"Point","coordinates":[25.596142,45.800491]},"properties":{"lines":"320","color":"#0059a9","mode":"bus","arr":["320"],"angle":76.3,"extra":1,"ei":8}},{"type":"Feature","geometry":{"type":"Point","coordinates":[25.596784,45.798657]},"properties":{"lines":"320","color":"#0059a9","mode":"bus","arr":["320"],"angle":76,"extra":1,"ei":9}},{"type":"Feature","geometry":{"type":"Point","coordinates":[25.597443,45.796825]},"properties":{"lines":"320","color":"#0059a9","mode":"bus","arr":["320"],"angle":76.7,"extra":1,"ei":10}},{"type":"Feature","geometry":{"type":"Point","coordinates":[25.597522,45.79309]},"properties":{"lines":"320","color":"#0059a9","mode":"bus","arr":["320"],"angle":-82.8,"extra":1,"ei":11}},{"type":"Feature","geometry":{"type":"Point","coordinates":[25.597183,45.791217]},"properties":{"lines":"320","color":"#0059a9","mode":"bus","arr":["320"],"angle":-82.6,"extra":1,"ei":12}},{"type":"Feature","geometry":{"type":"Point","coordinates":[25.596848,45.789343]},"properties":{"lines":"320","color":"#0059a9","mode":"bus","arr":["320"],"angle":-82.4,"extra":1,"ei":13}},{"type":"Feature","geometry":{"type":"Point","coordinates":[25.596507,45.787469]},"properties":{"lines":"320","color":"#0059a9","mode":"bus","arr":["320"],"angle":-82.9,"extra":1,"ei":14}},{"type":"Feature","geometry":{"type":"Point","coordinates":[25.596168,45.785596]},"properties":{"lines":"320","color":"#0059a9","mode":"bus","arr":["320"],"angle":-82.5,"extra":1,"ei":15}},{"type":"Feature","geometry":{"type":"Point","coordinates":[25.59583,45.783722]},"properties":{"lines":"320","color":"#0059a9","mode":"bus","arr":["320"],"angle":-82.9,"extra":1,"ei":16}},{"type":"Feature","geometry":{"type":"Point","coordinates":[25.595358,45.781869]},"properties":{"lines":"320","color":"#0059a9","mode":"bus","arr":["320"],"angle":-67.8,"extra":1,"ei":17}},{"type":"Feature","geometry":{"type":"Point","coordinates":[25.594142,45.780183]},"properties":{"lines":"320","color":"#0059a9","mode":"bus","arr":["320"],"angle":-61.9,"extra":1,"ei":18}},{"type":"Feature","geometry":{"type":"Point","coordinates":[25.592844,45.778526]},"properties":{"lines":"320","color":"#0059a9","mode":"bus","arr":["320"],"angle":-60.8,"extra":1,"ei":19}},{"type":"Feature","geometry":{"type":"Point","coordinates":[25.591535,45.776874]},"properties":{"lines":"320","color":"#0059a9","mode":"bus","arr":["320"],"angle":-61.4,"extra":1,"ei":20}},{"type":"Feature","geometry":{"type":"Point","coordinates":[25.588858,45.773213]},"properties":{"lines":"320","color":"#0059a9","mode":"bus","arr":["320"],"angle":-74.7,"extra":1,"ei":0}},{"type":"Feature","geometry":{"type":"Point","coordinates":[25.588285,45.771367]},"properties":{"lines":"320","color":"#0059a9","mode":"bus","arr":["320"],"angle":-77.9,"extra":1,"ei":1}},{"type":"Feature","geometry":{"type":"Point","coordinates":[25.58772,45.76952]},"properties":{"lines":"320","color":"#0059a9","mode":"bus","arr":["320"],"angle":-77.7,"extra":1,"ei":2}},{"type":"Feature","geometry":{"type":"Point","coordinates":[25.586585,45.765828]},"properties":{"lines":"320","color":"#0059a9","mode":"bus","arr":["320"],"angle":-77.6,"extra":1,"ei":3}},{"type":"Feature","geometry":{"type":"Point","coordinates":[25.586011,45.763982]},"properties":{"lines":"320","color":"#0059a9","mode":"bus","arr":["320"],"angle":-77.8,"extra":1,"ei":4}},{"type":"Feature","geometry":{"type":"Point","coordinates":[25.585439,45.762136]},"properties":{"lines":"320","color":"#0059a9","mode":"bus","arr":["320"],"angle":-78.1,"extra":1,"ei":5}},{"type":"Feature","geometry":{"type":"Point","coordinates":[25.58487,45.76029]},"properties":{"lines":"320","color":"#0059a9","mode":"bus","arr":["320"],"angle":-77.9,"extra":1,"ei":6}},{"type":"Feature","geometry":{"type":"Point","coordinates":[25.589881,45.815756]},"properties":{"lines":"320","color":"#0059a9","mode":"bus","arr":["320"],"angle":66.4}},{"type":"Feature","geometry":{"type":"Point","coordinates":[25.585233,45.817793]},"properties":{"lines":"320","color":"#0059a9","mode":"bus","arr":["320"],"angle":42,"mi":3}},{"type":"Feature","geometry":{"type":"Point","coordinates":[25.5888,45.817031]},"properties":{"lines":"320","color":"#0059a9","mode":"bus","arr":["320"],"angle":0.6,"extra":1,"ei":0,"side":-1}},{"type":"Feature","geometry":{"type":"Point","coordinates":[25.587357,45.816797]},"properties":{"lines":"320","color":"#0059a9","mode":"bus","arr":["320"],"angle":10.6,"side":-1,"mi":2}},{"type":"Feature","geometry":{"type":"Point","coordinates":[25.5903,45.775252]},"properties":{"lines":"320","color":"#0059a9","mode":"bus","arr":["320"],"angle":40.2,"mi":2}},{"type":"Feature","geometry":{"type":"Point","coordinates":[25.589394,45.77409]},"properties":{"lines":"320","color":"#0059a9","mode":"bus","arr":["320"],"angle":47.9,"mi":1}},{"type":"Feature","geometry":{"type":"Point","coordinates":[25.601032,45.820225]},"properties":{"lines":"320","color":"#0059a9","mode":"bus","arr":["320"],"angle":66.7,"mi":4}},{"type":"Feature","geometry":{"type":"Point","coordinates":[25.587724,45.817033]},"properties":{"lines":"320","color":"#0059a9","mode":"bus","arr":["320"],"angle":-24.4,"mi":1}},{"type":"Feature","geometry":{"type":"Point","coordinates":[25.589552,45.817343]},"properties":{"lines":"320","color":"#0059a9","mode":"bus","arr":["320"],"angle":-12,"extra":1,"ei":0}},{"type":"Feature","geometry":{"type":"Point","coordinates":[25.591994,45.818142]},"properties":{"lines":"320","color":"#0059a9","mode":"bus","arr":["320"],"angle":-26.3,"extra":1,"ei":1}},{"type":"Feature","geometry":{"type":"Point","coordinates":[25.594499,45.81883]},"properties":{"lines":"320","color":"#0059a9","mode":"bus","arr":["320"],"angle":-13.4,"extra":1,"ei":2}},{"type":"Feature","geometry":{"type":"Point","coordinates":[25.597096,45.81935]},"properties":{"lines":"320","color":"#0059a9","mode":"bus","arr":["320"],"angle":-16.4,"extra":1,"ei":3}},{"type":"Feature","geometry":{"type":"Point","coordinates":[25.615804,45.695523]},"properties":{"lines":"410","color":"#0059a9","mode":"bus","arr":["410"],"angle":54.3}},{"type":"Feature","geometry":{"type":"Point","coordinates":[25.61151,45.699735]},"properties":{"lines":"410","color":"#0059a9","mode":"bus","arr":["410"],"angle":54.2,"extra":1,"ei":0}},{"type":"Feature","geometry":{"type":"Point","coordinates":[25.613086,45.698201]},"properties":{"lines":"410","color":"#0059a9","mode":"bus","arr":["410"],"angle":54,"extra":1,"ei":1}},{"type":"Feature","geometry":{"type":"Point","coordinates":[25.614651,45.696662]},"properties":{"lines":"410","color":"#0059a9","mode":"bus","arr":["410"],"angle":55,"extra":1,"ei":2}},{"type":"Feature","geometry":{"type":"Point","coordinates":[25.617793,45.693589]},"properties":{"lines":"410","color":"#0059a9","mode":"bus","arr":["410"],"angle":54.1,"extra":1,"ei":3}},{"type":"Feature","geometry":{"type":"Point","coordinates":[25.619389,45.692065]},"properties":{"lines":"410","color":"#0059a9","mode":"bus","arr":["410"],"angle":53.8,"extra":1,"ei":4}},{"type":"Feature","geometry":{"type":"Point","coordinates":[25.621762,45.691166]},"properties":{"lines":"410","color":"#0059a9","mode":"bus","arr":["410"],"angle":-64.5,"side":-1,"mi":1}},{"type":"Feature","geometry":{"type":"Point","coordinates":[25.620353,45.689724]},"properties":{"lines":"410","color":"#0059a9","mode":"bus","arr":["410"],"angle":78.7,"extra":1,"ei":0,"side":-1}},{"type":"Feature","geometry":{"type":"Point","coordinates":[25.62057,45.689829]},"properties":{"lines":"410, 411, 412, 420, TE7S","color":"#0059a9","mode":"bus","arr":["410","411","412","420","TE7S"],"angle":-63.9,"mi":1}},{"type":"Feature","geometry":{"type":"Point","coordinates":[25.621756,45.691527]},"properties":{"lines":"410, 411, 412, 420, TE7S","color":"#0059a9","mode":"bus","arr":["410","411","412","420","TE7S"],"angle":-64,"extra":1,"ei":0}},{"type":"Feature","geometry":{"type":"Point","coordinates":[25.619354,45.688144]},"properties":{"lines":"410, 411, 412, 420, TE7S","color":"#0059a9","mode":"bus","arr":["410","411","412","420","TE7S"],"angle":-62.8,"extra":1,"ei":1}},{"type":"Feature","geometry":{"type":"Point","coordinates":[25.622854,45.693095]},"properties":{"lines":"411, 412, 420, TE7S","color":"#0059a9","mode":"bus","arr":["411","412","420","TE7S"],"angle":-54.3}},{"type":"Feature","geometry":{"type":"Point","coordinates":[25.616747,45.684448]},"properties":{"lines":"410, 411, 412, 420, TE7S","color":"#0059a9","mode":"bus","arr":["410","411","412","420","TE7S"],"angle":-64.2,"mi":2}},{"type":"Feature","geometry":{"type":"Point","coordinates":[25.618736,45.687303]},"properties":{"lines":"410, 411, 412, 420, TE7S","color":"#0059a9","mode":"bus","arr":["410","411","412","420","TE7S"],"angle":25.2}},{"type":"Feature","geometry":{"type":"Point","coordinates":[25.615951,45.683274]},"properties":{"lines":"410, 411, 412, 420, TE7S","color":"#0059a9","mode":"bus","arr":["410","411","412","420","TE7S"],"angle":-66.2,"extra":1,"ei":0}},{"type":"Feature","geometry":{"type":"Point","coordinates":[25.63741,45.699495]},"properties":{"lines":"411, TE7S","color":"#0059a9","mode":"bus","arr":["411","TE7S"],"angle":67.4,"mi":1}},{"type":"Feature","geometry":{"type":"Point","coordinates":[25.635896,45.702098]},"properties":{"lines":"411, TE7S","color":"#0059a9","mode":"bus","arr":["411","TE7S"],"angle":68.7,"extra":1,"ei":0}},{"type":"Feature","geometry":{"type":"Point","coordinates":[25.638977,45.696859]},"properties":{"lines":"411, TE7S","color":"#0059a9","mode":"bus","arr":["411","TE7S"],"angle":67.4,"extra":1,"ei":1}},{"type":"Feature","geometry":{"type":"Point","coordinates":[25.634672,45.702769]},"properties":{"lines":"411, TE7S","color":"#0059a9","mode":"bus","arr":["411","TE7S"],"angle":-21.7}},{"type":"Feature","geometry":{"type":"Point","coordinates":[25.629904,45.701382]},"properties":{"lines":"411, TE7S","color":"#0059a9","mode":"bus","arr":["411","TE7S"],"angle":-23.8,"extra":1,"ei":0}},{"type":"Feature","geometry":{"type":"Point","coordinates":[25.632392,45.702117]},"properties":{"lines":"411, TE7S","color":"#0059a9","mode":"bus","arr":["411","TE7S"],"angle":-22.5,"extra":1,"ei":1}},{"type":"Feature","geometry":{"type":"Point","coordinates":[25.637394,45.703544]},"properties":{"lines":"411, TE7S","color":"#0059a9","mode":"bus","arr":["411","TE7S"],"angle":-22.2,"extra":1,"ei":2}},{"type":"Feature","geometry":{"type":"Point","coordinates":[25.639759,45.70441]},"properties":{"lines":"411, TE7S","color":"#0059a9","mode":"bus","arr":["411","TE7S"],"angle":-44.1,"extra":1,"ei":3}},{"type":"Feature","geometry":{"type":"Point","coordinates":[25.629299,45.701821]},"properties":{"lines":"411, 412, 420, TE7S","color":"#0059a9","mode":"bus","arr":["411","412","420","TE7S"],"angle":-61.5}},{"type":"Feature","geometry":{"type":"Point","coordinates":[25.623556,45.694095]},"properties":{"lines":"411, 412, 420, TE7S","color":"#0059a9","mode":"bus","arr":["411","412","420","TE7S"],"angle":-63.6,"extra":1,"ei":0}},{"type":"Feature","geometry":{"type":"Point","coordinates":[25.624731,45.695796]},"properties":{"lines":"411, 412, 420, TE7S","color":"#0059a9","mode":"bus","arr":["411","412","420","TE7S"],"angle":-64,"extra":1,"ei":1}},{"type":"Feature","geometry":{"type":"Point","coordinates":[25.625932,45.697487]},"properties":{"lines":"411, 412, 420, TE7S","color":"#0059a9","mode":"bus","arr":["411","412","420","TE7S"],"angle":-62.9,"extra":1,"ei":2}},{"type":"Feature","geometry":{"type":"Point","coordinates":[25.627209,45.699152]},"properties":{"lines":"411, 412, 420, TE7S","color":"#0059a9","mode":"bus","arr":["411","412","420","TE7S"],"angle":-61.1,"extra":1,"ei":3}},{"type":"Feature","geometry":{"type":"Point","coordinates":[25.631097,45.704123]},"properties":{"lines":"411, 412, 420, TE7S","color":"#0059a9","mode":"bus","arr":["411","412","420","TE7S"],"angle":-61.2,"extra":1,"ei":4}},{"type":"Feature","geometry":{"type":"Point","coordinates":[25.632405,45.705775]},"properties":{"lines":"411, 412, 420, TE7S","color":"#0059a9","mode":"bus","arr":["411","412","420","TE7S"],"angle":-61,"extra":1,"ei":5}},{"type":"Feature","geometry":{"type":"Point","coordinates":[25.63334,45.707539]},"properties":{"lines":"411, 412, 420, TE7S","color":"#0059a9","mode":"bus","arr":["411","412","420","TE7S"],"angle":-75,"extra":1,"ei":6}},{"type":"Feature","geometry":{"type":"Point","coordinates":[25.634019,45.709365]},"properties":{"lines":"411, 412, 420, TE7S","color":"#0059a9","mode":"bus","arr":["411","412","420","TE7S"],"angle":-65.2,"extra":1,"ei":7}},{"type":"Feature","geometry":{"type":"Point","coordinates":[25.638167,45.707899]},"properties":{"lines":"411, TE7S","color":"#0059a9","mode":"bus","arr":["411","TE7S"],"angle":58.4,"mi":3}},{"type":"Feature","geometry":{"type":"Point","coordinates":[25.636015,45.709885]},"properties":{"lines":"411, TE7S","color":"#0059a9","mode":"bus","arr":["411","TE7S"],"angle":46.8,"extra":1,"ei":0}},{"type":"Feature","geometry":{"type":"Point","coordinates":[25.639043,45.706776]},"properties":{"lines":"411, TE7S","color":"#0059a9","mode":"bus","arr":["411","TE7S"],"angle":62.9,"extra":1,"ei":1}},{"type":"Feature","geometry":{"type":"Point","coordinates":[25.640193,45.705069]},"properties":{"lines":"411, TE7S","color":"#0059a9","mode":"bus","arr":["411","TE7S"],"angle":62.8,"extra":1,"ei":2}},{"type":"Feature","geometry":{"type":"Point","coordinates":[25.638072,45.697549]},"properties":{"lines":"411, TE7S","color":"#0059a9","mode":"bus","arr":["411","TE7S"],"angle":67.7,"mi":2}},{"type":"Feature","geometry":{"type":"Point","coordinates":[25.639032,45.719255]},"properties":{"lines":"412","color":"#0059a9","mode":"bus","arr":["412"],"angle":-13.8,"mi":1}},{"type":"Feature","geometry":{"type":"Point","coordinates":[25.647142,45.72159]},"properties":{"lines":"412","color":"#0059a9","mode":"bus","arr":["412"],"angle":-77,"extra":1,"ei":0}},{"type":"Feature","geometry":{"type":"Point","coordinates":[25.644759,45.721068]},"properties":{"lines":"412","color":"#0059a9","mode":"bus","arr":["412"],"angle":-37,"extra":1,"ei":1}},{"type":"Feature","geometry":{"type":"Point","coordinates":[25.642643,45.719895]},"properties":{"lines":"412","color":"#0059a9","mode":"bus","arr":["412"],"angle":-29.3,"extra":1,"ei":2}},{"type":"Feature","geometry":{"type":"Point","coordinates":[25.634788,45.718537]},"properties":{"lines":"412","color":"#0059a9","mode":"bus","arr":["412"],"angle":-24.7,"extra":1,"ei":3}},{"type":"Feature","geometry":{"type":"Point","coordinates":[25.632478,45.717558]},"properties":{"lines":"412","color":"#0059a9","mode":"bus","arr":["412"],"angle":-3.7,"extra":1,"ei":4}},{"type":"Feature","geometry":{"type":"Point","coordinates":[25.631019,45.71905]},"properties":{"lines":"412","color":"#0059a9","mode":"bus","arr":["412"],"angle":58.3,"extra":1,"ei":5}},{"type":"Feature","geometry":{"type":"Point","coordinates":[25.629097,45.719491]},"properties":{"lines":"412","color":"#0059a9","mode":"bus","arr":["412"],"angle":2}},{"type":"Feature","geometry":{"type":"Point","coordinates":[25.62752,45.718293]},"properties":{"lines":"412, 420","color":"#0059a9","mode":"bus","arr":["412","420"],"angle":-88}},{"type":"Feature","geometry":{"type":"Point","coordinates":[25.627553,45.717133]},"properties":{"lines":"412, TE7S","color":"#0059a9","mode":"bus","arr":["412","TE7S"],"angle":14.8,"side":-1}},{"type":"Feature","geometry":{"type":"Point","coordinates":[25.627288,45.716961]},"properties":{"lines":"412, TE7S","color":"#0059a9","mode":"bus","arr":["412","TE7S"],"angle":20.1,"side":-1,"mi":1}},{"type":"Feature","geometry":{"type":"Point","coordinates":[25.631746,45.713916]},"properties":{"lines":"412, 420, TE7S","color":"#0059a9","mode":"bus","arr":["412","420","TE7S"],"angle":54.2}},{"type":"Feature","geometry":{"type":"Point","coordinates":[25.628975,45.716427]},"properties":{"lines":"412, 420, TE7S","color":"#0059a9","mode":"bus","arr":["412","420","TE7S"],"angle":39.2,"extra":1,"ei":0}},{"type":"Feature","geometry":{"type":"Point","coordinates":[25.630668,45.714969]},"properties":{"lines":"412, 420, TE7S","color":"#0059a9","mode":"bus","arr":["412","420","TE7S"],"angle":54.4,"extra":1,"ei":1}},{"type":"Feature","geometry":{"type":"Point","coordinates":[25.633806,45.711895]},"properties":{"lines":"412, 420, TE7S","color":"#0059a9","mode":"bus","arr":["412","420","TE7S"],"angle":56.6,"extra":1,"ei":2}},{"type":"Feature","geometry":{"type":"Point","coordinates":[25.6216,45.762794]},"properties":{"lines":"420","color":"#0059a9","mode":"bus","arr":["420"],"angle":-21.6}},{"type":"Feature","geometry":{"type":"Point","coordinates":[25.598006,45.755447]},"properties":{"lines":"420","color":"#0059a9","mode":"bus","arr":["420"],"angle":-23.2,"side":-1}},{"type":"Feature","geometry":{"type":"Point","coordinates":[25.605987,45.757974]},"properties":{"lines":"420","color":"#0059a9","mode":"bus","arr":["420"],"angle":-23.4,"extra":1,"ei":0}},{"type":"Feature","geometry":{"type":"Point","coordinates":[25.608461,45.758733]},"properties":{"lines":"420","color":"#0059a9","mode":"bus","arr":["420"],"angle":-23.7,"extra":1,"ei":1}},{"type":"Feature","geometry":{"type":"Point","coordinates":[25.610934,45.759493]},"properties":{"lines":"420","color":"#0059a9","mode":"bus","arr":["420"],"angle":-23.8,"extra":1,"ei":2}},{"type":"Feature","geometry":{"type":"Point","coordinates":[25.613406,45.760255]},"properties":{"lines":"420","color":"#0059a9","mode":"bus","arr":["420"],"angle":-23.6,"extra":1,"ei":3}},{"type":"Feature","geometry":{"type":"Point","coordinates":[25.615878,45.761017]},"properties":{"lines":"420","color":"#0059a9","mode":"bus","arr":["420"],"angle":-23.8,"extra":1,"ei":4}},{"type":"Feature","geometry":{"type":"Point","coordinates":[25.618344,45.761788]},"properties":{"lines":"420","color":"#0059a9","mode":"bus","arr":["420"],"angle":-23.9,"extra":1,"ei":5}},{"type":"Feature","geometry":{"type":"Point","coordinates":[25.623388,45.763098]},"properties":{"lines":"420","color":"#0059a9","mode":"bus","arr":["420"],"angle":-11.8,"extra":1,"ei":6}},{"type":"Feature","geometry":{"type":"Point","coordinates":[25.626036,45.763468]},"properties":{"lines":"420","color":"#0059a9","mode":"bus","arr":["420"],"angle":-11.2,"extra":1,"ei":7}},{"type":"Feature","geometry":{"type":"Point","coordinates":[25.628686,45.763837]},"properties":{"lines":"420","color":"#0059a9","mode":"bus","arr":["420"],"angle":-11.8,"extra":1,"ei":8}},{"type":"Feature","geometry":{"type":"Point","coordinates":[25.631331,45.764222]},"properties":{"lines":"420","color":"#0059a9","mode":"bus","arr":["420"],"angle":-11.8,"extra":1,"ei":9}},{"type":"Feature","geometry":{"type":"Point","coordinates":[25.633978,45.764596]},"properties":{"lines":"420","color":"#0059a9","mode":"bus","arr":["420"],"angle":-11.1,"extra":1,"ei":10}},{"type":"Feature","geometry":{"type":"Point","coordinates":[25.63664,45.764917]},"properties":{"lines":"420","color":"#0059a9","mode":"bus","arr":["420"],"angle":-3.6,"extra":1,"ei":11}},{"type":"Feature","geometry":{"type":"Point","coordinates":[25.639082,45.764212]},"properties":{"lines":"420","color":"#0059a9","mode":"bus","arr":["420"],"angle":36,"extra":1,"ei":12}},{"type":"Feature","geometry":{"type":"Point","coordinates":[25.601267,45.75654]},"properties":{"lines":"420","color":"#0059a9","mode":"bus","arr":["420"],"angle":-23.1,"mi":1}},{"type":"Feature","geometry":{"type":"Point","coordinates":[25.603508,45.757224]},"properties":{"lines":"420","color":"#0059a9","mode":"bus","arr":["420"],"angle":-23.7,"extra":1,"ei":0}},{"type":"Feature","geometry":{"type":"Point","coordinates":[25.598559,45.755709]},"properties":{"lines":"420","color":"#0059a9","mode":"bus","arr":["420"],"angle":-23.4,"extra":1,"ei":1}},{"type":"Feature","geometry":{"type":"Point","coordinates":[25.639817,45.763837]},"properties":{"lines":"420","color":"#0059a9","mode":"bus","arr":["420"],"angle":37.5}},{"type":"Feature","geometry":{"type":"Point","coordinates":[25.639486,45.758805]},"properties":{"lines":"420","color":"#0059a9","mode":"bus","arr":["420"],"angle":-73.6,"mi":1}},{"type":"Feature","geometry":{"type":"Point","coordinates":[25.63751,45.754052]},"properties":{"lines":"420","color":"#0059a9","mode":"bus","arr":["420"],"angle":-72.9,"extra":1,"ei":0}},{"type":"Feature","geometry":{"type":"Point","coordinates":[25.638277,45.755862]},"properties":{"lines":"420","color":"#0059a9","mode":"bus","arr":["420"],"angle":-74.5,"extra":1,"ei":1}},{"type":"Feature","geometry":{"type":"Point","coordinates":[25.639014,45.757679]},"properties":{"lines":"420","color":"#0059a9","mode":"bus","arr":["420"],"angle":-73,"extra":1,"ei":2}},{"type":"Feature","geometry":{"type":"Point","coordinates":[25.640052,45.761342]},"properties":{"lines":"420","color":"#0059a9","mode":"bus","arr":["420"],"angle":69.6,"extra":1,"ei":3}},{"type":"Feature","geometry":{"type":"Point","coordinates":[25.638457,45.762848]},"properties":{"lines":"420","color":"#0059a9","mode":"bus","arr":["420"],"angle":76.7,"extra":1,"ei":4}},{"type":"Feature","geometry":{"type":"Point","coordinates":[25.632322,45.741611]},"properties":{"lines":"420","color":"#0059a9","mode":"bus","arr":["420"],"angle":-73.7}},{"type":"Feature","geometry":{"type":"Point","coordinates":[25.63673,45.752244]},"properties":{"lines":"420","color":"#0059a9","mode":"bus","arr":["420"],"angle":-75,"extra":1,"ei":0}},{"type":"Feature","geometry":{"type":"Point","coordinates":[25.635998,45.750426]},"properties":{"lines":"420","color":"#0059a9","mode":"bus","arr":["420"],"angle":-73.8,"extra":1,"ei":1}},{"type":"Feature","geometry":{"type":"Point","coordinates":[25.635246,45.748612]},"properties":{"lines":"420","color":"#0059a9","mode":"bus","arr":["420"],"angle":-73.8,"extra":1,"ei":2}},{"type":"Feature","geometry":{"type":"Point","coordinates":[25.634494,45.746798]},"properties":{"lines":"420","color":"#0059a9","mode":"bus","arr":["420"],"angle":-73.9,"extra":1,"ei":3}},{"type":"Feature","geometry":{"type":"Point","coordinates":[25.633736,45.744985]},"properties":{"lines":"420","color":"#0059a9","mode":"bus","arr":["420"],"angle":-73.8,"extra":1,"ei":4}},{"type":"Feature","geometry":{"type":"Point","coordinates":[25.632976,45.743173]},"properties":{"lines":"420","color":"#0059a9","mode":"bus","arr":["420"],"angle":-73.7,"extra":1,"ei":5}},{"type":"Feature","geometry":{"type":"Point","coordinates":[25.631464,45.739547]},"properties":{"lines":"420","color":"#0059a9","mode":"bus","arr":["420"],"angle":-74,"extra":1,"ei":6}},{"type":"Feature","geometry":{"type":"Point","coordinates":[25.630719,45.737731]},"properties":{"lines":"420","color":"#0059a9","mode":"bus","arr":["420"],"angle":-74,"extra":1,"ei":7}},{"type":"Feature","geometry":{"type":"Point","coordinates":[25.629973,45.735916]},"properties":{"lines":"420","color":"#0059a9","mode":"bus","arr":["420"],"angle":-73.8,"extra":1,"ei":8}},{"type":"Feature","geometry":{"type":"Point","coordinates":[25.629214,45.734104]},"properties":{"lines":"420","color":"#0059a9","mode":"bus","arr":["420"],"angle":-73.9,"extra":1,"ei":9}},{"type":"Feature","geometry":{"type":"Point","coordinates":[25.628465,45.732289]},"properties":{"lines":"420","color":"#0059a9","mode":"bus","arr":["420"],"angle":-74.8,"extra":1,"ei":10}},{"type":"Feature","geometry":{"type":"Point","coordinates":[25.628193,45.730417]},"properties":{"lines":"420","color":"#0059a9","mode":"bus","arr":["420"],"angle":-87.5,"extra":1,"ei":11}},{"type":"Feature","geometry":{"type":"Point","coordinates":[25.627866,45.724759]},"properties":{"lines":"420","color":"#0059a9","mode":"bus","arr":["420"],"angle":-87.7}},{"type":"Feature","geometry":{"type":"Point","coordinates":[25.628112,45.729053]},"properties":{"lines":"420","color":"#0059a9","mode":"bus","arr":["420"],"angle":-87.4,"extra":1,"ei":0}},{"type":"Feature","geometry":{"type":"Point","coordinates":[25.628001,45.727166]},"properties":{"lines":"420","color":"#0059a9","mode":"bus","arr":["420"],"angle":-87.7,"extra":1,"ei":1}},{"type":"Feature","geometry":{"type":"Point","coordinates":[25.627788,45.723391]},"properties":{"lines":"420","color":"#0059a9","mode":"bus","arr":["420"],"angle":-87.7,"extra":1,"ei":2}},{"type":"Feature","geometry":{"type":"Point","coordinates":[25.627696,45.721504]},"properties":{"lines":"420","color":"#0059a9","mode":"bus","arr":["420"],"angle":-88.2,"extra":1,"ei":3}},{"type":"Feature","geometry":{"type":"Point","coordinates":[25.6276,45.719617]},"properties":{"lines":"420","color":"#0059a9","mode":"bus","arr":["420"],"angle":-87.9,"extra":1,"ei":4}},{"type":"Feature","geometry":{"type":"Point","coordinates":[25.72314,45.76184]},"properties":{"lines":"511","color":"#0059a9","mode":"bus","arr":["511"],"angle":-72.4}},{"type":"Feature","geometry":{"type":"Point","coordinates":[25.732829,45.766262]},"properties":{"lines":"511","color":"#0059a9","mode":"bus","arr":["511"],"angle":-27.9,"extra":1,"ei":0}},{"type":"Feature","geometry":{"type":"Point","coordinates":[25.730432,45.765391]},"properties":{"lines":"511","color":"#0059a9","mode":"bus","arr":["511"],"angle":-27,"extra":1,"ei":1}},{"type":"Feature","geometry":{"type":"Point","coordinates":[25.727996,45.764575]},"properties":{"lines":"511","color":"#0059a9","mode":"bus","arr":["511"],"angle":-25.1,"extra":1,"ei":2}},{"type":"Feature","geometry":{"type":"Point","coordinates":[25.725613,45.763689]},"properties":{"lines":"511","color":"#0059a9","mode":"bus","arr":["511"],"angle":-32.1,"extra":1,"ei":3}},{"type":"Feature","geometry":{"type":"Point","coordinates":[25.720939,45.759289]},"properties":{"lines":"511","color":"#0059a9","mode":"bus","arr":["511"],"angle":-54.9,"extra":1,"ei":4}},{"type":"Feature","geometry":{"type":"Point","coordinates":[25.719377,45.757749]},"properties":{"lines":"511","color":"#0059a9","mode":"bus","arr":["511"],"angle":-53.8,"extra":1,"ei":5}},{"type":"Feature","geometry":{"type":"Point","coordinates":[25.717603,45.756326]},"properties":{"lines":"511","color":"#0059a9","mode":"bus","arr":["511"],"angle":-44.9,"extra":1,"ei":6}},{"type":"Feature","geometry":{"type":"Point","coordinates":[25.715326,45.755322]},"properties":{"lines":"511","color":"#0059a9","mode":"bus","arr":["511"],"angle":-30,"extra":1,"ei":7}},{"type":"Feature","geometry":{"type":"Point","coordinates":[25.70398,45.741785]},"properties":{"lines":"511","color":"#0059a9","mode":"bus","arr":["511"],"angle":88.5}},{"type":"Feature","geometry":{"type":"Point","coordinates":[25.690155,45.701361]},"properties":{"lines":"511","color":"#0059a9","mode":"bus","arr":["511"],"angle":-37.8,"mi":4}},{"type":"Feature","geometry":{"type":"Point","coordinates":[25.713511,45.754387]},"properties":{"lines":"511","color":"#0059a9","mode":"bus","arr":["511"],"angle":-47.5,"extra":1,"ei":0}},{"type":"Feature","geometry":{"type":"Point","coordinates":[25.712604,45.752632]},"properties":{"lines":"511","color":"#0059a9","mode":"bus","arr":["511"],"angle":-59.4,"extra":1,"ei":1}},{"type":"Feature","geometry":{"type":"Point","coordinates":[25.710665,45.751337]},"properties":{"lines":"511","color":"#0059a9","mode":"bus","arr":["511"],"angle":-38.1,"extra":1,"ei":2}},{"type":"Feature","geometry":{"type":"Point","coordinates":[25.708421,45.750293]},"properties":{"lines":"511","color":"#0059a9","mode":"bus","arr":["511"],"angle":-27.4,"extra":1,"ei":3}},{"type":"Feature","geometry":{"type":"Point","coordinates":[25.705968,45.749515]},"properties":{"lines":"511","color":"#0059a9","mode":"bus","arr":["511"],"angle":-26.2,"extra":1,"ei":4}},{"type":"Feature","geometry":{"type":"Point","coordinates":[25.704557,45.747958]},"properties":{"lines":"511","color":"#0059a9","mode":"bus","arr":["511"],"angle":-65.2,"extra":1,"ei":5}},{"type":"Feature","geometry":{"type":"Point","coordinates":[25.70383,45.746155]},"properties":{"lines":"511","color":"#0059a9","mode":"bus","arr":["511"],"angle":-86.3,"extra":1,"ei":6}},{"type":"Feature","geometry":{"type":"Point","coordinates":[25.703848,45.744267]},"properties":{"lines":"511","color":"#0059a9","mode":"bus","arr":["511"],"angle":87.8,"extra":1,"ei":7}},{"type":"Feature","geometry":{"type":"Point","coordinates":[25.703898,45.740494]},"properties":{"lines":"511","color":"#0059a9","mode":"bus","arr":["511"],"angle":-86.3,"extra":1,"ei":8}},{"type":"Feature","geometry":{"type":"Point","coordinates":[25.703512,45.738627]},"properties":{"lines":"511","color":"#0059a9","mode":"bus","arr":["511"],"angle":-77.3,"extra":1,"ei":9}},{"type":"Feature","geometry":{"type":"Point","coordinates":[25.703078,45.736764]},"properties":{"lines":"511","color":"#0059a9","mode":"bus","arr":["511"],"angle":-81.5,"extra":1,"ei":10}},{"type":"Feature","geometry":{"type":"Point","coordinates":[25.702458,45.734932]},"properties":{"lines":"511","color":"#0059a9","mode":"bus","arr":["511"],"angle":-67.7,"extra":1,"ei":11}},{"type":"Feature","geometry":{"type":"Point","coordinates":[25.701378,45.733204]},"properties":{"lines":"511","color":"#0059a9","mode":"bus","arr":["511"],"angle":-70.6,"extra":1,"ei":12}},{"type":"Feature","geometry":{"type":"Point","coordinates":[25.700512,45.731415]},"properties":{"lines":"511","color":"#0059a9","mode":"bus","arr":["511"],"angle":-72.4,"extra":1,"ei":13}},{"type":"Feature","geometry":{"type":"Point","coordinates":[25.699811,45.729591]},"properties":{"lines":"511","color":"#0059a9","mode":"bus","arr":["511"],"angle":-75.4,"extra":1,"ei":14}},{"type":"Feature","geometry":{"type":"Point","coordinates":[25.699191,45.727754]},"properties":{"lines":"511","color":"#0059a9","mode":"bus","arr":["511"],"angle":-79.2,"extra":1,"ei":15}},{"type":"Feature","geometry":{"type":"Point","coordinates":[25.698629,45.725907]},"properties":{"lines":"511","color":"#0059a9","mode":"bus","arr":["511"],"angle":-76.1,"extra":1,"ei":16}},{"type":"Feature","geometry":{"type":"Point","coordinates":[25.694347,45.717145]},"properties":{"lines":"511","color":"#0059a9","mode":"bus","arr":["511"],"angle":81.8}},{"type":"Feature","geometry":{"type":"Point","coordinates":[25.698001,45.724804]},"properties":{"lines":"511","color":"#0059a9","mode":"bus","arr":["511"],"angle":-64.4,"extra":1,"ei":0}},{"type":"Feature","geometry":{"type":"Point","coordinates":[25.696912,45.723076]},"properties":{"lines":"511","color":"#0059a9","mode":"bus","arr":["511"],"angle":-67.5,"extra":1,"ei":1}},{"type":"Feature","geometry":{"type":"Point","coordinates":[25.695903,45.721324]},"properties":{"lines":"511","color":"#0059a9","mode":"bus","arr":["511"],"angle":-68.1,"extra":1,"ei":2}},{"type":"Feature","geometry":{"type":"Point","coordinates":[25.694917,45.719566]},"properties":{"lines":"511","color":"#0059a9","mode":"bus","arr":["511"],"angle":-68.5,"extra":1,"ei":3}},{"type":"Feature","geometry":{"type":"Point","coordinates":[25.69462,45.715894]},"properties":{"lines":"511","color":"#0059a9","mode":"bus","arr":["511"],"angle":81.3,"extra":1,"ei":4}},{"type":"Feature","geometry":{"type":"Point","coordinates":[25.692682,45.715159]},"properties":{"lines":"511","color":"#0059a9","mode":"bus","arr":["511"],"angle":-9.3,"extra":1,"ei":5}},{"type":"Feature","geometry":{"type":"Point","coordinates":[25.690063,45.714707]},"properties":{"lines":"511","color":"#0059a9","mode":"bus","arr":["511"],"angle":-17.1,"extra":1,"ei":6}},{"type":"Feature","geometry":{"type":"Point","coordinates":[25.687476,45.714163]},"properties":{"lines":"511","color":"#0059a9","mode":"bus","arr":["511"],"angle":-14.8,"extra":1,"ei":7}},{"type":"Feature","geometry":{"type":"Point","coordinates":[25.684842,45.713743]},"properties":{"lines":"511","color":"#0059a9","mode":"bus","arr":["511"],"angle":-12.5,"extra":1,"ei":8}},{"type":"Feature","geometry":{"type":"Point","coordinates":[25.681242,45.714432]},"properties":{"lines":"511","color":"#0059a9","mode":"bus","arr":["511"],"angle":-14}},{"type":"Feature","geometry":{"type":"Point","coordinates":[25.675265,45.716553]},"properties":{"lines":"511","color":"#0059a9","mode":"bus","arr":["511"],"angle":74.5,"mi":2}},{"type":"Feature","geometry":{"type":"Point","coordinates":[25.684455,45.714621]},"properties":{"lines":"511","color":"#0059a9","mode":"bus","arr":["511"],"angle":72.5,"extra":1,"ei":0}},{"type":"Feature","geometry":{"type":"Point","coordinates":[25.679354,45.714091]},"properties":{"lines":"511","color":"#0059a9","mode":"bus","arr":["511"],"angle":-15.1,"extra":1,"ei":1}},{"type":"Feature","geometry":{"type":"Point","coordinates":[25.676741,45.713613]},"properties":{"lines":"511","color":"#0059a9","mode":"bus","arr":["511"],"angle":-14.3,"extra":1,"ei":2}},{"type":"Feature","geometry":{"type":"Point","coordinates":[25.674538,45.718421]},"properties":{"lines":"511","color":"#0059a9","mode":"bus","arr":["511"],"angle":74.7,"extra":1,"ei":0}},{"type":"Feature","geometry":{"type":"Point","coordinates":[25.675897,45.714768]},"properties":{"lines":"511","color":"#0059a9","mode":"bus","arr":["511"],"angle":78.9,"extra":1,"ei":1}},{"type":"Feature","geometry":{"type":"Point","coordinates":[25.675113,45.719145]},"properties":{"lines":"511","color":"#0059a9","mode":"bus","arr":["511"],"angle":71.1,"mi":3}},{"type":"Feature","geometry":{"type":"Point","coordinates":[25.686942,45.707505]},"properties":{"lines":"511","color":"#0059a9","mode":"bus","arr":["511"],"angle":71.2,"mi":1}},{"type":"Feature","geometry":{"type":"Point","coordinates":[25.684566,45.71274]},"properties":{"lines":"511","color":"#0059a9","mode":"bus","arr":["511"],"angle":84.8,"extra":1,"ei":0}},{"type":"Feature","geometry":{"type":"Point","coordinates":[25.684754,45.710864]},"properties":{"lines":"511","color":"#0059a9","mode":"bus","arr":["511"],"angle":75.8,"extra":1,"ei":1}},{"type":"Feature","geometry":{"type":"Point","coordinates":[25.685769,45.709125]},"properties":{"lines":"511","color":"#0059a9","mode":"bus","arr":["511"],"angle":59.8,"extra":1,"ei":2}},{"type":"Feature","geometry":{"type":"Point","coordinates":[25.687801,45.705642]},"properties":{"lines":"511","color":"#0059a9","mode":"bus","arr":["511"],"angle":72.4,"extra":1,"ei":3}},{"type":"Feature","geometry":{"type":"Point","coordinates":[25.688649,45.703849]},"properties":{"lines":"511","color":"#0059a9","mode":"bus","arr":["511"],"angle":69.4,"extra":1,"ei":4}},{"type":"Feature","geometry":{"type":"Point","coordinates":[25.689684,45.702105]},"properties":{"lines":"511","color":"#0059a9","mode":"bus","arr":["511"],"angle":66.6,"extra":1,"ei":5}},{"type":"Feature","geometry":{"type":"Point","coordinates":[25.67379,45.690816]},"properties":{"lines":"511, 520, 540","color":"#0059a9","mode":"bus","arr":["511","520","540"],"angle":-40.3,"side":-1}},{"type":"Feature","geometry":{"type":"Point","coordinates":[25.68939,45.700277]},"properties":{"lines":"511, 520, 540","color":"#0059a9","mode":"bus","arr":["511","520","540"],"angle":-42,"extra":1,"ei":0}},{"type":"Feature","geometry":{"type":"Point","coordinates":[25.687355,45.699036]},"properties":{"lines":"511, 520, 540","color":"#0059a9","mode":"bus","arr":["511","520","540"],"angle":-40.9,"extra":1,"ei":1}},{"type":"Feature","geometry":{"type":"Point","coordinates":[25.685317,45.697796]},"properties":{"lines":"511, 520, 540","color":"#0059a9","mode":"bus","arr":["511","520","540"],"angle":-40.5,"extra":1,"ei":2}},{"type":"Feature","geometry":{"type":"Point","coordinates":[25.683275,45.696559]},"properties":{"lines":"511, 520, 540","color":"#0059a9","mode":"bus","arr":["511","520","540"],"angle":-40.9,"extra":1,"ei":3}},{"type":"Feature","geometry":{"type":"Point","coordinates":[25.681231,45.695324]},"properties":{"lines":"511, 520, 540","color":"#0059a9","mode":"bus","arr":["511","520","540"],"angle":-40.2,"extra":1,"ei":4}},{"type":"Feature","geometry":{"type":"Point","coordinates":[25.679174,45.6941]},"properties":{"lines":"511, 520, 540","color":"#0059a9","mode":"bus","arr":["511","520","540"],"angle":-40.3,"extra":1,"ei":5}},{"type":"Feature","geometry":{"type":"Point","coordinates":[25.677115,45.692878]},"properties":{"lines":"511, 520, 540","color":"#0059a9","mode":"bus","arr":["511","520","540"],"angle":-40.3,"extra":1,"ei":6}},{"type":"Feature","geometry":{"type":"Point","coordinates":[25.675055,45.691656]},"properties":{"lines":"511, 520, 540","color":"#0059a9","mode":"bus","arr":["511","520","540"],"angle":-40.2,"extra":1,"ei":7}},{"type":"Feature","geometry":{"type":"Point","coordinates":[25.670931,45.689216]},"properties":{"lines":"511, 520, 540","color":"#0059a9","mode":"bus","arr":["511","520","540"],"angle":-40.2,"extra":1,"ei":8}},{"type":"Feature","geometry":{"type":"Point","coordinates":[25.668869,45.687996]},"properties":{"lines":"511, 520, 540","color":"#0059a9","mode":"bus","arr":["511","520","540"],"angle":-40.2,"extra":1,"ei":9}},{"type":"Feature","geometry":{"type":"Point","coordinates":[25.666807,45.686775]},"properties":{"lines":"511, 520, 540","color":"#0059a9","mode":"bus","arr":["511","520","540"],"angle":-40.4,"extra":1,"ei":10}},{"type":"Feature","geometry":{"type":"Point","coordinates":[25.66475,45.685551]},"properties":{"lines":"511, 520, 540","color":"#0059a9","mode":"bus","arr":["511","520","540"],"angle":-40.3,"extra":1,"ei":11}},{"type":"Feature","geometry":{"type":"Point","coordinates":[25.662057,45.683957]},"properties":{"lines":"511, 520, 540","color":"#0059a9","mode":"bus","arr":["511","520","540"],"angle":-41.8,"extra":1,"ei":0}},{"type":"Feature","geometry":{"type":"Point","coordinates":[25.660006,45.682728]},"properties":{"lines":"511, 520, 540","color":"#0059a9","mode":"bus","arr":["511","520","540"],"angle":-40.1,"extra":1,"ei":1}},{"type":"Feature","geometry":{"type":"Point","coordinates":[25.657941,45.681511]},"properties":{"lines":"511, 520, 540","color":"#0059a9","mode":"bus","arr":["511","520","540"],"angle":-40.4,"extra":1,"ei":2}},{"type":"Feature","geometry":{"type":"Point","coordinates":[25.672452,45.690023]},"properties":{"lines":"511, 520, 540","color":"#0059a9","mode":"bus","arr":["511","520","540"],"angle":-40.3,"extra":1,"ei":0,"side":-1}},{"type":"Feature","geometry":{"type":"Point","coordinates":[25.652301,45.678048]},"properties":{"lines":"511, 520, 540","color":"#0059a9","mode":"bus","arr":["511","520","540"],"angle":-40.4}},{"type":"Feature","geometry":{"type":"Point","coordinates":[25.655915,45.680298]},"properties":{"lines":"511, 520, 540","color":"#0059a9","mode":"bus","arr":["511","520","540"],"angle":-40.5,"extra":1,"ei":0}},{"type":"Feature","geometry":{"type":"Point","coordinates":[25.653861,45.679071]},"properties":{"lines":"511, 520, 540","color":"#0059a9","mode":"bus","arr":["511","520","540"],"angle":-40.5,"extra":1,"ei":1}},{"type":"Feature","geometry":{"type":"Point","coordinates":[25.649744,45.676625]},"properties":{"lines":"511, 520, 540","color":"#0059a9","mode":"bus","arr":["511","520","540"],"angle":-40,"extra":1,"ei":2}},{"type":"Feature","geometry":{"type":"Point","coordinates":[25.776969,45.755269]},"properties":{"lines":"520","color":"#0059a9","mode":"bus","arr":["520"],"angle":-47.9,"mi":2}},{"type":"Feature","geometry":{"type":"Point","coordinates":[25.782386,45.758866]},"properties":{"lines":"520","color":"#0059a9","mode":"bus","arr":["520"],"angle":-34.6,"extra":1,"ei":0}},{"type":"Feature","geometry":{"type":"Point","coordinates":[25.780202,45.757757]},"properties":{"lines":"520","color":"#0059a9","mode":"bus","arr":["520"],"angle":-43.3,"extra":1,"ei":1}},{"type":"Feature","geometry":{"type":"Point","coordinates":[25.778376,45.756366]},"properties":{"lines":"520","color":"#0059a9","mode":"bus","arr":["520"],"angle":-48.2,"extra":1,"ei":2}},{"type":"Feature","geometry":{"type":"Point","coordinates":[25.774755,45.753563]},"properties":{"lines":"520","color":"#0059a9","mode":"bus","arr":["520"],"angle":-47.7,"extra":1,"ei":3}},{"type":"Feature","geometry":{"type":"Point","coordinates":[25.772924,45.752174]},"properties":{"lines":"520","color":"#0059a9","mode":"bus","arr":["520"],"angle":-47.2,"extra":1,"ei":4}},{"type":"Feature","geometry":{"type":"Point","coordinates":[25.771037,45.750825]},"properties":{"lines":"520","color":"#0059a9","mode":"bus","arr":["520"],"angle":-42.4,"extra":1,"ei":5}},{"type":"Feature","geometry":{"type":"Point","coordinates":[25.778399,45.747411]},"properties":{"lines":"520","color":"#0059a9","mode":"bus","arr":["520"],"angle":61.3}},{"type":"Feature","geometry":{"type":"Point","coordinates":[25.772138,45.75036]},"properties":{"lines":"520","color":"#0059a9","mode":"bus","arr":["520"],"angle":21.2,"extra":1,"ei":0}},{"type":"Feature","geometry":{"type":"Point","coordinates":[25.774661,45.749685]},"properties":{"lines":"520","color":"#0059a9","mode":"bus","arr":["520"],"angle":20.9,"extra":1,"ei":1}},{"type":"Feature","geometry":{"type":"Point","coordinates":[25.777163,45.74899]},"properties":{"lines":"520","color":"#0059a9","mode":"bus","arr":["520"],"angle":43.6,"extra":1,"ei":2}},{"type":"Feature","geometry":{"type":"Point","coordinates":[25.779738,45.745672]},"properties":{"lines":"520","color":"#0059a9","mode":"bus","arr":["520"],"angle":67.2,"extra":1,"ei":3}},{"type":"Feature","geometry":{"type":"Point","coordinates":[25.780592,45.743881]},"properties":{"lines":"520","color":"#0059a9","mode":"bus","arr":["520"],"angle":75.9,"extra":1,"ei":4}},{"type":"Feature","geometry":{"type":"Point","coordinates":[25.780832,45.742016]},"properties":{"lines":"520","color":"#0059a9","mode":"bus","arr":["520"],"angle":-80.9,"extra":1,"ei":5}},{"type":"Feature","geometry":{"type":"Point","coordinates":[25.780611,45.741057]},"properties":{"lines":"520","color":"#0059a9","mode":"bus","arr":["520"],"angle":72.9,"mi":1}},{"type":"Feature","geometry":{"type":"Point","coordinates":[25.778821,45.730107]},"properties":{"lines":"520","color":"#0059a9","mode":"bus","arr":["520"],"angle":-85.3}},{"type":"Feature","geometry":{"type":"Point","coordinates":[25.772656,45.720091]},"properties":{"lines":"520","color":"#0059a9","mode":"bus","arr":["520"],"angle":-16.9,"side":-1}},{"type":"Feature","geometry":{"type":"Point","coordinates":[25.780226,45.740011]},"properties":{"lines":"520","color":"#0059a9","mode":"bus","arr":["520"],"angle":-62.1,"extra":1,"ei":0}},{"type":"Feature","geometry":{"type":"Point","coordinates":[25.779561,45.73824]},"properties":{"lines":"520","color":"#0059a9","mode":"bus","arr":["520"],"angle":83.8,"extra":1,"ei":1}},{"type":"Feature","geometry":{"type":"Point","coordinates":[25.779589,45.736359]},"properties":{"lines":"520","color":"#0059a9","mode":"bus","arr":["520"],"angle":-83.6,"extra":1,"ei":2}},{"type":"Feature","geometry":{"type":"Point","coordinates":[25.7793,45.734481]},"properties":{"lines":"520","color":"#0059a9","mode":"bus","arr":["520"],"angle":-85.1,"extra":1,"ei":3}},{"type":"Feature","geometry":{"type":"Point","coordinates":[25.779025,45.732602]},"properties":{"lines":"520","color":"#0059a9","mode":"bus","arr":["520"],"angle":-84.5,"extra":1,"ei":4}},{"type":"Feature","geometry":{"type":"Point","coordinates":[25.778606,45.72884]},"properties":{"lines":"520","color":"#0059a9","mode":"bus","arr":["520"],"angle":-82.7,"extra":1,"ei":5}},{"type":"Feature","geometry":{"type":"Point","coordinates":[25.777878,45.727034]},"properties":{"lines":"520","color":"#0059a9","mode":"bus","arr":["520"],"angle":-63.3,"extra":1,"ei":6}},{"type":"Feature","geometry":{"type":"Point","coordinates":[25.776587,45.725375]},"properties":{"lines":"520","color":"#0059a9","mode":"bus","arr":["520"],"angle":-61.2,"extra":1,"ei":7}},{"type":"Feature","geometry":{"type":"Point","coordinates":[25.775322,45.723707]},"properties":{"lines":"520","color":"#0059a9","mode":"bus","arr":["520"],"angle":-65.7,"extra":1,"ei":8}},{"type":"Feature","geometry":{"type":"Point","coordinates":[25.774433,45.721925]},"properties":{"lines":"520","color":"#0059a9","mode":"bus","arr":["520"],"angle":-72.1,"extra":1,"ei":9}},{"type":"Feature","geometry":{"type":"Point","coordinates":[25.767809,45.71891]},"properties":{"lines":"520, 540","color":"#0059a9","mode":"bus","arr":["520","540"],"angle":-9.9}},{"type":"Feature","geometry":{"type":"Point","coordinates":[25.764358,45.71804]},"properties":{"lines":"520, 540","color":"#0059a9","mode":"bus","arr":["520","540"],"angle":-27.6,"extra":1,"ei":0}},{"type":"Feature","geometry":{"type":"Point","coordinates":[25.769492,45.719114]},"properties":{"lines":"520, 540","color":"#0059a9","mode":"bus","arr":["520","540"],"angle":-10.3,"extra":1,"ei":1}},{"type":"Feature","geometry":{"type":"Point","coordinates":[25.772158,45.719414]},"properties":{"lines":"520, 540","color":"#0059a9","mode":"bus","arr":["520","540"],"angle":-1.2,"extra":1,"ei":2,"side":-1}},{"type":"Feature","geometry":{"type":"Point","coordinates":[25.718915,45.712355]},"properties":{"lines":"520, 540","color":"#0059a9","mode":"bus","arr":["520","540"],"angle":-21.8}},{"type":"Feature","geometry":{"type":"Point","coordinates":[25.751086,45.716253]},"properties":{"lines":"520, 540","color":"#0059a9","mode":"bus","arr":["520","540"],"angle":-10.7,"mi":2}},{"type":"Feature","geometry":{"type":"Point","coordinates":[25.739015,45.714564]},"properties":{"lines":"520, 540","color":"#0059a9","mode":"bus","arr":["520","540"],"angle":-18.5}},{"type":"Feature","geometry":{"type":"Point","coordinates":[25.76182,45.717428]},"properties":{"lines":"520, 540","color":"#0059a9","mode":"bus","arr":["520","540"],"angle":-10.3,"extra":1,"ei":0}},{"type":"Feature","geometry":{"type":"Point","coordinates":[25.759157,45.717112]},"properties":{"lines":"520, 540","color":"#0059a9","mode":"bus","arr":["520","540"],"angle":-9.5,"extra":1,"ei":1}},{"type":"Feature","geometry":{"type":"Point","coordinates":[25.756483,45.716842]},"properties":{"lines":"520, 540","color":"#0059a9","mode":"bus","arr":["520","540"],"angle":-7.8,"extra":1,"ei":2}},{"type":"Feature","geometry":{"type":"Point","coordinates":[25.753805,45.716599]},"properties":{"lines":"520, 540","color":"#0059a9","mode":"bus","arr":["520","540"],"angle":-9.2,"extra":1,"ei":3}},{"type":"Feature","geometry":{"type":"Point","coordinates":[25.748492,45.71591]},"properties":{"lines":"520, 540","color":"#0059a9","mode":"bus","arr":["520","540"],"angle":-10.4,"extra":1,"ei":4}},{"type":"Feature","geometry":{"type":"Point","coordinates":[25.745835,45.715572]},"properties":{"lines":"520, 540","color":"#0059a9","mode":"bus","arr":["520","540"],"angle":-11.2,"extra":1,"ei":5}},{"type":"Feature","geometry":{"type":"Point","coordinates":[25.74321,45.715127]},"properties":{"lines":"520, 540","color":"#0059a9","mode":"bus","arr":["520","540"],"angle":-14.1,"extra":1,"ei":6}},{"type":"Feature","geometry":{"type":"Point","coordinates":[25.735833,45.714415]},"properties":{"lines":"520, 540","color":"#0059a9","mode":"bus","arr":["520","540"],"angle":-8.7,"extra":1,"ei":0}},{"type":"Feature","geometry":{"type":"Point","coordinates":[25.703814,45.709432]},"properties":{"lines":"520, 540","color":"#0059a9","mode":"bus","arr":["520","540"],"angle":-60.6,"extra":1,"ei":0}},{"type":"Feature","geometry":{"type":"Point","coordinates":[25.705371,45.710918]},"properties":{"lines":"520, 540","color":"#0059a9","mode":"bus","arr":["520","540"],"angle":-21.8,"extra":1,"ei":1}},{"type":"Feature","geometry":{"type":"Point","coordinates":[25.707893,45.710434]},"properties":{"lines":"520, 540","color":"#0059a9","mode":"bus","arr":["520","540"],"angle":25.6,"extra":1,"ei":2}},{"type":"Feature","geometry":{"type":"Point","coordinates":[25.710413,45.709803]},"properties":{"lines":"520, 540","color":"#0059a9","mode":"bus","arr":["520","540"],"angle":2.5,"extra":1,"ei":3}},{"type":"Feature","geometry":{"type":"Point","coordinates":[25.713074,45.710037]},"properties":{"lines":"520, 540","color":"#0059a9","mode":"bus","arr":["520","540"],"angle":-20.1,"extra":1,"ei":4}},{"type":"Feature","geometry":{"type":"Point","coordinates":[25.715422,45.71096]},"properties":{"lines":"520, 540","color":"#0059a9","mode":"bus","arr":["520","540"],"angle":-32.6,"extra":1,"ei":5}},{"type":"Feature","geometry":{"type":"Point","coordinates":[25.722754,45.713307]},"properties":{"lines":"520, 540","color":"#0059a9","mode":"bus","arr":["520","540"],"angle":-16.9,"extra":1,"ei":6}},{"type":"Feature","geometry":{"type":"Point","coordinates":[25.725412,45.713623]},"properties":{"lines":"520, 540","color":"#0059a9","mode":"bus","arr":["520","540"],"angle":-6.3,"extra":1,"ei":7}},{"type":"Feature","geometry":{"type":"Point","coordinates":[25.728096,45.713838]},"properties":{"lines":"520, 540","color":"#0059a9","mode":"bus","arr":["520","540"],"angle":-6.8,"extra":1,"ei":8}},{"type":"Feature","geometry":{"type":"Point","coordinates":[25.730777,45.71407]},"properties":{"lines":"520, 540","color":"#0059a9","mode":"bus","arr":["520","540"],"angle":-7.8,"extra":1,"ei":9}},{"type":"Feature","geometry":{"type":"Point","coordinates":[25.733466,45.714245]},"properties":{"lines":"520, 540","color":"#0059a9","mode":"bus","arr":["520","540"],"angle":-4.4,"extra":1,"ei":10}},{"type":"Feature","geometry":{"type":"Point","coordinates":[25.73728,45.715064]},"properties":{"lines":"520, 540","color":"#0059a9","mode":"bus","arr":["520","540"],"angle":89.2,"mi":1}},{"type":"Feature","geometry":{"type":"Point","coordinates":[25.696874,45.704796]},"properties":{"lines":"520, 540","color":"#0059a9","mode":"bus","arr":["520","540"],"angle":-41.7,"side":-1}},{"type":"Feature","geometry":{"type":"Point","coordinates":[25.701752,45.707949]},"properties":{"lines":"520, 540","color":"#0059a9","mode":"bus","arr":["520","540"],"angle":-42.3,"extra":1,"ei":0}},{"type":"Feature","geometry":{"type":"Point","coordinates":[25.699752,45.70668]},"properties":{"lines":"520, 540","color":"#0059a9","mode":"bus","arr":["520","540"],"angle":-41.6,"extra":1,"ei":1}},{"type":"Feature","geometry":{"type":"Point","coordinates":[25.693702,45.702911]},"properties":{"lines":"520, 540","color":"#0059a9","mode":"bus","arr":["520","540"],"angle":-41.5,"extra":1,"ei":2}},{"type":"Feature","geometry":{"type":"Point","coordinates":[25.691667,45.701669]},"properties":{"lines":"520, 540","color":"#0059a9","mode":"bus","arr":["520","540"],"angle":-40.4,"extra":1,"ei":3}},{"type":"Feature","geometry":{"type":"Point","coordinates":[25.992101,45.593052]},"properties":{"lines":"540, 541","color":"#0059a9","mode":"bus","arr":["540","541"],"angle":-83.3}},{"type":"Feature","geometry":{"type":"Point","coordinates":[25.996312,45.609137]},"properties":{"lines":"540, 541","color":"#0059a9","mode":"bus","arr":["540","541"],"angle":-78.5,"extra":1,"ei":0}},{"type":"Feature","geometry":{"type":"Point","coordinates":[25.995534,45.607331]},"properties":{"lines":"540, 541","color":"#0059a9","mode":"bus","arr":["540","541"],"angle":-70.8,"extra":1,"ei":1}},{"type":"Feature","geometry":{"type":"Point","coordinates":[25.994693,45.605537]},"properties":{"lines":"540, 541","color":"#0059a9","mode":"bus","arr":["540","541"],"angle":-72.4,"extra":1,"ei":2}},{"type":"Feature","geometry":{"type":"Point","coordinates":[25.993868,45.603738]},"properties":{"lines":"540, 541","color":"#0059a9","mode":"bus","arr":["540","541"],"angle":-72.6,"extra":1,"ei":3}},{"type":"Feature","geometry":{"type":"Point","coordinates":[25.993113,45.601925]},"properties":{"lines":"540, 541","color":"#0059a9","mode":"bus","arr":["540","541"],"angle":-74,"extra":1,"ei":4}},{"type":"Feature","geometry":{"type":"Point","coordinates":[25.992566,45.600079]},"properties":{"lines":"540, 541","color":"#0059a9","mode":"bus","arr":["540","541"],"angle":-84.8,"extra":1,"ei":5}},{"type":"Feature","geometry":{"type":"Point","coordinates":[25.992418,45.598193]},"properties":{"lines":"540, 541","color":"#0059a9","mode":"bus","arr":["540","541"],"angle":-86.9,"extra":1,"ei":6}},{"type":"Feature","geometry":{"type":"Point","coordinates":[25.992137,45.596317]},"properties":{"lines":"540, 541","color":"#0059a9","mode":"bus","arr":["540","541"],"angle":-79,"extra":1,"ei":7}},{"type":"Feature","geometry":{"type":"Point","coordinates":[25.992129,45.594442]},"properties":{"lines":"540, 541","color":"#0059a9","mode":"bus","arr":["540","541"],"angle":83.2,"extra":1,"ei":8}},{"type":"Feature","geometry":{"type":"Point","coordinates":[25.991259,45.590757]},"properties":{"lines":"540, 541","color":"#0059a9","mode":"bus","arr":["540","541"],"angle":-69.2,"extra":1,"ei":9}},{"type":"Feature","geometry":{"type":"Point","coordinates":[25.990096,45.589055]},"properties":{"lines":"540, 541","color":"#0059a9","mode":"bus","arr":["540","541"],"angle":-67.2,"extra":1,"ei":10}},{"type":"Feature","geometry":{"type":"Point","coordinates":[25.989574,45.587213]},"properties":{"lines":"540, 541","color":"#0059a9","mode":"bus","arr":["540","541"],"angle":-79.3,"extra":1,"ei":11}},{"type":"Feature","geometry":{"type":"Point","coordinates":[25.988853,45.585395]},"properties":{"lines":"540, 541","color":"#0059a9","mode":"bus","arr":["540","541"],"angle":-78.3,"extra":1,"ei":12}},{"type":"Feature","geometry":{"type":"Point","coordinates":[25.988325,45.583543]},"properties":{"lines":"540, 541","color":"#0059a9","mode":"bus","arr":["540","541"],"angle":-79.1,"extra":1,"ei":13}},{"type":"Feature","geometry":{"type":"Point","coordinates":[25.987477,45.581897]},"properties":{"lines":"540, 541","color":"#0059a9","mode":"bus","arr":["540","541"],"angle":-28.8,"extra":1,"ei":14}},{"type":"Feature","geometry":{"type":"Point","coordinates":[25.985093,45.581035]},"properties":{"lines":"540, 541","color":"#0059a9","mode":"bus","arr":["540","541"],"angle":-40.6,"extra":1,"ei":15}},{"type":"Feature","geometry":{"type":"Point","coordinates":[25.983028,45.579819]},"properties":{"lines":"540, 541","color":"#0059a9","mode":"bus","arr":["540","541"],"angle":-36.8,"extra":1,"ei":16}},{"type":"Feature","geometry":{"type":"Point","coordinates":[25.998102,45.618913]},"properties":{"lines":"540","color":"#0059a9","mode":"bus","arr":["540"],"angle":78.9}},{"type":"Feature","geometry":{"type":"Point","coordinates":[25.996845,45.610988]},"properties":{"lines":"540","color":"#0059a9","mode":"bus","arr":["540"],"angle":-78.8,"extra":1,"ei":0}},{"type":"Feature","geometry":{"type":"Point","coordinates":[25.997373,45.61284]},"properties":{"lines":"540","color":"#0059a9","mode":"bus","arr":["540"],"angle":-78.4,"extra":1,"ei":1}},{"type":"Feature","geometry":{"type":"Point","coordinates":[25.997917,45.61469]},"properties":{"lines":"540","color":"#0059a9","mode":"bus","arr":["540"],"angle":-78.5,"extra":1,"ei":2}},{"type":"Feature","geometry":{"type":"Point","coordinates":[25.99825,45.616558]},"properties":{"lines":"540","color":"#0059a9","mode":"bus","arr":["540"],"angle":-87.5,"extra":1,"ei":3}},{"type":"Feature","geometry":{"type":"Point","coordinates":[25.997714,45.620293]},"properties":{"lines":"540","color":"#0059a9","mode":"bus","arr":["540"],"angle":78.4,"extra":1,"ei":4}},{"type":"Feature","geometry":{"type":"Point","coordinates":[25.997144,45.622139]},"properties":{"lines":"540","color":"#0059a9","mode":"bus","arr":["540"],"angle":77.7,"extra":1,"ei":5}},{"type":"Feature","geometry":{"type":"Point","coordinates":[25.99597,45.623804]},"properties":{"lines":"540","color":"#0059a9","mode":"bus","arr":["540"],"angle":53.4,"extra":1,"ei":6}},{"type":"Feature","geometry":{"type":"Point","coordinates":[25.994372,45.625327]},"properties":{"lines":"540","color":"#0059a9","mode":"bus","arr":["540"],"angle":53.5,"extra":1,"ei":7}},{"type":"Feature","geometry":{"type":"Point","coordinates":[25.992929,45.62692]},"properties":{"lines":"540","color":"#0059a9","mode":"bus","arr":["540"],"angle":61.7,"extra":1,"ei":8}},{"type":"Feature","geometry":{"type":"Point","coordinates":[25.996448,45.638733]},"properties":{"lines":"540","color":"#0059a9","mode":"bus","arr":["540"],"angle":-74.6}},{"type":"Feature","geometry":{"type":"Point","coordinates":[25.985211,45.656557]},"properties":{"lines":"540","color":"#0059a9","mode":"bus","arr":["540"],"angle":64.4}},{"type":"Feature","geometry":{"type":"Point","coordinates":[25.998565,45.650496]},"properties":{"lines":"540","color":"#0059a9","mode":"bus","arr":["540"],"angle":-12.6}},{"type":"Feature","geometry":{"type":"Point","coordinates":[25.992714,45.627859]},"properties":{"lines":"540","color":"#0059a9","mode":"bus","arr":["540"],"angle":89.3,"extra":1,"ei":0}},{"type":"Feature","geometry":{"type":"Point","coordinates":[25.992968,45.629728]},"properties":{"lines":"540","color":"#0059a9","mode":"bus","arr":["540"],"angle":-74.2,"extra":1,"ei":1}},{"type":"Feature","geometry":{"type":"Point","coordinates":[25.99368,45.631549]},"properties":{"lines":"540","color":"#0059a9","mode":"bus","arr":["540"],"angle":-75,"extra":1,"ei":2}},{"type":"Feature","geometry":{"type":"Point","coordinates":[25.994385,45.633373]},"properties":{"lines":"540","color":"#0059a9","mode":"bus","arr":["540"],"angle":-75.1,"extra":1,"ei":3}},{"type":"Feature","geometry":{"type":"Point","coordinates":[25.99508,45.635198]},"properties":{"lines":"540","color":"#0059a9","mode":"bus","arr":["540"],"angle":-75.1,"extra":1,"ei":4}},{"type":"Feature","geometry":{"type":"Point","coordinates":[25.995776,45.637023]},"properties":{"lines":"540","color":"#0059a9","mode":"bus","arr":["540"],"angle":-75.1,"extra":1,"ei":5}},{"type":"Feature","geometry":{"type":"Point","coordinates":[25.99722,45.640662]},"properties":{"lines":"540","color":"#0059a9","mode":"bus","arr":["540"],"angle":-74.3,"extra":1,"ei":6}},{"type":"Feature","geometry":{"type":"Point","coordinates":[25.997953,45.64248]},"properties":{"lines":"540","color":"#0059a9","mode":"bus","arr":["540"],"angle":-73,"extra":1,"ei":7}},{"type":"Feature","geometry":{"type":"Point","coordinates":[25.998807,45.644271]},"properties":{"lines":"540","color":"#0059a9","mode":"bus","arr":["540"],"angle":-71.3,"extra":1,"ei":8}},{"type":"Feature","geometry":{"type":"Point","coordinates":[25.999373,45.646098]},"properties":{"lines":"540","color":"#0059a9","mode":"bus","arr":["540"],"angle":88.2,"extra":1,"ei":9}},{"type":"Feature","geometry":{"type":"Point","coordinates":[25.9995,45.647981]},"properties":{"lines":"540","color":"#0059a9","mode":"bus","arr":["540"],"angle":-88.8,"extra":1,"ei":10}},{"type":"Feature","geometry":{"type":"Point","coordinates":[25.995057,45.651546]},"properties":{"lines":"540","color":"#0059a9","mode":"bus","arr":["540"],"angle":19.1,"extra":1,"ei":0}},{"type":"Feature","geometry":{"type":"Point","coordinates":[25.992676,45.652402]},"properties":{"lines":"540","color":"#0059a9","mode":"bus","arr":["540"],"angle":14.5,"extra":1,"ei":1}},{"type":"Feature","geometry":{"type":"Point","coordinates":[25.990011,45.652708]},"properties":{"lines":"540","color":"#0059a9","mode":"bus","arr":["540"],"angle":13.3,"extra":1,"ei":2}},{"type":"Feature","geometry":{"type":"Point","coordinates":[25.987945,45.653846]},"properties":{"lines":"540","color":"#0059a9","mode":"bus","arr":["540"],"angle":54.1,"extra":1,"ei":3}},{"type":"Feature","geometry":{"type":"Point","coordinates":[25.986362,45.655376]},"properties":{"lines":"540","color":"#0059a9","mode":"bus","arr":["540"],"angle":55,"extra":1,"ei":4}},{"type":"Feature","geometry":{"type":"Point","coordinates":[25.983593,45.658553]},"properties":{"lines":"540","color":"#0059a9","mode":"bus","arr":["540"],"angle":48.5,"extra":1,"ei":5}},{"type":"Feature","geometry":{"type":"Point","coordinates":[25.981938,45.660039]},"properties":{"lines":"540","color":"#0059a9","mode":"bus","arr":["540"],"angle":41.5,"extra":1,"ei":6}},{"type":"Feature","geometry":{"type":"Point","coordinates":[25.979854,45.661239]},"properties":{"lines":"540","color":"#0059a9","mode":"bus","arr":["540"],"angle":36.7,"extra":1,"ei":7}},{"type":"Feature","geometry":{"type":"Point","coordinates":[25.977428,45.662061]},"properties":{"lines":"540","color":"#0059a9","mode":"bus","arr":["540"],"angle":23.9,"extra":1,"ei":8}},{"type":"Feature","geometry":{"type":"Point","coordinates":[25.975004,45.662887]},"properties":{"lines":"540","color":"#0059a9","mode":"bus","arr":["540"],"angle":32.4,"extra":1,"ei":9}},{"type":"Feature","geometry":{"type":"Point","coordinates":[25.8165,45.71309]},"properties":{"lines":"540","color":"#0059a9","mode":"bus","arr":["540"],"angle":10.9}},{"type":"Feature","geometry":{"type":"Point","coordinates":[25.965259,45.681529]},"properties":{"lines":"540","color":"#0059a9","mode":"bus","arr":["540"],"angle":-67.4}},{"type":"Feature","geometry":{"type":"Point","coordinates":[25.997391,45.651]},"properties":{"lines":"540","color":"#0059a9","mode":"bus","arr":["540"],"angle":17.8,"mi":1}},{"type":"Feature","geometry":{"type":"Point","coordinates":[25.973899,45.663476]},"properties":{"lines":"540","color":"#0059a9","mode":"bus","arr":["540"],"angle":40.6,"extra":1,"ei":0}},{"type":"Feature","geometry":{"type":"Point","coordinates":[25.972539,45.665073]},"properties":{"lines":"540","color":"#0059a9","mode":"bus","arr":["540"],"angle":69.7,"extra":1,"ei":1}},{"type":"Feature","geometry":{"type":"Point","coordinates":[25.971669,45.666859]},"properties":{"lines":"540","color":"#0059a9","mode":"bus","arr":["540"],"angle":76,"extra":1,"ei":2}},{"type":"Feature","geometry":{"type":"Point","coordinates":[25.970499,45.668534]},"properties":{"lines":"540","color":"#0059a9","mode":"bus","arr":["540"],"angle":49.8,"extra":1,"ei":3}},{"type":"Feature","geometry":{"type":"Point","coordinates":[25.97014,45.670312]},"properties":{"lines":"540","color":"#0059a9","mode":"bus","arr":["540"],"angle":80.8,"extra":1,"ei":4}},{"type":"Feature","geometry":{"type":"Point","coordinates":[25.969106,45.672035]},"properties":{"lines":"540","color":"#0059a9","mode":"bus","arr":["540"],"angle":62.8,"extra":1,"ei":5}},{"type":"Feature","geometry":{"type":"Point","coordinates":[25.969035,45.673882]},"properties":{"lines":"540","color":"#0059a9","mode":"bus","arr":["540"],"angle":-89.7,"extra":1,"ei":6}},{"type":"Feature","geometry":{"type":"Point","coordinates":[25.968195,45.675662]},"properties":{"lines":"540","color":"#0059a9","mode":"bus","arr":["540"],"angle":73,"extra":1,"ei":7}},{"type":"Feature","geometry":{"type":"Point","coordinates":[25.968467,45.677479]},"properties":{"lines":"540","color":"#0059a9","mode":"bus","arr":["540"],"angle":76.7,"extra":1,"ei":8}},{"type":"Feature","geometry":{"type":"Point","coordinates":[25.966905,45.679005]},"properties":{"lines":"540","color":"#0059a9","mode":"bus","arr":["540"],"angle":62.7,"extra":1,"ei":9}},{"type":"Feature","geometry":{"type":"Point","coordinates":[25.963854,45.682669]},"properties":{"lines":"540","color":"#0059a9","mode":"bus","arr":["540"],"angle":-5,"extra":1,"ei":10}},{"type":"Feature","geometry":{"type":"Point","coordinates":[25.961348,45.683012]},"properties":{"lines":"540","color":"#0059a9","mode":"bus","arr":["540"],"angle":-25.3,"extra":1,"ei":11}},{"type":"Feature","geometry":{"type":"Point","coordinates":[25.958903,45.68228]},"properties":{"lines":"540","color":"#0059a9","mode":"bus","arr":["540"],"angle":-0.2,"extra":1,"ei":12}},{"type":"Feature","geometry":{"type":"Point","coordinates":[25.95666,45.681765]},"properties":{"lines":"540","color":"#0059a9","mode":"bus","arr":["540"],"angle":-31.2,"extra":1,"ei":13}},{"type":"Feature","geometry":{"type":"Point","coordinates":[25.954319,45.681958]},"properties":{"lines":"540","color":"#0059a9","mode":"bus","arr":["540"],"angle":-54.9,"extra":1,"ei":14}},{"type":"Feature","geometry":{"type":"Point","coordinates":[25.952948,45.680576]},"properties":{"lines":"540","color":"#0059a9","mode":"bus","arr":["540"],"angle":-51.7,"extra":1,"ei":15}},{"type":"Feature","geometry":{"type":"Point","coordinates":[25.950826,45.679556]},"properties":{"lines":"540","color":"#0059a9","mode":"bus","arr":["540"],"angle":-40.8,"extra":1,"ei":16}},{"type":"Feature","geometry":{"type":"Point","coordinates":[25.9484,45.679099]},"properties":{"lines":"540","color":"#0059a9","mode":"bus","arr":["540"],"angle":-25.4,"extra":1,"ei":17}},{"type":"Feature","geometry":{"type":"Point","coordinates":[25.94627,45.677993]},"properties":{"lines":"540","color":"#0059a9","mode":"bus","arr":["540"],"angle":-29.6,"extra":1,"ei":18}},{"type":"Feature","geometry":{"type":"Point","coordinates":[25.943684,45.677693]},"properties":{"lines":"540","color":"#0059a9","mode":"bus","arr":["540"],"angle":12.1,"extra":1,"ei":19}},{"type":"Feature","geometry":{"type":"Point","coordinates":[25.843676,45.704277]},"properties":{"lines":"540","color":"#0059a9","mode":"bus","arr":["540"],"angle":28.2,"extra":1,"ei":0}},{"type":"Feature","geometry":{"type":"Point","coordinates":[25.841286,45.705158]},"properties":{"lines":"540","color":"#0059a9","mode":"bus","arr":["540"],"angle":27.5,"extra":1,"ei":1}},{"type":"Feature","geometry":{"type":"Point","coordinates":[25.838891,45.706031]},"properties":{"lines":"540","color":"#0059a9","mode":"bus","arr":["540"],"angle":27.7,"extra":1,"ei":2}},{"type":"Feature","geometry":{"type":"Point","coordinates":[25.836499,45.706909]},"properties":{"lines":"540","color":"#0059a9","mode":"bus","arr":["540"],"angle":27.7,"extra":1,"ei":3}},{"type":"Feature","geometry":{"type":"Point","coordinates":[25.834108,45.707788]},"properties":{"lines":"540","color":"#0059a9","mode":"bus","arr":["540"],"angle":27.7,"extra":1,"ei":4}},{"type":"Feature","geometry":{"type":"Point","coordinates":[25.831885,45.708853]},"properties":{"lines":"540","color":"#0059a9","mode":"bus","arr":["540"],"angle":39.3,"extra":1,"ei":5}},{"type":"Feature","geometry":{"type":"Point","coordinates":[25.829791,45.710046]},"properties":{"lines":"540","color":"#0059a9","mode":"bus","arr":["540"],"angle":38.1,"extra":1,"ei":6}},{"type":"Feature","geometry":{"type":"Point","coordinates":[25.8274,45.710873]},"properties":{"lines":"540","color":"#0059a9","mode":"bus","arr":["540"],"angle":13.6,"extra":1,"ei":7}},{"type":"Feature","geometry":{"type":"Point","coordinates":[25.824766,45.711292]},"properties":{"lines":"540","color":"#0059a9","mode":"bus","arr":["540"],"angle":12.6,"extra":1,"ei":8}},{"type":"Feature","geometry":{"type":"Point","coordinates":[25.822228,45.711903]},"properties":{"lines":"540","color":"#0059a9","mode":"bus","arr":["540"],"angle":28,"extra":1,"ei":9}},{"type":"Feature","geometry":{"type":"Point","coordinates":[25.819749,45.712627]},"properties":{"lines":"540","color":"#0059a9","mode":"bus","arr":["540"],"angle":12.1,"extra":1,"ei":10}},{"type":"Feature","geometry":{"type":"Point","coordinates":[25.81445,45.713011]},"properties":{"lines":"540","color":"#0059a9","mode":"bus","arr":["540"],"angle":-13,"extra":1,"ei":11}},{"type":"Feature","geometry":{"type":"Point","coordinates":[25.811764,45.712929]},"properties":{"lines":"540","color":"#0059a9","mode":"bus","arr":["540"],"angle":2,"extra":1,"ei":12}},{"type":"Feature","geometry":{"type":"Point","coordinates":[25.809065,45.712995]},"properties":{"lines":"540","color":"#0059a9","mode":"bus","arr":["540"],"angle":2,"extra":1,"ei":13}},{"type":"Feature","geometry":{"type":"Point","coordinates":[25.806365,45.713063]},"properties":{"lines":"540","color":"#0059a9","mode":"bus","arr":["540"],"angle":2.7,"extra":1,"ei":14}},{"type":"Feature","geometry":{"type":"Point","coordinates":[25.803667,45.713154]},"properties":{"lines":"540","color":"#0059a9","mode":"bus","arr":["540"],"angle":2.8,"extra":1,"ei":15}},{"type":"Feature","geometry":{"type":"Point","coordinates":[25.800968,45.713248]},"properties":{"lines":"540","color":"#0059a9","mode":"bus","arr":["540"],"angle":2.9,"extra":1,"ei":16}},{"type":"Feature","geometry":{"type":"Point","coordinates":[25.798271,45.713344]},"properties":{"lines":"540","color":"#0059a9","mode":"bus","arr":["540"],"angle":2.9,"extra":1,"ei":17}},{"type":"Feature","geometry":{"type":"Point","coordinates":[25.795573,45.713441]},"properties":{"lines":"540","color":"#0059a9","mode":"bus","arr":["540"],"angle":2.9,"extra":1,"ei":18}},{"type":"Feature","geometry":{"type":"Point","coordinates":[25.792874,45.713531]},"properties":{"lines":"540","color":"#0059a9","mode":"bus","arr":["540"],"angle":2.6,"extra":1,"ei":19}},{"type":"Feature","geometry":{"type":"Point","coordinates":[25.790175,45.713615]},"properties":{"lines":"540","color":"#0059a9","mode":"bus","arr":["540"],"angle":2.6,"extra":1,"ei":20}},{"type":"Feature","geometry":{"type":"Point","coordinates":[25.787477,45.7137]},"properties":{"lines":"540","color":"#0059a9","mode":"bus","arr":["540"],"angle":2.5,"extra":1,"ei":21}},{"type":"Feature","geometry":{"type":"Point","coordinates":[25.892546,45.688076]},"properties":{"lines":"540","color":"#0059a9","mode":"bus","arr":["540"],"angle":25.7}},{"type":"Feature","geometry":{"type":"Point","coordinates":[25.940244,45.67822]},"properties":{"lines":"540","color":"#0059a9","mode":"bus","arr":["540"],"angle":27.6,"extra":1,"ei":0}},{"type":"Feature","geometry":{"type":"Point","coordinates":[25.937821,45.678817]},"properties":{"lines":"540","color":"#0059a9","mode":"bus","arr":["540"],"angle":-13,"extra":1,"ei":1}},{"type":"Feature","geometry":{"type":"Point","coordinates":[25.935587,45.679756]},"properties":{"lines":"540","color":"#0059a9","mode":"bus","arr":["540"],"angle":37.8,"extra":1,"ei":2}},{"type":"Feature","geometry":{"type":"Point","coordinates":[25.933242,45.680673]},"properties":{"lines":"540","color":"#0059a9","mode":"bus","arr":["540"],"angle":23.9,"extra":1,"ei":3}},{"type":"Feature","geometry":{"type":"Point","coordinates":[25.930774,45.681441]},"properties":{"lines":"540","color":"#0059a9","mode":"bus","arr":["540"],"angle":23.2,"extra":1,"ei":4}},{"type":"Feature","geometry":{"type":"Point","coordinates":[25.928282,45.681998]},"properties":{"lines":"540","color":"#0059a9","mode":"bus","arr":["540"],"angle":-26.4,"extra":1,"ei":5}},{"type":"Feature","geometry":{"type":"Point","coordinates":[25.926167,45.680827]},"properties":{"lines":"540","color":"#0059a9","mode":"bus","arr":["540"],"angle":-35.3,"extra":1,"ei":6}},{"type":"Feature","geometry":{"type":"Point","coordinates":[25.923613,45.680825]},"properties":{"lines":"540","color":"#0059a9","mode":"bus","arr":["540"],"angle":6.9,"extra":1,"ei":7}},{"type":"Feature","geometry":{"type":"Point","coordinates":[25.920946,45.68108]},"properties":{"lines":"540","color":"#0059a9","mode":"bus","arr":["540"],"angle":14.8,"extra":1,"ei":8}},{"type":"Feature","geometry":{"type":"Point","coordinates":[25.918335,45.681563]},"properties":{"lines":"540","color":"#0059a9","mode":"bus","arr":["540"],"angle":14.7,"extra":1,"ei":9}},{"type":"Feature","geometry":{"type":"Point","coordinates":[25.915724,45.68205]},"properties":{"lines":"540","color":"#0059a9","mode":"bus","arr":["540"],"angle":15.1,"extra":1,"ei":10}},{"type":"Feature","geometry":{"type":"Point","coordinates":[25.913098,45.682423]},"properties":{"lines":"540","color":"#0059a9","mode":"bus","arr":["540"],"angle":-11.2,"extra":1,"ei":11}},{"type":"Feature","geometry":{"type":"Point","coordinates":[25.910579,45.682613]},"properties":{"lines":"540","color":"#0059a9","mode":"bus","arr":["540"],"angle":30,"extra":1,"ei":12}},{"type":"Feature","geometry":{"type":"Point","coordinates":[25.908021,45.683111]},"properties":{"lines":"540","color":"#0059a9","mode":"bus","arr":["540"],"angle":10.9,"extra":1,"ei":13}},{"type":"Feature","geometry":{"type":"Point","coordinates":[25.905352,45.683156]},"properties":{"lines":"540","color":"#0059a9","mode":"bus","arr":["540"],"angle":19,"extra":1,"ei":14}},{"type":"Feature","geometry":{"type":"Point","coordinates":[25.902826,45.683825]},"properties":{"lines":"540","color":"#0059a9","mode":"bus","arr":["540"],"angle":19,"extra":1,"ei":15}},{"type":"Feature","geometry":{"type":"Point","coordinates":[25.90079,45.685006]},"properties":{"lines":"540","color":"#0059a9","mode":"bus","arr":["540"],"angle":48.3,"extra":1,"ei":16}},{"type":"Feature","geometry":{"type":"Point","coordinates":[25.898605,45.686088]},"properties":{"lines":"540","color":"#0059a9","mode":"bus","arr":["540"],"angle":30.5,"extra":1,"ei":17}},{"type":"Feature","geometry":{"type":"Point","coordinates":[25.896301,45.687073]},"properties":{"lines":"540","color":"#0059a9","mode":"bus","arr":["540"],"angle":25.9,"extra":1,"ei":18}},{"type":"Feature","geometry":{"type":"Point","coordinates":[25.888758,45.689089]},"properties":{"lines":"540","color":"#0059a9","mode":"bus","arr":["540"],"angle":28.2,"extra":1,"ei":19}},{"type":"Feature","geometry":{"type":"Point","coordinates":[25.886417,45.690031]},"properties":{"lines":"540","color":"#0059a9","mode":"bus","arr":["540"],"angle":28.2,"extra":1,"ei":20}},{"type":"Feature","geometry":{"type":"Point","coordinates":[25.883811,45.690456]},"properties":{"lines":"540","color":"#0059a9","mode":"bus","arr":["540"],"angle":6,"extra":1,"ei":21}},{"type":"Feature","geometry":{"type":"Point","coordinates":[25.881121,45.690601]},"properties":{"lines":"540","color":"#0059a9","mode":"bus","arr":["540"],"angle":12.2,"extra":1,"ei":22}},{"type":"Feature","geometry":{"type":"Point","coordinates":[25.878567,45.691212]},"properties":{"lines":"540","color":"#0059a9","mode":"bus","arr":["540"],"angle":18.1,"extra":1,"ei":23}},{"type":"Feature","geometry":{"type":"Point","coordinates":[25.876105,45.691881]},"properties":{"lines":"540","color":"#0059a9","mode":"bus","arr":["540"],"angle":50,"extra":1,"ei":24}},{"type":"Feature","geometry":{"type":"Point","coordinates":[25.874039,45.693061]},"properties":{"lines":"540","color":"#0059a9","mode":"bus","arr":["540"],"angle":31.4,"extra":1,"ei":25}},{"type":"Feature","geometry":{"type":"Point","coordinates":[25.871918,45.694215]},"properties":{"lines":"540","color":"#0059a9","mode":"bus","arr":["540"],"angle":34.7,"extra":1,"ei":26}},{"type":"Feature","geometry":{"type":"Point","coordinates":[25.869377,45.694817]},"properties":{"lines":"540","color":"#0059a9","mode":"bus","arr":["540"],"angle":9.1,"extra":1,"ei":27}},{"type":"Feature","geometry":{"type":"Point","coordinates":[25.867135,45.69575]},"properties":{"lines":"540","color":"#0059a9","mode":"bus","arr":["540"],"angle":44.1,"extra":1,"ei":28}},{"type":"Feature","geometry":{"type":"Point","coordinates":[25.865025,45.696907]},"properties":{"lines":"540","color":"#0059a9","mode":"bus","arr":["540"],"angle":17.6,"extra":1,"ei":29}},{"type":"Feature","geometry":{"type":"Point","coordinates":[25.862354,45.697175]},"properties":{"lines":"540","color":"#0059a9","mode":"bus","arr":["540"],"angle":4.2,"extra":1,"ei":30}},{"type":"Feature","geometry":{"type":"Point","coordinates":[25.859713,45.697454]},"properties":{"lines":"540","color":"#0059a9","mode":"bus","arr":["540"],"angle":28.7,"extra":1,"ei":31}},{"type":"Feature","geometry":{"type":"Point","coordinates":[25.857407,45.698436]},"properties":{"lines":"540","color":"#0059a9","mode":"bus","arr":["540"],"angle":31.3,"extra":1,"ei":32}},{"type":"Feature","geometry":{"type":"Point","coordinates":[25.855161,45.699483]},"properties":{"lines":"540","color":"#0059a9","mode":"bus","arr":["540"],"angle":35.6,"extra":1,"ei":33}},{"type":"Feature","geometry":{"type":"Point","coordinates":[25.853102,45.7007]},"properties":{"lines":"540","color":"#0059a9","mode":"bus","arr":["540"],"angle":37,"extra":1,"ei":34}},{"type":"Feature","geometry":{"type":"Point","coordinates":[25.850855,45.701744]},"properties":{"lines":"540","color":"#0059a9","mode":"bus","arr":["540"],"angle":29,"extra":1,"ei":35}},{"type":"Feature","geometry":{"type":"Point","coordinates":[25.848439,45.702586]},"properties":{"lines":"540","color":"#0059a9","mode":"bus","arr":["540"],"angle":23.5,"extra":1,"ei":36}},{"type":"Feature","geometry":{"type":"Point","coordinates":[25.846016,45.70342]},"properties":{"lines":"540","color":"#0059a9","mode":"bus","arr":["540"],"angle":27.1,"extra":1,"ei":37}},{"type":"Feature","geometry":{"type":"Point","coordinates":[25.778121,45.715746]},"properties":{"lines":"540","color":"#0059a9","mode":"bus","arr":["540"],"angle":85.2}},{"type":"Feature","geometry":{"type":"Point","coordinates":[25.783551,45.713821]},"properties":{"lines":"540","color":"#0059a9","mode":"bus","arr":["540"],"angle":2.8,"extra":1,"ei":0}},{"type":"Feature","geometry":{"type":"Point","coordinates":[25.780853,45.713908]},"properties":{"lines":"540","color":"#0059a9","mode":"bus","arr":["540"],"angle":7.9,"extra":1,"ei":1}},{"type":"Feature","geometry":{"type":"Point","coordinates":[25.778303,45.714498]},"properties":{"lines":"540","color":"#0059a9","mode":"bus","arr":["540"],"angle":54.1,"extra":1,"ei":2}},{"type":"Feature","geometry":{"type":"Point","coordinates":[25.777427,45.718185]},"properties":{"lines":"540","color":"#0059a9","mode":"bus","arr":["540"],"angle":42.8,"extra":1,"ei":3}},{"type":"Feature","geometry":{"type":"Point","coordinates":[25.774917,45.718867]},"properties":{"lines":"540","color":"#0059a9","mode":"bus","arr":["540"],"angle":19.3,"extra":1,"ei":4}},{"type":"Feature","geometry":{"type":"Point","coordinates":[26.032138,45.577615]},"properties":{"lines":"541","color":"#0059a9","mode":"bus","arr":["541"],"angle":41.2}},{"type":"Feature","geometry":{"type":"Point","coordinates":[26.039602,45.563996]},"properties":{"lines":"541","color":"#0059a9","mode":"bus","arr":["541"],"angle":63.4,"extra":1,"ei":0}},{"type":"Feature","geometry":{"type":"Point","coordinates":[26.038779,45.565666]},"properties":{"lines":"541","color":"#0059a9","mode":"bus","arr":["541"],"angle":36,"extra":1,"ei":1}},{"type":"Feature","geometry":{"type":"Point","coordinates":[26.037317,45.567185]},"properties":{"lines":"541","color":"#0059a9","mode":"bus","arr":["541"],"angle":72.7,"extra":1,"ei":2}},{"type":"Feature","geometry":{"type":"Point","coordinates":[26.036785,45.569019]},"properties":{"lines":"541","color":"#0059a9","mode":"bus","arr":["541"],"angle":-88.2,"extra":1,"ei":3}},{"type":"Feature","geometry":{"type":"Point","coordinates":[26.035711,45.570702]},"properties":{"lines":"541","color":"#0059a9","mode":"bus","arr":["541"],"angle":57.7,"extra":1,"ei":4}},{"type":"Feature","geometry":{"type":"Point","coordinates":[26.034356,45.57233]},"properties":{"lines":"541","color":"#0059a9","mode":"bus","arr":["541"],"angle":66.6,"extra":1,"ei":5}},{"type":"Feature","geometry":{"type":"Point","coordinates":[26.033396,45.574095]},"properties":{"lines":"541","color":"#0059a9","mode":"bus","arr":["541"],"angle":68,"extra":1,"ei":6}},{"type":"Feature","geometry":{"type":"Point","coordinates":[26.032732,45.575917]},"properties":{"lines":"541","color":"#0059a9","mode":"bus","arr":["541"],"angle":67.3,"extra":1,"ei":7}},{"type":"Feature","geometry":{"type":"Point","coordinates":[26.032098,45.579254]},"properties":{"lines":"541","color":"#0059a9","mode":"bus","arr":["541"],"angle":-75.5,"extra":1,"ei":8}},{"type":"Feature","geometry":{"type":"Point","coordinates":[26.031723,45.581107]},"properties":{"lines":"541","color":"#0059a9","mode":"bus","arr":["541"],"angle":78.9,"extra":1,"ei":9}},{"type":"Feature","geometry":{"type":"Point","coordinates":[26.03157,45.582987]},"properties":{"lines":"541","color":"#0059a9","mode":"bus","arr":["541"],"angle":86.1,"extra":1,"ei":10}},{"type":"Feature","geometry":{"type":"Point","coordinates":[26.030763,45.584779]},"properties":{"lines":"541","color":"#0059a9","mode":"bus","arr":["541"],"angle":74.5,"extra":1,"ei":11}},{"type":"Feature","geometry":{"type":"Point","coordinates":[26.030632,45.586661]},"properties":{"lines":"541","color":"#0059a9","mode":"bus","arr":["541"],"angle":-89,"extra":1,"ei":12}},{"type":"Feature","geometry":{"type":"Point","coordinates":[26.030834,45.58854]},"properties":{"lines":"541","color":"#0059a9","mode":"bus","arr":["541"],"angle":-80.8,"extra":1,"ei":13}},{"type":"Feature","geometry":{"type":"Point","coordinates":[26.03079,45.590415]},"properties":{"lines":"541","color":"#0059a9","mode":"bus","arr":["541"],"angle":86,"extra":1,"ei":14}},{"type":"Feature","geometry":{"type":"Point","coordinates":[26.030254,45.59225]},"properties":{"lines":"541","color":"#0059a9","mode":"bus","arr":["541"],"angle":73.9,"extra":1,"ei":15}},{"type":"Feature","geometry":{"type":"Point","coordinates":[26.018534,45.606063]},"properties":{"lines":"541","color":"#0059a9","mode":"bus","arr":["541"],"angle":9.1}},{"type":"Feature","geometry":{"type":"Point","coordinates":[26.030098,45.594011]},"properties":{"lines":"541","color":"#0059a9","mode":"bus","arr":["541"],"angle":75.3,"extra":1,"ei":0}},{"type":"Feature","geometry":{"type":"Point","coordinates":[26.029664,45.595874]},"properties":{"lines":"541","color":"#0059a9","mode":"bus","arr":["541"],"angle":80.1,"extra":1,"ei":1}},{"type":"Feature","geometry":{"type":"Point","coordinates":[26.028996,45.597702]},"properties":{"lines":"541","color":"#0059a9","mode":"bus","arr":["541"],"angle":72.1,"extra":1,"ei":2}},{"type":"Feature","geometry":{"type":"Point","coordinates":[26.027776,45.599372]},"properties":{"lines":"541","color":"#0059a9","mode":"bus","arr":["541"],"angle":52.6,"extra":1,"ei":3}},{"type":"Feature","geometry":{"type":"Point","coordinates":[26.026554,45.601037]},"properties":{"lines":"541","color":"#0059a9","mode":"bus","arr":["541"],"angle":59.4,"extra":1,"ei":4}},{"type":"Feature","geometry":{"type":"Point","coordinates":[26.024745,45.602434]},"properties":{"lines":"541","color":"#0059a9","mode":"bus","arr":["541"],"angle":44.7,"extra":1,"ei":5}},{"type":"Feature","geometry":{"type":"Point","coordinates":[26.022899,45.603812]},"properties":{"lines":"541","color":"#0059a9","mode":"bus","arr":["541"],"angle":47.1,"extra":1,"ei":6}},{"type":"Feature","geometry":{"type":"Point","coordinates":[26.02124,45.605297]},"properties":{"lines":"541","color":"#0059a9","mode":"bus","arr":["541"],"angle":49.3,"extra":1,"ei":7}},{"type":"Feature","geometry":{"type":"Point","coordinates":[26.016152,45.606231]},"properties":{"lines":"541","color":"#0059a9","mode":"bus","arr":["541"],"angle":9.9,"extra":1,"ei":8}},{"type":"Feature","geometry":{"type":"Point","coordinates":[26.013496,45.606577]},"properties":{"lines":"541","color":"#0059a9","mode":"bus","arr":["541"],"angle":11.2,"extra":1,"ei":9}},{"type":"Feature","geometry":{"type":"Point","coordinates":[26.010895,45.607013]},"properties":{"lines":"541","color":"#0059a9","mode":"bus","arr":["541"],"angle":9,"extra":1,"ei":10}},{"type":"Feature","geometry":{"type":"Point","coordinates":[26.008396,45.607662]},"properties":{"lines":"541","color":"#0059a9","mode":"bus","arr":["541"],"angle":38.7,"extra":1,"ei":11}},{"type":"Feature","geometry":{"type":"Point","coordinates":[26.005967,45.608454]},"properties":{"lines":"541","color":"#0059a9","mode":"bus","arr":["541"],"angle":19.5,"extra":1,"ei":12}},{"type":"Feature","geometry":{"type":"Point","coordinates":[26.003369,45.60892]},"properties":{"lines":"541","color":"#0059a9","mode":"bus","arr":["541"],"angle":1.8,"extra":1,"ei":13}},{"type":"Feature","geometry":{"type":"Point","coordinates":[26.000699,45.608828]},"properties":{"lines":"541","color":"#0059a9","mode":"bus","arr":["541"],"angle":22.7,"extra":1,"ei":14}},{"type":"Feature","geometry":{"type":"Point","coordinates":[25.998438,45.609773]},"properties":{"lines":"541","color":"#0059a9","mode":"bus","arr":["541"],"angle":13.2,"extra":1,"ei":15}},{"type":"Feature","geometry":{"type":"Point","coordinates":[25.792293,45.644482]},"properties":{"lines":"610, 612","color":"#0059a9","mode":"bus","arr":["610","612"],"angle":-66.6,"side":-1,"mi":2}},{"type":"Feature","geometry":{"type":"Point","coordinates":[25.781068,45.647269]},"properties":{"lines":"610, 612","color":"#0059a9","mode":"bus","arr":["610","612"],"angle":-20.9}},{"type":"Feature","geometry":{"type":"Point","coordinates":[25.775507,45.640537]},"properties":{"lines":"610, 612","color":"#0059a9","mode":"bus","arr":["610","612"],"angle":-62.2,"extra":1,"ei":0}},{"type":"Feature","geometry":{"type":"Point","coordinates":[25.776939,45.642137]},"properties":{"lines":"610, 612","color":"#0059a9","mode":"bus","arr":["610","612"],"angle":-59.2,"extra":1,"ei":1}},{"type":"Feature","geometry":{"type":"Point","coordinates":[25.778113,45.643711]},"properties":{"lines":"610, 612","color":"#0059a9","mode":"bus","arr":["610","612"],"angle":-85.1,"extra":1,"ei":2}},{"type":"Feature","geometry":{"type":"Point","coordinates":[25.778381,45.645385]},"properties":{"lines":"610, 612","color":"#0059a9","mode":"bus","arr":["610","612"],"angle":-58.5,"extra":1,"ei":3}},{"type":"Feature","geometry":{"type":"Point","coordinates":[25.784993,45.647718]},"properties":{"lines":"610, 612","color":"#0059a9","mode":"bus","arr":["610","612"],"angle":16.3,"extra":1,"ei":4}},{"type":"Feature","geometry":{"type":"Point","coordinates":[25.78755,45.647177]},"properties":{"lines":"610, 612","color":"#0059a9","mode":"bus","arr":["610","612"],"angle":9.9,"extra":1,"ei":5}},{"type":"Feature","geometry":{"type":"Point","coordinates":[25.790094,45.646587]},"properties":{"lines":"610, 612","color":"#0059a9","mode":"bus","arr":["610","612"],"angle":23.4,"extra":1,"ei":6}},{"type":"Feature","geometry":{"type":"Point","coordinates":[25.791977,45.645346]},"properties":{"lines":"610, 612","color":"#0059a9","mode":"bus","arr":["610","612"],"angle":72.6,"extra":1,"ei":7}},{"type":"Feature","geometry":{"type":"Point","coordinates":[25.771727,45.64863]},"properties":{"lines":"610, 612","color":"#0059a9","mode":"bus","arr":["610","612"],"angle":16.4,"mi":1}},{"type":"Feature","geometry":{"type":"Point","coordinates":[25.776943,45.64574]},"properties":{"lines":"610, 612","color":"#0059a9","mode":"bus","arr":["610","612"],"angle":48.1,"extra":1,"ei":0}},{"type":"Feature","geometry":{"type":"Point","coordinates":[25.775164,45.647138]},"properties":{"lines":"610, 612","color":"#0059a9","mode":"bus","arr":["610","612"],"angle":37.2,"extra":1,"ei":1}},{"type":"Feature","geometry":{"type":"Point","coordinates":[25.767891,45.647923]},"properties":{"lines":"610, 612","color":"#0059a9","mode":"bus","arr":["610","612"],"angle":-22.2,"extra":1,"ei":2}},{"type":"Feature","geometry":{"type":"Point","coordinates":[25.765605,45.647608]},"properties":{"lines":"610, 612","color":"#0059a9","mode":"bus","arr":["610","612"],"angle":45.5,"extra":1,"ei":3}},{"type":"Feature","geometry":{"type":"Point","coordinates":[25.760893,45.650899]},"properties":{"lines":"610, 611, 612","color":"#0059a9","mode":"bus","arr":["610","611","612"],"angle":48.5}},{"type":"Feature","geometry":{"type":"Point","coordinates":[25.763425,45.64875]},"properties":{"lines":"610, 611, 612","color":"#0059a9","mode":"bus","arr":["610","611","612"],"angle":44.7,"extra":1,"ei":0}},{"type":"Feature","geometry":{"type":"Point","coordinates":[25.757914,45.652882]},"properties":{"lines":"610, 611, 612","color":"#0059a9","mode":"bus","arr":["610","611","612"],"angle":42.9,"extra":1,"ei":1}},{"type":"Feature","geometry":{"type":"Point","coordinates":[25.733703,45.65335]},"properties":{"lines":"610, 611, 612","color":"#0059a9","mode":"bus","arr":["610","611","612"],"angle":-1.9}},{"type":"Feature","geometry":{"type":"Point","coordinates":[25.712195,45.651745]},"properties":{"lines":"610, 611, 612","color":"#0059a9","mode":"bus","arr":["610","611","612"],"angle":-1.5,"extra":1,"ei":0}},{"type":"Feature","geometry":{"type":"Point","coordinates":[25.714894,45.651829]},"properties":{"lines":"610, 611, 612","color":"#0059a9","mode":"bus","arr":["610","611","612"],"angle":-3.7,"extra":1,"ei":1}},{"type":"Feature","geometry":{"type":"Point","coordinates":[25.717589,45.651961]},"properties":{"lines":"610, 611, 612","color":"#0059a9","mode":"bus","arr":["610","611","612"],"angle":-4.2,"extra":1,"ei":2}},{"type":"Feature","geometry":{"type":"Point","coordinates":[25.720286,45.652056]},"properties":{"lines":"610, 611, 612","color":"#0059a9","mode":"bus","arr":["610","611","612"],"angle":-1.6,"extra":1,"ei":3}},{"type":"Feature","geometry":{"type":"Point","coordinates":[25.722986,45.65211]},"properties":{"lines":"610, 611, 612","color":"#0059a9","mode":"bus","arr":["610","611","612"],"angle":-2,"extra":1,"ei":4}},{"type":"Feature","geometry":{"type":"Point","coordinates":[25.725676,45.652258]},"properties":{"lines":"610, 611, 612","color":"#0059a9","mode":"bus","arr":["610","611","612"],"angle":-10.5,"extra":1,"ei":5}},{"type":"Feature","geometry":{"type":"Point","coordinates":[25.728303,45.652696]},"properties":{"lines":"610, 611, 612","color":"#0059a9","mode":"bus","arr":["610","611","612"],"angle":-15.1,"extra":1,"ei":6}},{"type":"Feature","geometry":{"type":"Point","coordinates":[25.730928,45.65314]},"properties":{"lines":"610, 611, 612","color":"#0059a9","mode":"bus","arr":["610","611","612"],"angle":-10.7,"extra":1,"ei":7}},{"type":"Feature","geometry":{"type":"Point","coordinates":[25.736309,45.653367]},"properties":{"lines":"610, 611, 612","color":"#0059a9","mode":"bus","arr":["610","611","612"],"angle":1.6,"extra":1,"ei":8}},{"type":"Feature","geometry":{"type":"Point","coordinates":[25.739009,45.653313]},"properties":{"lines":"610, 611, 612","color":"#0059a9","mode":"bus","arr":["610","611","612"],"angle":1.6,"extra":1,"ei":9}},{"type":"Feature","geometry":{"type":"Point","coordinates":[25.74171,45.653259]},"properties":{"lines":"610, 611, 612","color":"#0059a9","mode":"bus","arr":["610","611","612"],"angle":1.7,"extra":1,"ei":10}},{"type":"Feature","geometry":{"type":"Point","coordinates":[25.74441,45.653204]},"properties":{"lines":"610, 611, 612","color":"#0059a9","mode":"bus","arr":["610","611","612"],"angle":1.2,"extra":1,"ei":11}},{"type":"Feature","geometry":{"type":"Point","coordinates":[25.747103,45.653318]},"properties":{"lines":"610, 611, 612","color":"#0059a9","mode":"bus","arr":["610","611","612"],"angle":-5.3,"extra":1,"ei":12}},{"type":"Feature","geometry":{"type":"Point","coordinates":[25.749794,45.65348]},"properties":{"lines":"610, 611, 612","color":"#0059a9","mode":"bus","arr":["610","611","612"],"angle":-6.8,"extra":1,"ei":13}},{"type":"Feature","geometry":{"type":"Point","coordinates":[25.752458,45.653788]},"properties":{"lines":"610, 611, 612","color":"#0059a9","mode":"bus","arr":["610","611","612"],"angle":-9.9,"extra":1,"ei":14}},{"type":"Feature","geometry":{"type":"Point","coordinates":[25.755147,45.653912]},"properties":{"lines":"610, 611, 612","color":"#0059a9","mode":"bus","arr":["610","611","612"],"angle":2.1,"extra":1,"ei":15}},{"type":"Feature","geometry":{"type":"Point","coordinates":[25.758585,45.63555]},"properties":{"lines":"611, 612","color":"#0059a9","mode":"bus","arr":["611","612"],"angle":-50.1,"mi":1}},{"type":"Feature","geometry":{"type":"Point","coordinates":[25.75752,45.643285]},"properties":{"lines":"611, 612","color":"#0059a9","mode":"bus","arr":["611","612"],"angle":-29.2}},{"type":"Feature","geometry":{"type":"Point","coordinates":[25.758937,45.637911]},"properties":{"lines":"611, 612","color":"#0059a9","mode":"bus","arr":["611","612"],"angle":74.7,"extra":1,"ei":0}},{"type":"Feature","geometry":{"type":"Point","coordinates":[25.758278,45.639726]},"properties":{"lines":"611, 612","color":"#0059a9","mode":"bus","arr":["611","612"],"angle":62.9,"extra":1,"ei":1}},{"type":"Feature","geometry":{"type":"Point","coordinates":[25.756557,45.641112]},"properties":{"lines":"611, 612","color":"#0059a9","mode":"bus","arr":["611","612"],"angle":79.8,"extra":1,"ei":2}},{"type":"Feature","geometry":{"type":"Point","coordinates":[25.758804,45.644175]},"properties":{"lines":"611, 612","color":"#0059a9","mode":"bus","arr":["611","612"],"angle":-45.1,"extra":1,"ei":3}},{"type":"Feature","geometry":{"type":"Point","coordinates":[25.760469,45.645625]},"properties":{"lines":"611, 612","color":"#0059a9","mode":"bus","arr":["611","612"],"angle":-49.8,"extra":1,"ei":4}},{"type":"Feature","geometry":{"type":"Point","coordinates":[25.762014,45.64716]},"properties":{"lines":"611, 612","color":"#0059a9","mode":"bus","arr":["611","612"],"angle":-58.3,"extra":1,"ei":5}},{"type":"Feature","geometry":{"type":"Point","coordinates":[25.764195,45.648157]},"properties":{"lines":"611, 612","color":"#0059a9","mode":"bus","arr":["611","612"],"angle":-18.5,"extra":1,"ei":6,"side":-1}},{"type":"Feature","geometry":{"type":"Point","coordinates":[25.764002,45.659401]},"properties":{"lines":"611, 612","color":"#0059a9","mode":"bus","arr":["611","612"],"angle":-60.7}},{"type":"Feature","geometry":{"type":"Point","coordinates":[25.759328,45.653188]},"properties":{"lines":"611, 612","color":"#0059a9","mode":"bus","arr":["611","612"],"angle":-73.6,"extra":1,"ei":0}},{"type":"Feature","geometry":{"type":"Point","coordinates":[25.760336,45.654926]},"properties":{"lines":"611, 612","color":"#0059a9","mode":"bus","arr":["611","612"],"angle":-59.1,"extra":1,"ei":1}},{"type":"Feature","geometry":{"type":"Point","coordinates":[25.761695,45.656558]},"properties":{"lines":"611, 612","color":"#0059a9","mode":"bus","arr":["611","612"],"angle":-60,"extra":1,"ei":2}},{"type":"Feature","geometry":{"type":"Point","coordinates":[25.763022,45.658203]},"properties":{"lines":"611, 612","color":"#0059a9","mode":"bus","arr":["611","612"],"angle":-60.5,"extra":1,"ei":3}},{"type":"Feature","geometry":{"type":"Point","coordinates":[25.765714,45.661478]},"properties":{"lines":"611, 612","color":"#0059a9","mode":"bus","arr":["611","612"],"angle":-59.4,"extra":1,"ei":4}},{"type":"Feature","geometry":{"type":"Point","coordinates":[25.767061,45.663115]},"properties":{"lines":"611, 612","color":"#0059a9","mode":"bus","arr":["611","612"],"angle":-60.4,"extra":1,"ei":5}},{"type":"Feature","geometry":{"type":"Point","coordinates":[25.768395,45.664757]},"properties":{"lines":"611, 612","color":"#0059a9","mode":"bus","arr":["611","612"],"angle":-60.4,"extra":1,"ei":6}},{"type":"Feature","geometry":{"type":"Point","coordinates":[25.76882,45.666171]},"properties":{"lines":"611, 612","color":"#0059a9","mode":"bus","arr":["611","612"],"angle":72,"side":-1,"mi":1}},{"type":"Feature","geometry":{"type":"Point","coordinates":[25.714033,45.61702]},"properties":{"lines":"710, 711, TE2, TE14","color":"#0059a9","mode":"bus","arr":["710","711","TE2","TE14"],"angle":9.6}},{"type":"Feature","geometry":{"type":"Point","coordinates":[25.730739,45.609477]},"properties":{"lines":"710, 711, TE2, TE14","color":"#0059a9","mode":"bus","arr":["710","711","TE2","TE14"],"angle":39.9,"extra":1,"ei":0}},{"type":"Feature","geometry":{"type":"Point","coordinates":[25.728542,45.610573]},"properties":{"lines":"710, 711, TE2, TE14","color":"#0059a9","mode":"bus","arr":["710","711","TE2","TE14"],"angle":36.8,"extra":1,"ei":1}},{"type":"Feature","geometry":{"type":"Point","coordinates":[25.726444,45.611762]},"properties":{"lines":"710, 711, TE2, TE14","color":"#0059a9","mode":"bus","arr":["710","711","TE2","TE14"],"angle":33,"extra":1,"ei":2}},{"type":"Feature","geometry":{"type":"Point","coordinates":[25.724068,45.612655]},"properties":{"lines":"710, 711, TE2, TE14","color":"#0059a9","mode":"bus","arr":["710","711","TE2","TE14"],"angle":33.3,"extra":1,"ei":3}},{"type":"Feature","geometry":{"type":"Point","coordinates":[25.721841,45.613688]},"properties":{"lines":"710, 711, TE2, TE14","color":"#0059a9","mode":"bus","arr":["710","711","TE2","TE14"],"angle":47.2,"extra":1,"ei":4}},{"type":"Feature","geometry":{"type":"Point","coordinates":[25.71963,45.614729]},"properties":{"lines":"710, 711, TE2, TE14","color":"#0059a9","mode":"bus","arr":["710","711","TE2","TE14"],"angle":17.7,"extra":1,"ei":5}},{"type":"Feature","geometry":{"type":"Point","coordinates":[25.717174,45.615492]},"properties":{"lines":"710, 711, TE2, TE14","color":"#0059a9","mode":"bus","arr":["710","711","TE2","TE14"],"angle":30.4,"extra":1,"ei":6}},{"type":"Feature","geometry":{"type":"Point","coordinates":[25.710488,45.618366]},"properties":{"lines":"710, 711, TE2, TE14","color":"#0059a9","mode":"bus","arr":["710","711","TE2","TE14"],"angle":17.3,"extra":1,"ei":7}},{"type":"Feature","geometry":{"type":"Point","coordinates":[25.708031,45.619122]},"properties":{"lines":"710, 711, TE2, TE14","color":"#0059a9","mode":"bus","arr":["710","711","TE2","TE14"],"angle":32.6,"extra":1,"ei":8}},{"type":"Feature","geometry":{"type":"Point","coordinates":[25.705497,45.619614]},"properties":{"lines":"710, 711, TE2, TE14","color":"#0059a9","mode":"bus","arr":["710","711","TE2","TE14"],"angle":2.3,"extra":1,"ei":9}},{"type":"Feature","geometry":{"type":"Point","coordinates":[25.702814,45.619736]},"properties":{"lines":"710, 711, TE2, TE14","color":"#0059a9","mode":"bus","arr":["710","711","TE2","TE14"],"angle":-15,"extra":1,"ei":10}},{"type":"Feature","geometry":{"type":"Point","coordinates":[25.7004,45.61891]},"properties":{"lines":"710, 711, TE2, TE14","color":"#0059a9","mode":"bus","arr":["710","711","TE2","TE14"],"angle":-23.8,"extra":1,"ei":11}},{"type":"Feature","geometry":{"type":"Point","coordinates":[25.699158,45.617347]},"properties":{"lines":"710, 711, TE2, TE14","color":"#0059a9","mode":"bus","arr":["710","711","TE2","TE14"],"angle":-70.2,"extra":1,"ei":12}},{"type":"Feature","geometry":{"type":"Point","coordinates":[25.696948,45.617629]},"properties":{"lines":"710, 711, TE2, TE14","color":"#0059a9","mode":"bus","arr":["710","711","TE2","TE14"],"angle":27.1,"extra":1,"ei":13}},{"type":"Feature","geometry":{"type":"Point","coordinates":[25.693646,45.617591]},"properties":{"lines":"710, 711, TE2, TE14","color":"#0059a9","mode":"bus","arr":["710","711","TE2","TE14"],"angle":-35}},{"type":"Feature","geometry":{"type":"Point","coordinates":[25.695217,45.618062]},"properties":{"lines":"710, 711, TE2, TE14","color":"#0059a9","mode":"bus","arr":["710","711","TE2","TE14"],"angle":-10.6,"extra":1,"ei":0}},{"type":"Feature","geometry":{"type":"Point","coordinates":[25.676625,45.614593]},"properties":{"lines":"710, 711, TE2, TE14","color":"#0059a9","mode":"bus","arr":["710","711","TE2","TE14"],"angle":-27}},{"type":"Feature","geometry":{"type":"Point","coordinates":[25.658995,45.613393]},"properties":{"lines":"710, 711, TE2, TE14","color":"#0059a9","mode":"bus","arr":["710","711","TE2","TE14"],"angle":9.9}},{"type":"Feature","geometry":{"type":"Point","coordinates":[25.69077,45.617438]},"properties":{"lines":"710, 711, TE2, TE14","color":"#0059a9","mode":"bus","arr":["710","711","TE2","TE14"],"angle":39.2,"extra":1,"ei":0}},{"type":"Feature","geometry":{"type":"Point","coordinates":[25.688217,45.617638]},"properties":{"lines":"710, 711, TE2, TE14","color":"#0059a9","mode":"bus","arr":["710","711","TE2","TE14"],"angle":-30.8,"extra":1,"ei":1}},{"type":"Feature","geometry":{"type":"Point","coordinates":[25.685668,45.617859]},"properties":{"lines":"710, 711, TE2, TE14","color":"#0059a9","mode":"bus","arr":["710","711","TE2","TE14"],"angle":17.1,"extra":1,"ei":2}},{"type":"Feature","geometry":{"type":"Point","coordinates":[25.683008,45.61815]},"properties":{"lines":"710, 711, TE2, TE14","color":"#0059a9","mode":"bus","arr":["710","711","TE2","TE14"],"angle":5.3,"extra":1,"ei":3}},{"type":"Feature","geometry":{"type":"Point","coordinates":[25.680845,45.617369]},"properties":{"lines":"710, 711, TE2, TE14","color":"#0059a9","mode":"bus","arr":["710","711","TE2","TE14"],"angle":-49.9,"extra":1,"ei":4}},{"type":"Feature","geometry":{"type":"Point","coordinates":[25.678843,45.616107]},"properties":{"lines":"710, 711, TE2, TE14","color":"#0059a9","mode":"bus","arr":["710","711","TE2","TE14"],"angle":-46,"extra":1,"ei":5}},{"type":"Feature","geometry":{"type":"Point","coordinates":[25.67486,45.613636]},"properties":{"lines":"710, 711, TE2, TE14","color":"#0059a9","mode":"bus","arr":["710","711","TE2","TE14"],"angle":-45.9,"extra":1,"ei":6}},{"type":"Feature","geometry":{"type":"Point","coordinates":[25.672459,45.612813]},"properties":{"lines":"710, 711, TE2, TE14","color":"#0059a9","mode":"bus","arr":["710","711","TE2","TE14"],"angle":-26.8,"extra":1,"ei":7}},{"type":"Feature","geometry":{"type":"Point","coordinates":[25.669811,45.612679]},"properties":{"lines":"710, 711, TE2, TE14","color":"#0059a9","mode":"bus","arr":["710","711","TE2","TE14"],"angle":1.1,"extra":1,"ei":8}},{"type":"Feature","geometry":{"type":"Point","coordinates":[25.667123,45.612638]},"properties":{"lines":"710, 711, TE2, TE14","color":"#0059a9","mode":"bus","arr":["710","711","TE2","TE14"],"angle":8.5,"extra":1,"ei":9}},{"type":"Feature","geometry":{"type":"Point","coordinates":[25.664436,45.612817]},"properties":{"lines":"710, 711, TE2, TE14","color":"#0059a9","mode":"bus","arr":["710","711","TE2","TE14"],"angle":3.2,"extra":1,"ei":10}},{"type":"Feature","geometry":{"type":"Point","coordinates":[25.661737,45.61288]},"properties":{"lines":"710, 711, TE2, TE14","color":"#0059a9","mode":"bus","arr":["710","711","TE2","TE14"],"angle":1.8,"extra":1,"ei":11}},{"type":"Feature","geometry":{"type":"Point","coordinates":[25.658141,45.61329]},"properties":{"lines":"710, 711","color":"#0059a9","mode":"bus","arr":["710","711"],"angle":74.6}},{"type":"Feature","geometry":{"type":"Point","coordinates":[25.714529,45.616575]},"properties":{"lines":"710, 711","color":"#0059a9","mode":"bus","arr":["710","711"],"angle":40.9}},{"type":"Feature","geometry":{"type":"Point","coordinates":[25.739987,45.601451]},"properties":{"lines":"711","color":"#0059a9","mode":"bus","arr":["711"],"angle":12.6,"side":-1,"mi":3}},{"type":"Feature","geometry":{"type":"Point","coordinates":[25.738001,45.60186]},"properties":{"lines":"711","color":"#0059a9","mode":"bus","arr":["711"],"angle":7.2,"mi":2}},{"type":"Feature","geometry":{"type":"Point","coordinates":[25.736227,45.601989]},"properties":{"lines":"711","color":"#0059a9","mode":"bus","arr":["711"],"angle":6.4,"extra":1,"ei":0}},{"type":"Feature","geometry":{"type":"Point","coordinates":[25.73545,45.602144]},"properties":{"lines":"711","color":"#0059a9","mode":"bus","arr":["711"],"angle":27.9}},{"type":"Feature","geometry":{"type":"Point","coordinates":[25.73369,45.606236]},"properties":{"lines":"711","color":"#0059a9","mode":"bus","arr":["711"],"angle":67,"mi":4}},{"type":"Feature","geometry":{"type":"Point","coordinates":[25.734677,45.602836]},"properties":{"lines":"711","color":"#0059a9","mode":"bus","arr":["711"],"angle":3.6,"mi":1}},{"type":"Feature","geometry":{"type":"Point","coordinates":[25.732371,45.607995]},"properties":{"lines":"711","color":"#0059a9","mode":"bus","arr":["711"],"angle":70.5,"extra":1,"ei":0}},{"type":"Feature","geometry":{"type":"Point","coordinates":[25.734321,45.604535]},"properties":{"lines":"711","color":"#0059a9","mode":"bus","arr":["711"],"angle":82.3,"extra":1,"ei":1}},{"type":"Feature","geometry":{"type":"Point","coordinates":[25.581732,45.533748]},"properties":{"lines":"810","color":"#0059a9","mode":"bus","arr":["810"],"angle":-42.1}},{"type":"Feature","geometry":{"type":"Point","coordinates":[25.562588,45.466053]},"properties":{"lines":"810","color":"#0059a9","mode":"bus","arr":["810"],"angle":37.1}},{"type":"Feature","geometry":{"type":"Point","coordinates":[25.564117,45.463841]},"properties":{"lines":"810","color":"#0059a9","mode":"bus","arr":["810"],"angle":77.6,"extra":1,"ei":0}},{"type":"Feature","geometry":{"type":"Point","coordinates":[25.561085,45.466756]},"properties":{"lines":"810","color":"#0059a9","mode":"bus","arr":["810"],"angle":51.8,"extra":1,"ei":1}},{"type":"Feature","geometry":{"type":"Point","coordinates":[25.560701,45.468585]},"properties":{"lines":"810","color":"#0059a9","mode":"bus","arr":["810"],"angle":-89.9,"extra":1,"ei":2}},{"type":"Feature","geometry":{"type":"Point","coordinates":[25.572366,45.513414]},"properties":{"lines":"810","color":"#0059a9","mode":"bus","arr":["810"],"angle":30.8,"extra":1,"ei":0}},{"type":"Feature","geometry":{"type":"Point","coordinates":[25.574427,45.512214]},"properties":{"lines":"810","color":"#0059a9","mode":"bus","arr":["810"],"angle":30.1,"extra":1,"ei":1}},{"type":"Feature","geometry":{"type":"Point","coordinates":[25.576602,45.511114]},"properties":{"lines":"810","color":"#0059a9","mode":"bus","arr":["810"],"angle":7,"extra":1,"ei":2}},{"type":"Feature","geometry":{"type":"Point","coordinates":[25.577695,45.512633]},"properties":{"lines":"810","color":"#0059a9","mode":"bus","arr":["810"],"angle":-67.9,"extra":1,"ei":3}},{"type":"Feature","geometry":{"type":"Point","coordinates":[25.578477,45.514421]},"properties":{"lines":"810","color":"#0059a9","mode":"bus","arr":["810"],"angle":-86.5,"extra":1,"ei":4}},{"type":"Feature","geometry":{"type":"Point","coordinates":[25.578267,45.516301]},"properties":{"lines":"810","color":"#0059a9","mode":"bus","arr":["810"],"angle":78.2,"extra":1,"ei":5}},{"type":"Feature","geometry":{"type":"Point","coordinates":[25.576652,45.5176]},"properties":{"lines":"810","color":"#0059a9","mode":"bus","arr":["810"],"angle":-76.8,"extra":1,"ei":6}},{"type":"Feature","geometry":{"type":"Point","coordinates":[25.578997,45.517784]},"properties":{"lines":"810","color":"#0059a9","mode":"bus","arr":["810"],"angle":38.3,"extra":1,"ei":7}},{"type":"Feature","geometry":{"type":"Point","coordinates":[25.575821,45.518964]},"properties":{"lines":"810","color":"#0059a9","mode":"bus","arr":["810"],"angle":-23.1,"extra":1,"ei":8}},{"type":"Feature","geometry":{"type":"Point","coordinates":[25.575574,45.520502]},"properties":{"lines":"810","color":"#0059a9","mode":"bus","arr":["810"],"angle":-7.1,"extra":1,"ei":9}},{"type":"Feature","geometry":{"type":"Point","coordinates":[25.573979,45.51912]},"properties":{"lines":"810","color":"#0059a9","mode":"bus","arr":["810"],"angle":-67.7,"extra":1,"ei":10}},{"type":"Feature","geometry":{"type":"Point","coordinates":[25.573819,45.521513]},"properties":{"lines":"810","color":"#0059a9","mode":"bus","arr":["810"],"angle":-58.9,"extra":1,"ei":11}},{"type":"Feature","geometry":{"type":"Point","coordinates":[25.573209,45.523026]},"properties":{"lines":"810","color":"#0059a9","mode":"bus","arr":["810"],"angle":21.2,"extra":1,"ei":12}},{"type":"Feature","geometry":{"type":"Point","coordinates":[25.570702,45.523692]},"properties":{"lines":"810","color":"#0059a9","mode":"bus","arr":["810"],"angle":51.7,"extra":1,"ei":13}},{"type":"Feature","geometry":{"type":"Point","coordinates":[25.572447,45.524493]},"properties":{"lines":"810","color":"#0059a9","mode":"bus","arr":["810"],"angle":-15.2,"extra":1,"ei":14}},{"type":"Feature","geometry":{"type":"Point","coordinates":[25.574772,45.525441]},"properties":{"lines":"810","color":"#0059a9","mode":"bus","arr":["810"],"angle":-33.9,"extra":1,"ei":15}},{"type":"Feature","geometry":{"type":"Point","coordinates":[25.576489,45.526849]},"properties":{"lines":"810","color":"#0059a9","mode":"bus","arr":["810"],"angle":-67.3,"extra":1,"ei":16}},{"type":"Feature","geometry":{"type":"Point","coordinates":[25.577329,45.528629]},"properties":{"lines":"810","color":"#0059a9","mode":"bus","arr":["810"],"angle":-87.6,"extra":1,"ei":17}},{"type":"Feature","geometry":{"type":"Point","coordinates":[25.577978,45.530447]},"properties":{"lines":"810","color":"#0059a9","mode":"bus","arr":["810"],"angle":-68,"extra":1,"ei":18}},{"type":"Feature","geometry":{"type":"Point","coordinates":[25.579297,45.532053]},"properties":{"lines":"810","color":"#0059a9","mode":"bus","arr":["810"],"angle":-34.4,"extra":1,"ei":19}},{"type":"Feature","geometry":{"type":"Point","coordinates":[25.583307,45.534514]},"properties":{"lines":"810","color":"#0059a9","mode":"bus","arr":["810"],"angle":-32.9,"extra":1,"ei":20}},{"type":"Feature","geometry":{"type":"Point","coordinates":[25.58511,45.535883]},"properties":{"lines":"810","color":"#0059a9","mode":"bus","arr":["810"],"angle":-58.1,"extra":1,"ei":21}},{"type":"Feature","geometry":{"type":"Point","coordinates":[25.586944,45.537248]},"properties":{"lines":"810","color":"#0059a9","mode":"bus","arr":["810"],"angle":-29.7,"extra":1,"ei":22}},{"type":"Feature","geometry":{"type":"Point","coordinates":[25.588395,45.538669]},"properties":{"lines":"810","color":"#0059a9","mode":"bus","arr":["810"],"angle":-86.3,"extra":1,"ei":23}},{"type":"Feature","geometry":{"type":"Point","coordinates":[25.588707,45.54052]},"properties":{"lines":"810","color":"#0059a9","mode":"bus","arr":["810"],"angle":75.7,"extra":1,"ei":24}},{"type":"Feature","geometry":{"type":"Point","coordinates":[25.588355,45.542356]},"properties":{"lines":"810","color":"#0059a9","mode":"bus","arr":["810"],"angle":-74.4,"extra":1,"ei":25}},{"type":"Feature","geometry":{"type":"Point","coordinates":[25.588761,45.544209]},"properties":{"lines":"810","color":"#0059a9","mode":"bus","arr":["810"],"angle":-89.4,"extra":1,"ei":26}},{"type":"Feature","geometry":{"type":"Point","coordinates":[25.588795,45.546097]},"properties":{"lines":"810","color":"#0059a9","mode":"bus","arr":["810"],"angle":-88.7,"extra":1,"ei":27}},{"type":"Feature","geometry":{"type":"Point","coordinates":[25.588871,45.547985]},"properties":{"lines":"810","color":"#0059a9","mode":"bus","arr":["810"],"angle":-88.1,"extra":1,"ei":28}},{"type":"Feature","geometry":{"type":"Point","coordinates":[25.588677,45.549857]},"properties":{"lines":"810","color":"#0059a9","mode":"bus","arr":["810"],"angle":74.9,"extra":1,"ei":29}},{"type":"Feature","geometry":{"type":"Point","coordinates":[25.589034,45.551568]},"properties":{"lines":"810","color":"#0059a9","mode":"bus","arr":["810"],"angle":-41.4,"extra":1,"ei":30}},{"type":"Feature","geometry":{"type":"Point","coordinates":[25.590656,45.553049]},"properties":{"lines":"810","color":"#0059a9","mode":"bus","arr":["810"],"angle":-65,"extra":1,"ei":31}},{"type":"Feature","geometry":{"type":"Point","coordinates":[25.5916,45.554818]},"properties":{"lines":"810","color":"#0059a9","mode":"bus","arr":["810"],"angle":-65.2,"extra":1,"ei":32}},{"type":"Feature","geometry":{"type":"Point","coordinates":[25.593437,45.556185]},"properties":{"lines":"810","color":"#0059a9","mode":"bus","arr":["810"],"angle":-50.1,"extra":1,"ei":33}},{"type":"Feature","geometry":{"type":"Point","coordinates":[25.595048,45.557701]},"properties":{"lines":"810","color":"#0059a9","mode":"bus","arr":["810"],"angle":-51.5,"extra":1,"ei":34}},{"type":"Feature","geometry":{"type":"Point","coordinates":[25.597038,45.558973]},"properties":{"lines":"810","color":"#0059a9","mode":"bus","arr":["810"],"angle":-43.2,"extra":1,"ei":35}},{"type":"Feature","geometry":{"type":"Point","coordinates":[25.598802,45.560396]},"properties":{"lines":"810","color":"#0059a9","mode":"bus","arr":["810"],"angle":-63.1,"extra":1,"ei":36}},{"type":"Feature","geometry":{"type":"Point","coordinates":[25.600219,45.561977]},"properties":{"lines":"810","color":"#0059a9","mode":"bus","arr":["810"],"angle":-45.8,"extra":1,"ei":37}},{"type":"Feature","geometry":{"type":"Point","coordinates":[25.602331,45.563141]},"properties":{"lines":"810","color":"#0059a9","mode":"bus","arr":["810"],"angle":-35.3,"extra":1,"ei":38}},{"type":"Feature","geometry":{"type":"Point","coordinates":[25.603979,45.564599]},"properties":{"lines":"810","color":"#0059a9","mode":"bus","arr":["810"],"angle":-62.7,"extra":1,"ei":39}},{"type":"Feature","geometry":{"type":"Point","coordinates":[25.605893,45.565885]},"properties":{"lines":"810","color":"#0059a9","mode":"bus","arr":["810"],"angle":-43,"extra":1,"ei":40}},{"type":"Feature","geometry":{"type":"Point","coordinates":[25.607649,45.567316]},"properties":{"lines":"810","color":"#0059a9","mode":"bus","arr":["810"],"angle":-61.3,"extra":1,"ei":41}},{"type":"Feature","geometry":{"type":"Point","coordinates":[25.608494,45.569105]},"properties":{"lines":"810","color":"#0059a9","mode":"bus","arr":["810"],"angle":-74.6,"extra":1,"ei":42}},{"type":"Feature","geometry":{"type":"Point","coordinates":[25.609291,45.570907]},"properties":{"lines":"810","color":"#0059a9","mode":"bus","arr":["810"],"angle":-63.5,"extra":1,"ei":43}},{"type":"Feature","geometry":{"type":"Point","coordinates":[25.611305,45.572073]},"properties":{"lines":"810","color":"#0059a9","mode":"bus","arr":["810"],"angle":-17.6,"extra":1,"ei":44}},{"type":"Feature","geometry":{"type":"Point","coordinates":[25.613379,45.573223]},"properties":{"lines":"810","color":"#0059a9","mode":"bus","arr":["810"],"angle":-47,"extra":1,"ei":45}},{"type":"Feature","geometry":{"type":"Point","coordinates":[25.564402,45.477946]},"properties":{"lines":"810","color":"#0059a9","mode":"bus","arr":["810"],"angle":-83.1}},{"type":"Feature","geometry":{"type":"Point","coordinates":[25.56103,45.46977]},"properties":{"lines":"810","color":"#0059a9","mode":"bus","arr":["810"],"angle":-61.8,"extra":1,"ei":0}},{"type":"Feature","geometry":{"type":"Point","coordinates":[25.562143,45.471484]},"properties":{"lines":"810","color":"#0059a9","mode":"bus","arr":["810"],"angle":-76.4,"extra":1,"ei":1}},{"type":"Feature","geometry":{"type":"Point","coordinates":[25.562459,45.473359]},"properties":{"lines":"810","color":"#0059a9","mode":"bus","arr":["810"],"angle":-83.9,"extra":1,"ei":2}},{"type":"Feature","geometry":{"type":"Point","coordinates":[25.563183,45.475161]},"properties":{"lines":"810","color":"#0059a9","mode":"bus","arr":["810"],"angle":-64.1,"extra":1,"ei":3}},{"type":"Feature","geometry":{"type":"Point","coordinates":[25.565339,45.480599]},"properties":{"lines":"810","color":"#0059a9","mode":"bus","arr":["810"],"angle":-72.6,"extra":1,"ei":4}},{"type":"Feature","geometry":{"type":"Point","coordinates":[25.565758,45.482453]},"properties":{"lines":"810","color":"#0059a9","mode":"bus","arr":["810"],"angle":88.1,"extra":1,"ei":5}},{"type":"Feature","geometry":{"type":"Point","coordinates":[25.565545,45.484334]},"properties":{"lines":"810","color":"#0059a9","mode":"bus","arr":["810"],"angle":75.6,"extra":1,"ei":6}},{"type":"Feature","geometry":{"type":"Point","coordinates":[25.564903,45.486107]},"properties":{"lines":"810","color":"#0059a9","mode":"bus","arr":["810"],"angle":-71,"extra":1,"ei":7}},{"type":"Feature","geometry":{"type":"Point","coordinates":[25.573881,45.499852]},"properties":{"lines":"810","color":"#0059a9","mode":"bus","arr":["810"],"angle":-71.4,"mi":2}},{"type":"Feature","geometry":{"type":"Point","coordinates":[25.566324,45.487923]},"properties":{"lines":"810","color":"#0059a9","mode":"bus","arr":["810"],"angle":-60.2,"extra":1,"ei":0}},{"type":"Feature","geometry":{"type":"Point","coordinates":[25.567695,45.48955]},"properties":{"lines":"810","color":"#0059a9","mode":"bus","arr":["810"],"angle":-59.1,"extra":1,"ei":1}},{"type":"Feature","geometry":{"type":"Point","coordinates":[25.569076,45.491173]},"properties":{"lines":"810","color":"#0059a9","mode":"bus","arr":["810"],"angle":-59.5,"extra":1,"ei":2}},{"type":"Feature","geometry":{"type":"Point","coordinates":[25.570393,45.492822]},"properties":{"lines":"810","color":"#0059a9","mode":"bus","arr":["810"],"angle":-63.6,"extra":1,"ei":3}},{"type":"Feature","geometry":{"type":"Point","coordinates":[25.571418,45.494563]},"properties":{"lines":"810","color":"#0059a9","mode":"bus","arr":["810"],"angle":-77.5,"extra":1,"ei":4}},{"type":"Feature","geometry":{"type":"Point","coordinates":[25.571879,45.496424]},"properties":{"lines":"810","color":"#0059a9","mode":"bus","arr":["810"],"angle":-80.1,"extra":1,"ei":5}},{"type":"Feature","geometry":{"type":"Point","coordinates":[25.572902,45.498154]},"properties":{"lines":"810","color":"#0059a9","mode":"bus","arr":["810"],"angle":-66.3,"extra":1,"ei":6}},{"type":"Feature","geometry":{"type":"Point","coordinates":[25.574084,45.501778]},"properties":{"lines":"810","color":"#0059a9","mode":"bus","arr":["810"],"angle":86.3,"extra":1,"ei":7}},{"type":"Feature","geometry":{"type":"Point","coordinates":[25.573924,45.503663]},"properties":{"lines":"810","color":"#0059a9","mode":"bus","arr":["810"],"angle":89.2,"extra":1,"ei":8}},{"type":"Feature","geometry":{"type":"Point","coordinates":[25.574303,45.505528]},"properties":{"lines":"810","color":"#0059a9","mode":"bus","arr":["810"],"angle":-77.5,"extra":1,"ei":9}},{"type":"Feature","geometry":{"type":"Point","coordinates":[25.574275,45.507396]},"properties":{"lines":"810","color":"#0059a9","mode":"bus","arr":["810"],"angle":80.3,"extra":1,"ei":10}},{"type":"Feature","geometry":{"type":"Point","coordinates":[25.573818,45.509257]},"properties":{"lines":"810","color":"#0059a9","mode":"bus","arr":["810"],"angle":80.3,"extra":1,"ei":11}},{"type":"Feature","geometry":{"type":"Point","coordinates":[25.573371,45.51112]},"properties":{"lines":"810","color":"#0059a9","mode":"bus","arr":["810"],"angle":80.6,"extra":1,"ei":12}},{"type":"Feature","geometry":{"type":"Point","coordinates":[25.572059,45.512714]},"properties":{"lines":"810","color":"#0059a9","mode":"bus","arr":["810"],"angle":46.3,"extra":1,"ei":13}},{"type":"Feature","geometry":{"type":"Point","coordinates":[25.574753,45.505891]},"properties":{"lines":"810","color":"#0059a9","mode":"bus","arr":["810"],"angle":11.2,"mi":1}},{"type":"Feature","geometry":{"type":"Point","coordinates":[25.52634,45.692143]},"properties":{"lines":"A1","color":"#0059a9","mode":"bus","arr":["A1"],"angle":36.4,"mi":2}},{"type":"Feature","geometry":{"type":"Point","coordinates":[25.519671,45.695071]},"properties":{"lines":"A1","color":"#0059a9","mode":"bus","arr":["A1"],"angle":-53.6,"mi":4}},{"type":"Feature","geometry":{"type":"Point","coordinates":[25.531693,45.689591]},"properties":{"lines":"A1","color":"#0059a9","mode":"bus","arr":["A1"],"angle":15.9,"extra":1,"ei":0}},{"type":"Feature","geometry":{"type":"Point","coordinates":[25.5294,45.690565]},"properties":{"lines":"A1","color":"#0059a9","mode":"bus","arr":["A1"],"angle":36.4,"extra":1,"ei":1}},{"type":"Feature","geometry":{"type":"Point","coordinates":[25.522877,45.693927]},"properties":{"lines":"A1","color":"#0059a9","mode":"bus","arr":["A1"],"angle":36.4,"extra":1,"ei":2}},{"type":"Feature","geometry":{"type":"Point","coordinates":[25.517678,45.693408]},"properties":{"lines":"A1","color":"#0059a9","mode":"bus","arr":["A1"],"angle":10.9,"extra":1,"ei":0}},{"type":"Feature","geometry":{"type":"Point","coordinates":[25.533146,45.688811]},"properties":{"lines":"A1","color":"#0059a9","mode":"bus","arr":["A1"],"angle":80.5}},{"type":"Feature","geometry":{"type":"Point","coordinates":[25.537084,45.685611]},"properties":{"lines":"A1","color":"#0059a9","mode":"bus","arr":["A1"],"angle":41.9,"mi":3}},{"type":"Feature","geometry":{"type":"Point","coordinates":[25.534253,45.687389]},"properties":{"lines":"A1","color":"#0059a9","mode":"bus","arr":["A1"],"angle":42.5,"extra":1,"ei":0}},{"type":"Feature","geometry":{"type":"Point","coordinates":[25.540673,45.685202]},"properties":{"lines":"A1","color":"#0059a9","mode":"bus","arr":["A1"],"angle":-40.4,"extra":1,"ei":1}},{"type":"Feature","geometry":{"type":"Point","coordinates":[25.569821,45.659989]},"properties":{"lines":"A1, TE10","color":"#0059a9","mode":"bus","arr":["A1","TE10"],"angle":-43}},{"type":"Feature","geometry":{"type":"Point","coordinates":[25.53349,45.687957]},"properties":{"lines":"A1","color":"#0059a9","mode":"bus","arr":["A1"],"angle":59.4,"mi":1}},{"type":"Feature","geometry":{"type":"Point","coordinates":[25.587825,45.645643]},"properties":{"lines":"TE1, TE2, TE3, TE4, TE5, TE6, TE7, TE8, TE9, TE10, TE11, TE12, TE13, TE14","color":"#0059a9","mode":"bus","arr":["TE1","TE2","TE3","TE4","TE5","TE6","TE7","TE8","TE9","TE10","TE11","TE12","TE13","TE14"],"angle":29.9,"side":-1}},{"type":"Feature","geometry":{"type":"Point","coordinates":[25.602451,45.675367]},"properties":{"lines":"TE8","color":"#0059a9","mode":"bus","arr":["TE8"],"angle":6.3}},{"type":"Feature","geometry":{"type":"Point","coordinates":[25.600692,45.675503]},"properties":{"lines":"TE8","color":"#0059a9","mode":"bus","arr":["TE8"],"angle":6.3,"extra":1,"ei":0}},{"type":"Feature","geometry":{"type":"Point","coordinates":[25.600051,45.67445]},"properties":{"lines":"TE8","color":"#0059a9","mode":"bus","arr":["TE8"],"angle":-84.3,"mi":1}},{"type":"Feature","geometry":{"type":"Point","coordinates":[25.565046,45.660335]},"properties":{"lines":"TE11, TE12","color":"#0059a9","mode":"bus","arr":["TE11","TE12"],"angle":7.8,"mi":1}},{"type":"Feature","geometry":{"type":"Point","coordinates":[25.563054,45.660432]},"properties":{"lines":"TE11, TE12","color":"#0059a9","mode":"bus","arr":["TE11","TE12"],"angle":-9.1,"extra":1,"ei":0}},{"type":"Feature","geometry":{"type":"Point","coordinates":[25.570832,45.660599]},"properties":{"lines":"TE11, TE12","color":"#0059a9","mode":"bus","arr":["TE11","TE12"],"angle":-20.8}},{"type":"Feature","geometry":{"type":"Point","coordinates":[25.570661,45.707344]},"properties":{"lines":"TE13","color":"#0059a9","mode":"bus","arr":["TE13"],"angle":58.1}},{"type":"Feature","geometry":{"type":"Point","coordinates":[25.569707,45.708415]},"properties":{"lines":"TE13","color":"#0059a9","mode":"bus","arr":["TE13"],"angle":63.6,"extra":1,"ei":0}},{"type":"Feature","geometry":{"type":"Point","coordinates":[25.579832,45.666909]},"properties":{"lines":"TE13","color":"#0059a9","mode":"bus","arr":["TE13"],"angle":74.8,"mi":3}},{"type":"Feature","geometry":{"type":"Point","coordinates":[25.580699,45.667589]},"properties":{"lines":"TE13","color":"#0059a9","mode":"bus","arr":["TE13"],"angle":-14.4,"mi":2}},{"type":"Feature","geometry":{"type":"Point","coordinates":[25.582047,45.667552]},"properties":{"lines":"TE13","color":"#0059a9","mode":"bus","arr":["TE13"],"angle":56.6}},{"type":"Feature","geometry":{"type":"Point","coordinates":[25.586336,45.668149]},"properties":{"lines":"TE13","color":"#0059a9","mode":"bus","arr":["TE13"],"angle":-17.6,"mi":1}},{"type":"Feature","geometry":{"type":"Point","coordinates":[25.583565,45.667585]},"properties":{"lines":"TE13","color":"#0059a9","mode":"bus","arr":["TE13"],"angle":-16.9,"extra":1,"ei":0}},{"type":"Feature","geometry":{"type":"Point","coordinates":[25.588733,45.668686]},"properties":{"lines":"TE13","color":"#0059a9","mode":"bus","arr":["TE13"],"angle":-17.2,"extra":1,"ei":1}},{"type":"Feature","geometry":{"type":"Point","coordinates":[25.590764,45.669101]},"properties":{"lines":"TE13","color":"#0059a9","mode":"bus","arr":["TE13"],"angle":7.7,"side":-1,"mi":4}}]}