{"type":"FeatureCollection","features":[{"type":"Feature","geometry":{"type":"Point","coordinates":[25.58857,45.645734]},"properties":{"name":"Livada Poștei","lines":"1, 2B, 6, 36","arr":["1","2B","6","36"],"terminus":1,"mode":"bus","color":"#0059a9","colorDark":"#00294f","angle":161.9,"snapDist":4,"label":1}},{"type":"Feature","geometry":{"type":"Point","coordinates":[25.598183,45.645342]},"properties":{"name":"Teatrul Dramatic","lines":"1, 2, 2B, 4, 5, 6, 16, 17, 31, 34, 34B, 36, 41, TE16","arr":["1","2","2B","4","5","6","16","17","31","34","34B","36","41","TE16"],"terminus":0,"mode":"bus","color":"#0059a9","colorDark":"#00294f","angle":161,"snapDist":6,"label":1}},{"type":"Feature","geometry":{"type":"Point","coordinates":[25.605127,45.648648]},"properties":{"name":"Patria","lines":"1, 3, 4, 5, 6, 7, 17, 22, 31, 34, 34B, 50, 52","arr":["1","3","4","5","6","7","17","22","31","34","34B","50","52"],"terminus":0,"mode":"bus","color":"#0059a9","colorDark":"#00294f","angle":140.4,"snapDist":10,"label":1}},{"type":"Feature","geometry":{"type":"Point","coordinates":[25.609675,45.651169]},"properties":{"name":"Hidro A","lines":"1, 3, 4, 5, 6, 7, 10, 17, 22, 31, 32, 34, 34B, 35, 37, 52, 53, 54, A1","arr":["1","3","4","5","6","7","10","17","22","31","32","34","34B","35","37","52","53","54","A1"],"terminus":1,"mode":"bus","color":"#0059a9","colorDark":"#00294f","angle":150.7,"snapDist":12,"label":1}},{"type":"Feature","geometry":{"type":"Point","coordinates":[25.615588,45.652532]},"properties":{"name":"Toamnei","lines":"1, 3, 5, 7, 10, 17, 22, 31, 32, 34, 34B, 35, 53, 54","arr":["1","3","5","7","10","17","22","31","32","34","34B","35","53","54"],"terminus":0,"mode":"bus","color":"#0059a9","colorDark":"#00294f","angle":71.1,"snapDist":15,"label":1}},{"type":"Feature","geometry":{"type":"Point","coordinates":[25.615463,45.654544]},"properties":{"name":"Toamnei(CEC)","lines":"1, 10","arr":["1","10"],"terminus":0,"mode":"bus","color":"#149a3f","colorDark":"#0a5121","angle":141.2,"snapDist":9,"label":1}},{"type":"Feature","geometry":{"type":"Point","coordinates":[25.618949,45.656654]},"properties":{"name":"IUS","lines":"1, 10","arr":["1","10"],"terminus":0,"mode":"bus","color":"#149a3f","colorDark":"#0a5121","angle":137.5,"snapDist":11,"label":1}},{"type":"Feature","geometry":{"type":"Point","coordinates":[25.622822,45.659021]},"properties":{"name":"Vlahuță","lines":"1, 10, 21, 23B, 37, 54, 511, 520, 540","arr":["1","10","21","23B","37","54","511","520","540"],"terminus":0,"mode":"bus","color":"#0059a9","colorDark":"#00294f","angle":137.8,"snapDist":8,"label":1}},{"type":"Feature","geometry":{"type":"Point","coordinates":[25.630432,45.663626]},"properties":{"name":"Autogara 3","lines":"1, 10, 21, 23B, 54, 511, 520, 540","arr":["1","10","21","23B","54","511","520","540"],"terminus":0,"mode":"bus","color":"#0059a9","colorDark":"#00294f","angle":144,"snapDist":16,"label":1}},{"type":"Feature","geometry":{"type":"Point","coordinates":[25.638601,45.669636]},"properties":{"name":"RAT Brașov","lines":"1, 10, 15, 21, 23B, 511, 520, 540","arr":["1","10","15","21","23B","511","520","540"],"terminus":0,"mode":"bus","color":"#0059a9","colorDark":"#00294f","angle":140.5,"snapDist":10,"label":1}},{"type":"Feature","geometry":{"type":"Point","coordinates":[25.647414,45.675543]},"properties":{"name":"Triaj","lines":"1, 10","arr":["1","10"],"terminus":1,"mode":"bus","color":"#149a3f","colorDark":"#0a5121","angle":274.1,"snapDist":3,"label":1}},{"type":"Feature","geometry":{"type":"Point","coordinates":[25.638528,45.669594]},"properties":{"name":"RAT Brașov","lines":"1, 10, 15, 21, 23B, 511, 520, 540","arr":["1","10","15","21","23B","511","520","540"],"terminus":0,"mode":"bus","color":"#0059a9","colorDark":"#00294f","angle":320.5,"snapDist":14,"label":0}},{"type":"Feature","geometry":{"type":"Point","coordinates":[25.629519,45.663167]},"properties":{"name":"Autogara 3","lines":"1, 10, 21, 23B, 37, 54, 511, 520, 540, TE5, TE6","arr":["1","10","21","23B","37","54","511","520","540","TE5","TE6"],"terminus":0,"mode":"bus","color":"#0059a9","colorDark":"#00294f","angle":323.5,"snapDist":12,"label":0}},{"type":"Feature","geometry":{"type":"Point","coordinates":[25.620929,45.657974]},"properties":{"name":"Vlahuță","lines":"1, 10, TE5","arr":["1","10","TE5"],"terminus":0,"mode":"bus","color":"#0059a9","colorDark":"#00294f","angle":316.2,"snapDist":10,"label":0}},{"type":"Feature","geometry":{"type":"Point","coordinates":[25.618518,45.65638]},"properties":{"name":"IUS","lines":"1, 10","arr":["1","10"],"terminus":0,"mode":"bus","color":"#149a3f","colorDark":"#0a5121","angle":319.2,"snapDist":13,"label":0}},{"type":"Feature","geometry":{"type":"Point","coordinates":[25.615364,45.654609]},"properties":{"name":"CEC","lines":"1, 10","arr":["1","10"],"terminus":0,"mode":"bus","color":"#149a3f","colorDark":"#0a5121","angle":323.4,"snapDist":7,"label":1}},{"type":"Feature","geometry":{"type":"Point","coordinates":[25.611421,45.654244]},"properties":{"name":"Liceul Meșotă","lines":"1, 3, 4, 5, 6, 7, 10, 17, 22, 31, 32, 34, 34B, 35, 37, 52, 53, 54, TE1, TE2, TE3, TE4, TE5, TE6, TE14","arr":["1","3","4","5","6","7","10","17","22","31","32","34","34B","35","37","52","53","54","TE1","TE2","TE3","TE4","TE5","TE6","TE14"],"terminus":0,"mode":"bus","color":"#0059a9","colorDark":"#00294f","angle":5.9,"snapDist":17,"label":1}},{"type":"Feature","geometry":{"type":"Point","coordinates":[25.608243,45.650986]},"properties":{"name":"Camera de Comerț","lines":"1, 4, 5, 6, 17, 31, 34, 34B, 50, A1","arr":["1","4","5","6","17","31","34","34B","50","A1"],"terminus":1,"mode":"bus","color":"#0059a9","colorDark":"#00294f","angle":344.5,"snapDist":3,"label":1}},{"type":"Feature","geometry":{"type":"Point","coordinates":[25.600569,45.64924]},"properties":{"name":"Sanitas","lines":"1, 2, 2B, 4, 5, 6, 16, 17, 22, 31, 34, 34B, 36, 50, 52, TE1, TE2, TE3, TE4, TE5, TE6, TE7, TE8, TE9, TE13, TE14","arr":["1","2","2B","4","5","6","16","17","22","31","34","34B","36","50","52","TE1","TE2","TE3","TE4","TE5","TE6","TE7","TE8","TE9","TE13","TE14"],"terminus":0,"mode":"bus","color":"#0059a9","colorDark":"#00294f","angle":336.2,"snapDist":10,"label":1}},{"type":"Feature","geometry":{"type":"Point","coordinates":[25.596103,45.646473]},"properties":{"name":"Primărie","lines":"1, 2, 2B, 4, 5, 6, 16, 17, 31, 34, 34B, 36, 41, 50, 52, TE1, TE2, TE3, TE4, TE5, TE6, TE7, TE8, TE9, TE13, TE14","arr":["1","2","2B","4","5","6","16","17","31","34","34B","36","41","50","52","TE1","TE2","TE3","TE4","TE5","TE6","TE7","TE8","TE9","TE13","TE14"],"terminus":0,"mode":"bus","color":"#0059a9","colorDark":"#00294f","angle":349.4,"snapDist":9,"label":1}},{"type":"Feature","geometry":{"type":"Point","coordinates":[25.588916,45.645684]},"properties":{"name":"Livada Poștei","lines":"2, 31, 34, 34B","arr":["2","31","34","34B"],"terminus":1,"mode":"bus","color":"#0059a9","colorDark":"#00294f","angle":161.5,"snapDist":4,"label":0}},{"type":"Feature","geometry":{"type":"Point","coordinates":[25.604115,45.649213]},"properties":{"name":"Castanilor","lines":"2, 2B, 16, 36, TE16","arr":["2","2B","16","36","TE16"],"terminus":0,"mode":"bus","color":"#0059a9","colorDark":"#00294f","angle":68.8,"snapDist":9,"label":1}},{"type":"Feature","geometry":{"type":"Point","coordinates":[25.605201,45.654016]},"properties":{"name":"Onix","lines":"2, 2B, 7, 23B, 36","arr":["2","2B","7","23B","36"],"terminus":0,"mode":"bus","color":"#0059a9","colorDark":"#00294f","angle":92,"snapDist":8,"label":1}},{"type":"Feature","geometry":{"type":"Point","coordinates":[25.606164,45.656889]},"properties":{"name":"Mircea cel Bătrân","lines":"2, 2B, 7, 23B, 36","arr":["2","2B","7","23B","36"],"terminus":0,"mode":"bus","color":"#0059a9","colorDark":"#00294f","angle":103.4,"snapDist":10,"label":1}},{"type":"Feature","geometry":{"type":"Point","coordinates":[25.607672,45.660927]},"properties":{"name":"Făget","lines":"2, 2B, 7, 8, 29, 32, 36, 53","arr":["2","2B","7","8","29","32","36","53"],"terminus":0,"mode":"bus","color":"#0059a9","colorDark":"#00294f","angle":100.9,"snapDist":12,"label":1}},{"type":"Feature","geometry":{"type":"Point","coordinates":[25.609844,45.666849]},"properties":{"name":"Tractorul","lines":"2, 2B, 7, 8, 9, 15, 32","arr":["2","2B","7","8","9","15","32"],"terminus":0,"mode":"bus","color":"#0059a9","colorDark":"#00294f","angle":104.3,"snapDist":9,"label":1}},{"type":"Feature","geometry":{"type":"Point","coordinates":[25.610926,45.669738]},"properties":{"name":"Colegiul Nicolae Titulescu","lines":"2, 2B, 7, 8, 9, 15","arr":["2","2B","7","8","9","15"],"terminus":0,"mode":"bus","color":"#0059a9","colorDark":"#00294f","angle":104.5,"snapDist":9,"label":1}},{"type":"Feature","geometry":{"type":"Point","coordinates":[25.612077,45.672701]},"properties":{"name":"Coresi","lines":"2, 2B, 7, 8, 9","arr":["2","2B","7","8","9"],"terminus":0,"mode":"bus","color":"#0059a9","colorDark":"#00294f","angle":103.8,"snapDist":11,"label":1}},{"type":"Feature","geometry":{"type":"Point","coordinates":[25.613689,45.677695]},"properties":{"name":"Nicolae Labiș","lines":"2, 7, 8","arr":["2","7","8"],"terminus":0,"mode":"bus","color":"#149a3f","colorDark":"#0a5121","angle":104.2,"snapDist":10,"label":1}},{"type":"Feature","geometry":{"type":"Point","coordinates":[25.614877,45.682079]},"properties":{"name":"Rulmentul","lines":"2, 7, 8","arr":["2","7","8"],"terminus":1,"mode":"bus","color":"#149a3f","colorDark":"#0a5121","angle":226.9,"snapDist":8,"label":1}},{"type":"Feature","geometry":{"type":"Point","coordinates":[25.613498,45.677168]},"properties":{"name":"Nicolae Labiș","lines":"2, 7, 8, TE7","arr":["2","7","8","TE7"],"terminus":0,"mode":"bus","color":"#0059a9","colorDark":"#00294f","angle":284.2,"snapDist":13,"label":0}},{"type":"Feature","geometry":{"type":"Point","coordinates":[25.612314,45.67402]},"properties":{"name":"Ioan Ursu","lines":"2, 2B, 7, 8, 9, TE9","arr":["2","2B","7","8","9","TE9"],"terminus":0,"mode":"bus","color":"#0059a9","colorDark":"#00294f","angle":284.3,"snapDist":8,"label":1}},{"type":"Feature","geometry":{"type":"Point","coordinates":[25.611605,45.672079]},"properties":{"name":"Coresi","lines":"2, 2B, 7, 8, 9, TE7","arr":["2","2B","7","8","9","TE7"],"terminus":0,"mode":"bus","color":"#0059a9","colorDark":"#00294f","angle":284.3,"snapDist":8,"label":0}},{"type":"Feature","geometry":{"type":"Point","coordinates":[25.610311,45.668524]},"properties":{"name":"Colegiul Nicolae Titulescu","lines":"2, 2B, 7, 8, 9, 15, 32, TE7, TE9","arr":["2","2B","7","8","9","15","32","TE7","TE9"],"terminus":0,"mode":"bus","color":"#0059a9","colorDark":"#00294f","angle":266.8,"snapDist":10,"label":0}},{"type":"Feature","geometry":{"type":"Point","coordinates":[25.608914,45.664631]},"properties":{"name":"Biserica Tractorul","lines":"2, 2B, 7, 8, 29, 32, 36, 53, TE7, TE8, TE9","arr":["2","2B","7","8","29","32","36","53","TE7","TE8","TE9"],"terminus":0,"mode":"bus","color":"#0059a9","colorDark":"#00294f","angle":283.5,"snapDist":7,"label":1}},{"type":"Feature","geometry":{"type":"Point","coordinates":[25.60676,45.65876]},"properties":{"name":"Mircea cel Bătrân","lines":"2, 2B, 7, 23B, 36, TE7, TE8, TE9","arr":["2","2B","7","23B","36","TE7","TE8","TE9"],"terminus":0,"mode":"bus","color":"#0059a9","colorDark":"#00294f","angle":281.5,"snapDist":8,"label":0}},{"type":"Feature","geometry":{"type":"Point","coordinates":[25.604502,45.652347]},"properties":{"name":"Onix","lines":"2, 2B, 3, 7, 16, 22, 36, 52, TE7, TE8, TE9, TE13","arr":["2","2B","3","7","16","22","36","52","TE7","TE8","TE9","TE13"],"terminus":0,"mode":"bus","color":"#0059a9","colorDark":"#00294f","angle":276.4,"snapDist":11,"label":0}},{"type":"Feature","geometry":{"type":"Point","coordinates":[25.610494,45.674697]},"properties":{"name":"13 Decembrie","lines":"2B, 9","arr":["2B","9"],"terminus":0,"mode":"bus","color":"#0059a9","colorDark":"#00294f","angle":6.3,"snapDist":5,"label":1}},{"type":"Feature","geometry":{"type":"Point","coordinates":[25.60574,45.675078]},"properties":{"name":"Ioan Popasu 2","lines":"2B, 9","arr":["2B","9"],"terminus":0,"mode":"bus","color":"#0059a9","colorDark":"#00294f","angle":6.6,"snapDist":7,"label":1}},{"type":"Feature","geometry":{"type":"Point","coordinates":[25.606595,45.679408]},"properties":{"name":"Liviu Rebreanu","lines":"2B, 9","arr":["2B","9"],"terminus":0,"mode":"bus","color":"#0059a9","colorDark":"#00294f","angle":186.4,"snapDist":9,"label":1}},{"type":"Feature","geometry":{"type":"Point","coordinates":[25.612548,45.678968]},"properties":{"name":"Nicolae Labiș","lines":"2B, 9","arr":["2B","9"],"terminus":0,"mode":"bus","color":"#0059a9","colorDark":"#00294f","angle":185.8,"snapDist":5,"label":0}},{"type":"Feature","geometry":{"type":"Point","coordinates":[25.614898,45.682152]},"properties":{"name":"Rulmentul","lines":"2B","arr":["2B"],"terminus":1,"mode":"bus","color":"#0059a9","colorDark":"#00294f","angle":230,"snapDist":9,"label":0}},{"type":"Feature","geometry":{"type":"Point","coordinates":[25.613376,45.678909]},"properties":{"name":"Nicolae Labiș","lines":"2B, 9, TE8, TE9","arr":["2B","9","TE8","TE9"],"terminus":0,"mode":"bus","color":"#0059a9","colorDark":"#00294f","angle":5.8,"snapDist":7,"label":0}},{"type":"Feature","geometry":{"type":"Point","coordinates":[25.606875,45.679387]},"properties":{"name":"Liviu Rebreanu","lines":"2B, 9, TE8, TE9","arr":["2B","9","TE8","TE9"],"terminus":0,"mode":"bus","color":"#0059a9","colorDark":"#00294f","angle":6.4,"snapDist":5,"label":0}},{"type":"Feature","geometry":{"type":"Point","coordinates":[25.605439,45.675102]},"properties":{"name":"Ioan Popasu 2","lines":"2B, 9, TE9","arr":["2B","9","TE9"],"terminus":0,"mode":"bus","color":"#0059a9","colorDark":"#00294f","angle":186.6,"snapDist":6,"label":0}},{"type":"Feature","geometry":{"type":"Point","coordinates":[25.583929,45.664859]},"properties":{"name":"Stadionul Tineretului","lines":"3, 16, 23, 23B, 25","arr":["3","16","23","23B","25"],"terminus":1,"mode":"bus","color":"#0059a9","colorDark":"#00294f","angle":123.9,"snapDist":13,"label":1}},{"type":"Feature","geometry":{"type":"Point","coordinates":[25.588848,45.666174]},"properties":{"name":"Fartec","lines":"3, 16, 23, 23B, 25","arr":["3","16","23","23B","25"],"terminus":0,"mode":"bus","color":"#0059a9","colorDark":"#00294f","angle":162.4,"snapDist":8,"label":1}},{"type":"Feature","geometry":{"type":"Point","coordinates":[25.59324,45.662303]},"properties":{"name":"Academia Henri Coandă","lines":"3, 16, 23, 23B, 25","arr":["3","16","23","23B","25"],"terminus":0,"mode":"bus","color":"#0059a9","colorDark":"#00294f","angle":241.8,"snapDist":6,"label":1}},{"type":"Feature","geometry":{"type":"Point","coordinates":[25.595586,45.659464]},"properties":{"name":"Plevnei","lines":"3, 16, 23B, TE13","arr":["3","16","23B","TE13"],"terminus":0,"mode":"bus","color":"#0059a9","colorDark":"#00294f","angle":240.8,"snapDist":11,"label":0}},{"type":"Feature","geometry":{"type":"Point","coordinates":[25.60014,45.655954]},"properties":{"name":"Universitate","lines":"3, 16, 23B, TE13","arr":["3","16","23B","TE13"],"terminus":0,"mode":"bus","color":"#0059a9","colorDark":"#00294f","angle":225.2,"snapDist":12,"label":1}},{"type":"Feature","geometry":{"type":"Point","coordinates":[25.613931,45.651559]},"properties":{"name":"Hidro B","lines":"3, 5, 7, 10, 17, 31, 32, 35, 53","arr":["3","5","7","10","17","31","32","35","53"],"terminus":0,"mode":"bus","color":"#0059a9","colorDark":"#00294f","angle":192,"snapDist":14,"label":1}},{"type":"Feature","geometry":{"type":"Point","coordinates":[25.619353,45.647451]},"properties":{"name":"Spitalul Județean","lines":"3, 7, 10, 31, 32","arr":["3","7","10","31","32"],"terminus":0,"mode":"bus","color":"#0059a9","colorDark":"#00294f","angle":259.2,"snapDist":8,"label":1}},{"type":"Feature","geometry":{"type":"Point","coordinates":[25.618004,45.643501]},"properties":{"name":"Piața Decebal","lines":"3, 7, 10, 31, 32","arr":["3","7","10","31","32"],"terminus":0,"mode":"bus","color":"#0059a9","colorDark":"#00294f","angle":280.1,"snapDist":11,"label":1}},{"type":"Feature","geometry":{"type":"Point","coordinates":[25.614693,45.641761]},"properties":{"name":"Carpaților","lines":"3, 10, 31, 32","arr":["3","10","31","32"],"terminus":0,"mode":"bus","color":"#0059a9","colorDark":"#00294f","angle":326.6,"snapDist":11,"label":1}},{"type":"Feature","geometry":{"type":"Point","coordinates":[25.611593,45.639964]},"properties":{"name":"Muncii","lines":"3, 10, 31, 32","arr":["3","10","31","32"],"terminus":0,"mode":"bus","color":"#0059a9","colorDark":"#00294f","angle":316.5,"snapDist":4,"label":1}},{"type":"Feature","geometry":{"type":"Point","coordinates":[25.609682,45.637971]},"properties":{"name":"Liceul Hans Mattis Teutsch","lines":"3, 10, 31, 32, 33","arr":["3","10","31","32","33"],"terminus":0,"mode":"bus","color":"#0059a9","colorDark":"#00294f","angle":294.6,"snapDist":9,"label":1}},{"type":"Feature","geometry":{"type":"Point","coordinates":[25.606153,45.63408]},"properties":{"name":"Școala Generală 25","lines":"3, 10, 31, 32, 33","arr":["3","10","31","32","33"],"terminus":0,"mode":"bus","color":"#0059a9","colorDark":"#00294f","angle":295,"snapDist":13,"label":1}},{"type":"Feature","geometry":{"type":"Point","coordinates":[25.604761,45.632499]},"properties":{"name":"Fragilor","lines":"3, 10, 31, 32, 33","arr":["3","10","31","32","33"],"terminus":0,"mode":"bus","color":"#0059a9","colorDark":"#00294f","angle":320.6,"snapDist":14,"label":1}},{"type":"Feature","geometry":{"type":"Point","coordinates":[25.60126,45.630546]},"properties":{"name":"Valea Cetății","lines":"3, 10, 31, 32, 33","arr":["3","10","31","32","33"],"terminus":1,"mode":"bus","color":"#0059a9","colorDark":"#00294f","angle":320.6,"snapDist":4,"label":1}},{"type":"Feature","geometry":{"type":"Point","coordinates":[25.601657,45.630669]},"properties":{"name":"Valea Cetății","lines":"3, 10, 31, 32, 33, TE3","arr":["3","10","31","32","33","TE3"],"terminus":1,"mode":"bus","color":"#0059a9","colorDark":"#00294f","angle":129.1,"snapDist":9,"label":0}},{"type":"Feature","geometry":{"type":"Point","coordinates":[25.6055,45.633093]},"properties":{"name":"Fragilor","lines":"3, 10, 31, 32, 33, TE3","arr":["3","10","31","32","33","TE3"],"terminus":0,"mode":"bus","color":"#0059a9","colorDark":"#00294f","angle":120,"snapDist":15,"label":0}},{"type":"Feature","geometry":{"type":"Point","coordinates":[25.608503,45.636335]},"properties":{"name":"Liceul Hans Mattis Teutsch","lines":"3, 10, 31, 32, 33, TE3","arr":["3","10","31","32","33","TE3"],"terminus":0,"mode":"bus","color":"#0059a9","colorDark":"#00294f","angle":126.1,"snapDist":6,"label":0}},{"type":"Feature","geometry":{"type":"Point","coordinates":[25.610582,45.639165]},"properties":{"name":"Muncii","lines":"3, 10, 31, 32, TE3","arr":["3","10","31","32","TE3"],"terminus":0,"mode":"bus","color":"#0059a9","colorDark":"#00294f","angle":124.4,"snapDist":10,"label":0}},{"type":"Feature","geometry":{"type":"Point","coordinates":[25.615715,45.642064]},"properties":{"name":"Carpaților","lines":"3, 10, 31, 32, TE3","arr":["3","10","31","32","TE3"],"terminus":0,"mode":"bus","color":"#0059a9","colorDark":"#00294f","angle":162.2,"snapDist":11,"label":0}},{"type":"Feature","geometry":{"type":"Point","coordinates":[25.618172,45.644177]},"properties":{"name":"Piața Decebal","lines":"3, 7, 10, 31, 32, TE3","arr":["3","7","10","31","32","TE3"],"terminus":0,"mode":"bus","color":"#0059a9","colorDark":"#00294f","angle":99.4,"snapDist":10,"label":0}},{"type":"Feature","geometry":{"type":"Point","coordinates":[25.618645,45.648761]},"properties":{"name":"Spitalul Județean","lines":"3, 5, 7, 10, 17, 31, 32, 35, 53, TE3, TE14","arr":["3","5","7","10","17","31","32","35","53","TE3","TE14"],"terminus":0,"mode":"bus","color":"#0059a9","colorDark":"#00294f","angle":49.6,"snapDist":9,"label":0}},{"type":"Feature","geometry":{"type":"Point","coordinates":[25.604042,45.653374]},"properties":{"name":"Onix","lines":"3, 16, 23B, TE16","arr":["3","16","23B","TE16"],"terminus":0,"mode":"bus","color":"#0059a9","colorDark":"#00294f","angle":25.9,"snapDist":6,"label":0}},{"type":"Feature","geometry":{"type":"Point","coordinates":[25.5991,45.656665]},"properties":{"name":"Universitate","lines":"3, 16, 23B, TE16","arr":["3","16","23B","TE16"],"terminus":0,"mode":"bus","color":"#0059a9","colorDark":"#00294f","angle":43.7,"snapDist":10,"label":0}},{"type":"Feature","geometry":{"type":"Point","coordinates":[25.594535,45.660818]},"properties":{"name":"Plevnei","lines":"3, 16, 23, 23B, 25, 40, 42, 310, 320","arr":["3","16","23","23B","25","40","42","310","320"],"terminus":0,"mode":"bus","color":"#0059a9","colorDark":"#00294f","angle":59.6,"snapDist":10,"label":0}},{"type":"Feature","geometry":{"type":"Point","coordinates":[25.593962,45.664942]},"properties":{"name":"Tudor Vladimirescu","lines":"3, 16, 23, 23B, 25","arr":["3","16","23","23B","25"],"terminus":0,"mode":"bus","color":"#0059a9","colorDark":"#00294f","angle":133,"snapDist":7,"label":1}},{"type":"Feature","geometry":{"type":"Point","coordinates":[25.576586,45.633062]},"properties":{"name":"Tocile","lines":"4, 50, 52","arr":["4","50","52"],"terminus":1,"mode":"bus","color":"#0059a9","colorDark":"#00294f","angle":147.7,"snapDist":7,"label":1}},{"type":"Feature","geometry":{"type":"Point","coordinates":[25.580733,45.636245]},"properties":{"name":"Piața Unirii","lines":"4, 50, 52","arr":["4","50","52"],"terminus":0,"mode":"bus","color":"#0059a9","colorDark":"#00294f","angle":148,"snapDist":5,"label":1}},{"type":"Feature","geometry":{"type":"Point","coordinates":[25.58506,45.638399]},"properties":{"name":"Liceul Șaguna","lines":"4, 50, 52","arr":["4","50","52"],"terminus":0,"mode":"bus","color":"#0059a9","colorDark":"#00294f","angle":143.1,"snapDist":6,"label":1}},{"type":"Feature","geometry":{"type":"Point","coordinates":[25.588761,45.645706]},"properties":{"name":"Livada Poștei","lines":"4, 14, 17, A1","arr":["4","14","17","A1"],"terminus":1,"mode":"bus","color":"#0059a9","colorDark":"#00294f","angle":162.8,"snapDist":4,"label":0}},{"type":"Feature","geometry":{"type":"Point","coordinates":[25.612516,45.65508]},"properties":{"name":"Infostar","lines":"4, 32, 35, 37, 53, 54","arr":["4","32","35","37","53","54"],"terminus":0,"mode":"bus","color":"#0059a9","colorDark":"#00294f","angle":97.6,"snapDist":12,"label":1}},{"type":"Feature","geometry":{"type":"Point","coordinates":[25.613301,45.659169]},"properties":{"name":"Rapid","lines":"4, 32, 35, 37, 53, 54","arr":["4","32","35","37","53","54"],"terminus":0,"mode":"bus","color":"#0059a9","colorDark":"#00294f","angle":98.6,"snapDist":14,"label":1}},{"type":"Feature","geometry":{"type":"Point","coordinates":[25.612332,45.660917]},"properties":{"name":"Terminal Gară","lines":"4","arr":["4"],"terminus":1,"mode":"bus","color":"#0059a9","colorDark":"#00294f","angle":346.9,"snapDist":3,"label":1}},{"type":"Feature","geometry":{"type":"Point","coordinates":[25.612877,45.658042]},"properties":{"name":"Dacia","lines":"4, 32, 35, 37, 53, 54, TE6","arr":["4","32","35","37","53","54","TE6"],"terminus":0,"mode":"bus","color":"#0059a9","colorDark":"#00294f","angle":277.3,"snapDist":14,"label":1}},{"type":"Feature","geometry":{"type":"Point","coordinates":[25.612358,45.655272]},"properties":{"name":"Infostar","lines":"4, 32, 35, 37, 53, 54","arr":["4","32","35","37","53","54"],"terminus":0,"mode":"bus","color":"#0059a9","colorDark":"#00294f","angle":277,"snapDist":13,"label":0}},{"type":"Feature","geometry":{"type":"Point","coordinates":[25.588185,45.645789]},"properties":{"name":"Livada Poștei","lines":"4, 50, A1","arr":["4","50","A1"],"terminus":0,"mode":"bus","color":"#0059a9","colorDark":"#00294f","angle":167.5,"snapDist":3,"label":0}},{"type":"Feature","geometry":{"type":"Point","coordinates":[25.58567,45.640315]},"properties":{"name":"Biserica Neagră","lines":"4, 50, 52","arr":["4","50","52"],"terminus":0,"mode":"bus","color":"#0059a9","colorDark":"#00294f","angle":328.7,"snapDist":10,"label":1}},{"type":"Feature","geometry":{"type":"Point","coordinates":[25.582925,45.639148]},"properties":{"name":"Brâncoveanu","lines":"4, 50, 52","arr":["4","50","52"],"terminus":0,"mode":"bus","color":"#0059a9","colorDark":"#00294f","angle":328.5,"snapDist":4,"label":1}},{"type":"Feature","geometry":{"type":"Point","coordinates":[25.579292,45.636218]},"properties":{"name":"Piața Unirii","lines":"4, 50, 52","arr":["4","50","52"],"terminus":0,"mode":"bus","color":"#0059a9","colorDark":"#00294f","angle":240.7,"snapDist":7,"label":0}},{"type":"Feature","geometry":{"type":"Point","coordinates":[25.569942,45.659865]},"properties":{"name":"Stadionul Municipal","lines":"5, 23B","arr":["5","23B"],"terminus":1,"mode":"bus","color":"#0059a9","colorDark":"#00294f","angle":137.6,"snapDist":4,"label":1}},{"type":"Feature","geometry":{"type":"Point","coordinates":[25.578228,45.662837]},"properties":{"name":"Biserica Bartolomeu","lines":"5, 14, 24, 28, A1, TE10, TE11, TE12","arr":["5","14","24","28","A1","TE10","TE11","TE12"],"terminus":0,"mode":"bus","color":"#0059a9","colorDark":"#00294f","angle":247.4,"snapDist":13,"label":1}},{"type":"Feature","geometry":{"type":"Point","coordinates":[25.580741,45.658134]},"properties":{"name":"Carierei","lines":"5, 14, 24, 28, TE10, TE11, TE12","arr":["5","14","24","28","TE10","TE11","TE12"],"terminus":0,"mode":"bus","color":"#0059a9","colorDark":"#00294f","angle":247.7,"snapDist":11,"label":1}},{"type":"Feature","geometry":{"type":"Point","coordinates":[25.582854,45.655065]},"properties":{"name":"Memorandului","lines":"5, 14, 24, 28, A1, TE10, TE11, TE12","arr":["5","14","24","28","A1","TE10","TE11","TE12"],"terminus":0,"mode":"bus","color":"#0059a9","colorDark":"#00294f","angle":240.5,"snapDist":7,"label":1}},{"type":"Feature","geometry":{"type":"Point","coordinates":[25.585974,45.651847]},"properties":{"name":"Bisericii Române","lines":"5, 14, 24, 28, TE10, TE11, TE12","arr":["5","14","24","28","TE10","TE11","TE12"],"terminus":0,"mode":"bus","color":"#0059a9","colorDark":"#00294f","angle":236.5,"snapDist":7,"label":1}},{"type":"Feature","geometry":{"type":"Point","coordinates":[25.588924,45.647913]},"properties":{"name":"Astra","lines":"5, 14, 24, 28","arr":["5","14","24","28"],"terminus":0,"mode":"bus","color":"#0059a9","colorDark":"#00294f","angle":256.9,"snapDist":10,"label":1}},{"type":"Feature","geometry":{"type":"Point","coordinates":[25.621189,45.646337]},"properties":{"name":"Spitalul Județean","lines":"5, 17, 35, 53","arr":["5","17","35","53"],"terminus":0,"mode":"bus","color":"#0059a9","colorDark":"#00294f","angle":233.9,"snapDist":8,"label":0}},{"type":"Feature","geometry":{"type":"Point","coordinates":[25.624355,45.643387]},"properties":{"name":"Liceul de Informatică","lines":"5, 17, 35, 53","arr":["5","17","35","53"],"terminus":0,"mode":"bus","color":"#0059a9","colorDark":"#00294f","angle":233.6,"snapDist":7,"label":1}},{"type":"Feature","geometry":{"type":"Point","coordinates":[25.627141,45.639573]},"properties":{"name":"Berzei","lines":"5, 53","arr":["5","53"],"terminus":0,"mode":"bus","color":"#0059a9","colorDark":"#00294f","angle":323.4,"snapDist":4,"label":1}},{"type":"Feature","geometry":{"type":"Point","coordinates":[25.622329,45.637125]},"properties":{"name":"Pompieri","lines":"5, 53","arr":["5","53"],"terminus":0,"mode":"bus","color":"#0059a9","colorDark":"#00294f","angle":324.1,"snapDist":5,"label":1}},{"type":"Feature","geometry":{"type":"Point","coordinates":[25.62431,45.634796]},"properties":{"name":"Metrom","lines":"5, 7, 33, 53","arr":["5","7","33","53"],"terminus":0,"mode":"bus","color":"#0059a9","colorDark":"#00294f","angle":217.9,"snapDist":13,"label":1}},{"type":"Feature","geometry":{"type":"Point","coordinates":[25.629481,45.631818]},"properties":{"name":"Poienelor","lines":"5, 7, 33, 53","arr":["5","7","33","53"],"terminus":0,"mode":"bus","color":"#0059a9","colorDark":"#00294f","angle":144.4,"snapDist":5,"label":1}},{"type":"Feature","geometry":{"type":"Point","coordinates":[25.632327,45.632811]},"properties":{"name":"Roman","lines":"5","arr":["5"],"terminus":1,"mode":"bus","color":"#0059a9","colorDark":"#00294f","angle":87.2,"snapDist":3,"label":1}},{"type":"Feature","geometry":{"type":"Point","coordinates":[25.631305,45.636978]},"properties":{"name":"Soarelui","lines":"5, 17, 35, 53, TE14","arr":["5","17","35","53","TE14"],"terminus":0,"mode":"bus","color":"#0059a9","colorDark":"#00294f","angle":52.6,"snapDist":4,"label":1}},{"type":"Feature","geometry":{"type":"Point","coordinates":[25.627801,45.640276]},"properties":{"name":"Berzei","lines":"5, 17, 35, 53, TE2, TE4, TE14","arr":["5","17","35","53","TE2","TE4","TE14"],"terminus":0,"mode":"bus","color":"#0059a9","colorDark":"#00294f","angle":54,"snapDist":7,"label":0}},{"type":"Feature","geometry":{"type":"Point","coordinates":[25.623007,45.644818]},"properties":{"name":"Liceul de Informatică","lines":"5, 17, 35, 53, TE2, TE4, TE14","arr":["5","17","35","53","TE2","TE4","TE14"],"terminus":0,"mode":"bus","color":"#0059a9","colorDark":"#00294f","angle":51.9,"snapDist":6,"label":0}},{"type":"Feature","geometry":{"type":"Point","coordinates":[25.589198,45.647291]},"properties":{"name":"Astra","lines":"5, 14, 24, 28","arr":["5","14","24","28"],"terminus":0,"mode":"bus","color":"#0059a9","colorDark":"#00294f","angle":51.1,"snapDist":8,"label":0}},{"type":"Feature","geometry":{"type":"Point","coordinates":[25.585329,45.652411]},"properties":{"name":"Bisericii Române","lines":"5, 14, 24, 28","arr":["5","14","24","28"],"terminus":0,"mode":"bus","color":"#0059a9","colorDark":"#00294f","angle":48.1,"snapDist":7,"label":0}},{"type":"Feature","geometry":{"type":"Point","coordinates":[25.582902,45.655003]},"properties":{"name":"Memorandului","lines":"5, 14, 24, 28, A1","arr":["5","14","24","28","A1"],"terminus":0,"mode":"bus","color":"#0059a9","colorDark":"#00294f","angle":61.4,"snapDist":5,"label":0}},{"type":"Feature","geometry":{"type":"Point","coordinates":[25.580034,45.659327]},"properties":{"name":"Carierei","lines":"5, 14, 24, 28","arr":["5","14","24","28"],"terminus":0,"mode":"bus","color":"#0059a9","colorDark":"#00294f","angle":68.3,"snapDist":8,"label":0}},{"type":"Feature","geometry":{"type":"Point","coordinates":[25.576393,45.662918]},"properties":{"name":"Bartolomeu Gară","lines":"5, 9, 16, 23, 23B, 24, 28, A1","arr":["5","9","16","23","23B","24","28","A1"],"terminus":0,"mode":"bus","color":"#0059a9","colorDark":"#00294f","angle":328.1,"snapDist":14,"label":1}},{"type":"Feature","geometry":{"type":"Point","coordinates":[25.523665,45.635931]},"properties":{"name":"Măgurele","lines":"5M","arr":["5M"],"terminus":1,"mode":"bus","color":"#0059a9","colorDark":"#00294f","angle":237.6,"snapDist":9,"label":1}},{"type":"Feature","geometry":{"type":"Point","coordinates":[25.518376,45.633999]},"properties":{"name":"Cucului","lines":"5M","arr":["5M"],"terminus":0,"mode":"bus","color":"#0059a9","colorDark":"#00294f","angle":334.8,"snapDist":4,"label":1}},{"type":"Feature","geometry":{"type":"Point","coordinates":[25.515783,45.63332]},"properties":{"name":"Mănăstirii","lines":"5M","arr":["5M"],"terminus":0,"mode":"bus","color":"#0059a9","colorDark":"#00294f","angle":329.9,"snapDist":5,"label":1}},{"type":"Feature","geometry":{"type":"Point","coordinates":[25.556517,45.656323]},"properties":{"name":"Depozite ILF","lines":"5M, 16, 23, 110, 120, 130, 131, 140","arr":["5M","16","23","110","120","130","131","140"],"terminus":1,"mode":"bus","color":"#0059a9","colorDark":"#00294f","angle":155.2,"snapDist":11,"label":1}},{"type":"Feature","geometry":{"type":"Point","coordinates":[25.559228,45.657219]},"properties":{"name":"Brintex","lines":"5M, 16, 23, 110, 120, 130, 131, 140","arr":["5M","16","23","110","120","130","131","140"],"terminus":0,"mode":"bus","color":"#0059a9","colorDark":"#00294f","angle":155.4,"snapDist":17,"label":1}},{"type":"Feature","geometry":{"type":"Point","coordinates":[25.563341,45.65839]},"properties":{"name":"Cărămidăriei","lines":"5M, 16, 23, 24, 28, 110, 120, 130, 131, 140, 210, 220, A1","arr":["5M","16","23","24","28","110","120","130","131","140","210","220","A1"],"terminus":0,"mode":"bus","color":"#0059a9","colorDark":"#00294f","angle":157.3,"snapDist":7,"label":1}},{"type":"Feature","geometry":{"type":"Point","coordinates":[25.569833,45.659936]},"properties":{"name":"Stadionul Municipal","lines":"5M, 210, 220","arr":["5M","210","220"],"terminus":1,"mode":"bus","color":"#0059a9","colorDark":"#00294f","angle":137.8,"snapDist":3,"label":0}},{"type":"Feature","geometry":{"type":"Point","coordinates":[25.566704,45.659523]},"properties":{"name":"Service","lines":"5M, 16, 23, 24, 28, 110, 120, 130, 131, 140, 210, 220","arr":["5M","16","23","24","28","110","120","130","131","140","210","220"],"terminus":0,"mode":"bus","color":"#0059a9","colorDark":"#00294f","angle":336.1,"snapDist":6,"label":1}},{"type":"Feature","geometry":{"type":"Point","coordinates":[25.563439,45.658512]},"properties":{"name":"Cărămidăriei","lines":"5M, 16, 23, 24, 28, 110, 120, 130, 131, 140, 210, 220, A1","arr":["5M","16","23","24","28","110","120","130","131","140","210","220","A1"],"terminus":0,"mode":"bus","color":"#0059a9","colorDark":"#00294f","angle":336.5,"snapDist":8,"label":0}},{"type":"Feature","geometry":{"type":"Point","coordinates":[25.555761,45.660802]},"properties":{"name":"Roplant","lines":"5M, 24, 28, 110, 120, 130, 131, 140, A1","arr":["5M","24","28","110","120","130","131","140","A1"],"terminus":0,"mode":"bus","color":"#0059a9","colorDark":"#00294f","angle":187.7,"snapDist":6,"label":1}},{"type":"Feature","geometry":{"type":"Point","coordinates":[25.531069,45.648464]},"properties":{"name":"MTI","lines":"5M, 110, 120, 130, 131, 140","arr":["5M","110","120","130","131","140"],"terminus":0,"mode":"bus","color":"#0059a9","colorDark":"#00294f","angle":336.1,"snapDist":3,"label":1}},{"type":"Feature","geometry":{"type":"Point","coordinates":[25.515854,45.633344]},"properties":{"name":"Mănăstirii","lines":"5M","arr":["5M"],"terminus":0,"mode":"bus","color":"#0059a9","colorDark":"#00294f","angle":154,"snapDist":8,"label":0}},{"type":"Feature","geometry":{"type":"Point","coordinates":[25.520807,45.628093]},"properties":{"name":"Avicola Măgurele","lines":"5M","arr":["5M"],"terminus":0,"mode":"bus","color":"#0059a9","colorDark":"#00294f","angle":143.1,"snapDist":4,"label":1}},{"type":"Feature","geometry":{"type":"Point","coordinates":[25.518852,45.634156]},"properties":{"name":"Cucului","lines":"5M","arr":["5M"],"terminus":0,"mode":"bus","color":"#0059a9","colorDark":"#00294f","angle":154.8,"snapDist":5,"label":0}},{"type":"Feature","geometry":{"type":"Point","coordinates":[25.635828,45.634677]},"properties":{"name":"Saturn","lines":"6","arr":["6"],"terminus":1,"mode":"bus","color":"#149a3f","colorDark":"#0a5121","angle":87.2,"snapDist":3,"label":1}},{"type":"Feature","geometry":{"type":"Point","coordinates":[25.63639,45.637125]},"properties":{"name":"Cometei","lines":"6, 8, 17B, 21, 22, 23, 25, 52, 56, 610, 612, TE1","arr":["6","8","17B","21","22","23","25","52","56","610","612","TE1"],"terminus":0,"mode":"bus","color":"#0059a9","colorDark":"#00294f","angle":91.8,"snapDist":10,"label":1}},{"type":"Feature","geometry":{"type":"Point","coordinates":[25.635159,45.641755]},"properties":{"name":"Neptun","lines":"6, 8, 17B, 21, 22, 23, 25, 52, 56, 610, 612, TE1","arr":["6","8","17B","21","22","23","25","52","56","610","612","TE1"],"terminus":0,"mode":"bus","color":"#0059a9","colorDark":"#00294f","angle":53.6,"snapDist":14,"label":1}},{"type":"Feature","geometry":{"type":"Point","coordinates":[25.631448,45.645271]},"properties":{"name":"Complexul Mare","lines":"6, 8, 17B, 21, 22, 23, 25, 52, 56, 610, 612, TE1","arr":["6","8","17B","21","22","23","25","52","56","610","612","TE1"],"terminus":0,"mode":"bus","color":"#0059a9","colorDark":"#00294f","angle":53.6,"snapDist":13,"label":1}},{"type":"Feature","geometry":{"type":"Point","coordinates":[25.628485,45.648058]},"properties":{"name":"Gemenii","lines":"6, 8, 17B, 21, 22, 23, 25, 52, 56, 610, 612, TE1","arr":["6","8","17B","21","22","23","25","52","56","610","612","TE1"],"terminus":0,"mode":"bus","color":"#0059a9","colorDark":"#00294f","angle":54.3,"snapDist":13,"label":0}},{"type":"Feature","geometry":{"type":"Point","coordinates":[25.621096,45.650414]},"properties":{"name":"Scriitorilor","lines":"6, 22, 34, 34B, 52, TE1","arr":["6","22","34","34B","52","TE1"],"terminus":0,"mode":"bus","color":"#0059a9","colorDark":"#00294f","angle":5.2,"snapDist":10,"label":1}},{"type":"Feature","geometry":{"type":"Point","coordinates":[25.618211,45.650772]},"properties":{"name":"Toamnei","lines":"6, 22, 34, 34B, 52","arr":["6","22","34","34B","52"],"terminus":0,"mode":"bus","color":"#0059a9","colorDark":"#00294f","angle":194.6,"snapDist":6,"label":1}},{"type":"Feature","geometry":{"type":"Point","coordinates":[25.623079,45.650233]},"properties":{"name":"Traian","lines":"6, 22, 34, 34B, 52","arr":["6","22","34","34B","52"],"terminus":0,"mode":"bus","color":"#0059a9","colorDark":"#00294f","angle":190.9,"snapDist":8,"label":1}},{"type":"Feature","geometry":{"type":"Point","coordinates":[25.627661,45.648745]},"properties":{"name":"Gemenii","lines":"6, 8, 17B, 21, 22, 23, 25, 52, 56, 610, 612","arr":["6","8","17B","21","22","23","25","52","56","610","612"],"terminus":0,"mode":"bus","color":"#0059a9","colorDark":"#00294f","angle":234.2,"snapDist":6,"label":0}},{"type":"Feature","geometry":{"type":"Point","coordinates":[25.632884,45.643921]},"properties":{"name":"Complexul Mare","lines":"6, 8, 17B, 21, 22, 23, 25, 52, 56, 610, 612","arr":["6","8","17B","21","22","23","25","52","56","610","612"],"terminus":0,"mode":"bus","color":"#0059a9","colorDark":"#00294f","angle":233.9,"snapDist":13,"label":0}},{"type":"Feature","geometry":{"type":"Point","coordinates":[25.635891,45.640989]},"properties":{"name":"Neptun","lines":"6, 8, 17B, 21, 22, 23, 25, 52, 56, 610, 612","arr":["6","8","17B","21","22","23","25","52","56","610","612"],"terminus":0,"mode":"bus","color":"#0059a9","colorDark":"#00294f","angle":243.1,"snapDist":11,"label":0}},{"type":"Feature","geometry":{"type":"Point","coordinates":[25.636447,45.638482]},"properties":{"name":"Cometei","lines":"6, 8, 17B, 21, 22, 23, 25, 52, 56, 610, 612","arr":["6","8","17B","21","22","23","25","52","56","610","612"],"terminus":0,"mode":"bus","color":"#0059a9","colorDark":"#00294f","angle":271.8,"snapDist":10,"label":0}},{"type":"Feature","geometry":{"type":"Point","coordinates":[25.632682,45.632985]},"properties":{"name":"Roman","lines":"7, 33","arr":["7","33"],"terminus":1,"mode":"bus","color":"#149a3f","colorDark":"#0a5121","angle":83.9,"snapDist":3,"label":0}},{"type":"Feature","geometry":{"type":"Point","coordinates":[25.628685,45.631835]},"properties":{"name":"Poienelor","lines":"7, 33","arr":["7","33"],"terminus":0,"mode":"bus","color":"#149a3f","colorDark":"#0a5121","angle":46.8,"snapDist":12,"label":0}},{"type":"Feature","geometry":{"type":"Point","coordinates":[25.62411,45.6349]},"properties":{"name":"Metrom","lines":"7, 33","arr":["7","33"],"terminus":0,"mode":"bus","color":"#149a3f","colorDark":"#0a5121","angle":34.9,"snapDist":7,"label":0}},{"type":"Feature","geometry":{"type":"Point","coordinates":[25.61965,45.639095]},"properties":{"name":"Vulturului","lines":"7, 33","arr":["7","33"],"terminus":0,"mode":"bus","color":"#149a3f","colorDark":"#0a5121","angle":71.8,"snapDist":10,"label":1}},{"type":"Feature","geometry":{"type":"Point","coordinates":[25.619319,45.63978]},"properties":{"name":"Vulturului","lines":"7, 33","arr":["7","33"],"terminus":0,"mode":"bus","color":"#149a3f","colorDark":"#0a5121","angle":250.5,"snapDist":10,"label":0}},{"type":"Feature","geometry":{"type":"Point","coordinates":[25.608063,45.659832]},"properties":{"name":"Făget","lines":"8, 23, 23B, 25, 29, 32, 40, 42, 53, 310, 320, 520","arr":["8","23","23B","25","29","32","40","42","53","310","320","520"],"terminus":0,"mode":"bus","color":"#0059a9","colorDark":"#00294f","angle":166.1,"snapDist":11,"label":0}},{"type":"Feature","geometry":{"type":"Point","coordinates":[25.614793,45.659798]},"properties":{"name":"Căprioara","lines":"8, 17B, 23, 23B, 25, 37, 54, 511, 520, 540","arr":["8","17B","23","23B","25","37","54","511","520","540"],"terminus":0,"mode":"bus","color":"#0059a9","colorDark":"#00294f","angle":190.7,"snapDist":11,"label":1}},{"type":"Feature","geometry":{"type":"Point","coordinates":[25.622303,45.657719]},"properties":{"name":"Vlahuță","lines":"8, 17B, 21, 23, 25","arr":["8","17B","21","23","25"],"terminus":0,"mode":"bus","color":"#0059a9","colorDark":"#00294f","angle":247.3,"snapDist":9,"label":0}},{"type":"Feature","geometry":{"type":"Point","coordinates":[25.624237,45.653699]},"properties":{"name":"Brândușelor","lines":"8, 17B, 21, 23, 25","arr":["8","17B","21","23","25"],"terminus":0,"mode":"bus","color":"#0059a9","colorDark":"#00294f","angle":251.8,"snapDist":8,"label":1}},{"type":"Feature","geometry":{"type":"Point","coordinates":[25.635628,45.634532]},"properties":{"name":"Saturn","lines":"8","arr":["8"],"terminus":1,"mode":"bus","color":"#149a3f","colorDark":"#0a5121","angle":89.8,"snapDist":2,"label":0}},{"type":"Feature","geometry":{"type":"Point","coordinates":[25.626016,45.650577]},"properties":{"name":"Panait Cerna","lines":"8, 17B, 21, 23, 25","arr":["8","17B","21","23","25"],"terminus":0,"mode":"bus","color":"#0059a9","colorDark":"#00294f","angle":69.9,"snapDist":9,"label":1}},{"type":"Feature","geometry":{"type":"Point","coordinates":[25.623852,45.654835]},"properties":{"name":"Brândușelor","lines":"8, 17B, 21, 23, 25","arr":["8","17B","21","23","25"],"terminus":0,"mode":"bus","color":"#0059a9","colorDark":"#00294f","angle":71.6,"snapDist":12,"label":0}},{"type":"Feature","geometry":{"type":"Point","coordinates":[25.620721,45.658976]},"properties":{"name":"Sala Sporturilor","lines":"8, 17B, 23, 23B, 25, 37, 54, 511, 520, 540, TE6","arr":["8","17B","23","23B","25","37","54","511","520","540","TE6"],"terminus":0,"mode":"bus","color":"#0059a9","colorDark":"#00294f","angle":22.7,"snapDist":6,"label":1}},{"type":"Feature","geometry":{"type":"Point","coordinates":[25.612102,45.660362]},"properties":{"name":"Bulevardul Gării","lines":"8, 23, 23B, 25, 32, 53","arr":["8","23","23B","25","32","53"],"terminus":0,"mode":"bus","color":"#0059a9","colorDark":"#00294f","angle":13,"snapDist":8,"label":1}},{"type":"Feature","geometry":{"type":"Point","coordinates":[25.569883,45.659903]},"properties":{"name":"Stadionul Municipal","lines":"9, 28, A1","arr":["9","28","A1"],"terminus":1,"mode":"bus","color":"#0059a9","colorDark":"#00294f","angle":137.3,"snapDist":3,"label":0}},{"type":"Feature","geometry":{"type":"Point","coordinates":[25.578749,45.663615]},"properties":{"name":"Complex Bartolomeu","lines":"9, 16, 23, 23B, 25, 41","arr":["9","16","23","23B","25","41"],"terminus":0,"mode":"bus","color":"#0059a9","colorDark":"#00294f","angle":138.9,"snapDist":8,"label":1}},{"type":"Feature","geometry":{"type":"Point","coordinates":[25.584097,45.665327]},"properties":{"name":"Ecaterina Teodoroiu","lines":"9, 15, 29","arr":["9","15","29"],"terminus":0,"mode":"bus","color":"#0059a9","colorDark":"#00294f","angle":161,"snapDist":5,"label":1}},{"type":"Feature","geometry":{"type":"Point","coordinates":[25.588996,45.666453]},"properties":{"name":"Huniade","lines":"9, 15, 29","arr":["9","15","29"],"terminus":0,"mode":"bus","color":"#0059a9","colorDark":"#00294f","angle":162.5,"snapDist":5,"label":1}},{"type":"Feature","geometry":{"type":"Point","coordinates":[25.59954,45.666427]},"properties":{"name":"1 Decembrie 1918","lines":"9, 15, 29, 36, TE8","arr":["9","15","29","36","TE8"],"terminus":0,"mode":"bus","color":"#0059a9","colorDark":"#00294f","angle":185.2,"snapDist":9,"label":1}},{"type":"Feature","geometry":{"type":"Point","coordinates":[25.604723,45.666074]},"properties":{"name":"Piața Tractorul","lines":"9, 15, 29, 36, TE8","arr":["9","15","29","36","TE8"],"terminus":0,"mode":"bus","color":"#0059a9","colorDark":"#00294f","angle":185.5,"snapDist":12,"label":1}},{"type":"Feature","geometry":{"type":"Point","coordinates":[25.614915,45.681965]},"properties":{"name":"Rulmentul","lines":"9","arr":["9"],"terminus":1,"mode":"bus","color":"#0059a9","colorDark":"#00294f","angle":227.8,"snapDist":2,"label":0}},{"type":"Feature","geometry":{"type":"Point","coordinates":[25.608478,45.665828]},"properties":{"name":"Spital Tractorul","lines":"9, 15, 29, 36","arr":["9","15","29","36"],"terminus":0,"mode":"bus","color":"#0059a9","colorDark":"#00294f","angle":4.8,"snapDist":9,"label":1}},{"type":"Feature","geometry":{"type":"Point","coordinates":[25.603763,45.666139]},"properties":{"name":"Piața Tractorul","lines":"9, 15, 29, 36","arr":["9","15","29","36"],"terminus":0,"mode":"bus","color":"#0059a9","colorDark":"#00294f","angle":5.5,"snapDist":9,"label":0}},{"type":"Feature","geometry":{"type":"Point","coordinates":[25.598151,45.666528]},"properties":{"name":"1 Decembrie 1918","lines":"9, 15, 29","arr":["9","15","29"],"terminus":0,"mode":"bus","color":"#0059a9","colorDark":"#00294f","angle":6.6,"snapDist":7,"label":0}},{"type":"Feature","geometry":{"type":"Point","coordinates":[25.588492,45.666338]},"properties":{"name":"Huniade","lines":"9, 15, 29","arr":["9","15","29"],"terminus":0,"mode":"bus","color":"#0059a9","colorDark":"#00294f","angle":341.6,"snapDist":5,"label":0}},{"type":"Feature","geometry":{"type":"Point","coordinates":[25.583757,45.665249]},"properties":{"name":"Ecaterina Teodoroiu","lines":"9, 15, 29","arr":["9","15","29"],"terminus":0,"mode":"bus","color":"#0059a9","colorDark":"#00294f","angle":342.1,"snapDist":12,"label":0}},{"type":"Feature","geometry":{"type":"Point","coordinates":[25.552687,45.645527]},"properties":{"name":"Fabrica de Var","lines":"14","arr":["14"],"terminus":1,"mode":"bus","color":"#0059a9","colorDark":"#00294f","angle":1.2,"snapDist":7,"label":1}},{"type":"Feature","geometry":{"type":"Point","coordinates":[25.556643,45.648082]},"properties":{"name":"Atelier","lines":"14","arr":["14"],"terminus":0,"mode":"bus","color":"#0059a9","colorDark":"#00294f","angle":136.3,"snapDist":6,"label":1}},{"type":"Feature","geometry":{"type":"Point","coordinates":[25.559286,45.649866]},"properties":{"name":"Ignis","lines":"14","arr":["14"],"terminus":0,"mode":"bus","color":"#0059a9","colorDark":"#00294f","angle":128.3,"snapDist":8,"label":1}},{"type":"Feature","geometry":{"type":"Point","coordinates":[25.562625,45.652006]},"properties":{"name":"Facultativă","lines":"14","arr":["14"],"terminus":0,"mode":"bus","color":"#0059a9","colorDark":"#00294f","angle":161,"snapDist":7,"label":1}},{"type":"Feature","geometry":{"type":"Point","coordinates":[25.565991,45.653326]},"properties":{"name":"Răsăritul","lines":"14","arr":["14"],"terminus":0,"mode":"bus","color":"#0059a9","colorDark":"#00294f","angle":156.1,"snapDist":4,"label":1}},{"type":"Feature","geometry":{"type":"Point","coordinates":[25.5723,45.654428]},"properties":{"name":"Mărășești","lines":"14","arr":["14"],"terminus":0,"mode":"bus","color":"#0059a9","colorDark":"#00294f","angle":172.4,"snapDist":6,"label":1}},{"type":"Feature","geometry":{"type":"Point","coordinates":[25.574902,45.655935]},"properties":{"name":"Facultativă","lines":"14","arr":["14"],"terminus":0,"mode":"bus","color":"#0059a9","colorDark":"#00294f","angle":121.5,"snapDist":6,"label":1}},{"type":"Feature","geometry":{"type":"Point","coordinates":[25.578538,45.657946]},"properties":{"name":"Carierei","lines":"14","arr":["14"],"terminus":0,"mode":"bus","color":"#0059a9","colorDark":"#00294f","angle":328,"snapDist":4,"label":0}},{"type":"Feature","geometry":{"type":"Point","coordinates":[25.574671,45.655677]},"properties":{"name":"Facultativă","lines":"14","arr":["14"],"terminus":0,"mode":"bus","color":"#0059a9","colorDark":"#00294f","angle":302.4,"snapDist":7,"label":0}},{"type":"Feature","geometry":{"type":"Point","coordinates":[25.572622,45.654463]},"properties":{"name":"Mărășești","lines":"14","arr":["14"],"terminus":0,"mode":"bus","color":"#0059a9","colorDark":"#00294f","angle":351.2,"snapDist":3,"label":0}},{"type":"Feature","geometry":{"type":"Point","coordinates":[25.565722,45.653245]},"properties":{"name":"Răsăritul","lines":"14","arr":["14"],"terminus":0,"mode":"bus","color":"#0059a9","colorDark":"#00294f","angle":335.6,"snapDist":6,"label":0}},{"type":"Feature","geometry":{"type":"Point","coordinates":[25.562094,45.651955]},"properties":{"name":"Facultativă","lines":"14","arr":["14"],"terminus":0,"mode":"bus","color":"#0059a9","colorDark":"#00294f","angle":357.5,"snapDist":4,"label":0}},{"type":"Feature","geometry":{"type":"Point","coordinates":[25.559091,45.649695]},"properties":{"name":"Ignis","lines":"14","arr":["14"],"terminus":0,"mode":"bus","color":"#0059a9","colorDark":"#00294f","angle":316.8,"snapDist":4,"label":0}},{"type":"Feature","geometry":{"type":"Point","coordinates":[25.556325,45.647868]},"properties":{"name":"Atelier","lines":"14","arr":["14"],"terminus":0,"mode":"bus","color":"#0059a9","colorDark":"#00294f","angle":315.6,"snapDist":7,"label":0}},{"type":"Feature","geometry":{"type":"Point","coordinates":[25.556464,45.665277]},"properties":{"name":"Avantgarden","lines":"15, 25, 28, TE11, TE15","arr":["15","25","28","TE11","TE15"],"terminus":1,"mode":"bus","color":"#0059a9","colorDark":"#00294f","angle":276,"snapDist":6,"label":1}},{"type":"Feature","geometry":{"type":"Point","coordinates":[25.565327,45.664221]},"properties":{"name":"Egretei","lines":"15, 25, 28, TE15","arr":["15","25","28","TE15"],"terminus":0,"mode":"bus","color":"#0059a9","colorDark":"#00294f","angle":169.8,"snapDist":5,"label":1}},{"type":"Feature","geometry":{"type":"Point","coordinates":[25.56722,45.663293]},"properties":{"name":"Lanurilor","lines":"15, 25, 28, TE15","arr":["15","25","28","TE15"],"terminus":0,"mode":"bus","color":"#0059a9","colorDark":"#00294f","angle":248.9,"snapDist":5,"label":1}},{"type":"Feature","geometry":{"type":"Point","coordinates":[25.570368,45.664185]},"properties":{"name":"Vectra","lines":"15, 25, 28, TE15","arr":["15","25","28","TE15"],"terminus":0,"mode":"bus","color":"#0059a9","colorDark":"#00294f","angle":147.5,"snapDist":5,"label":1}},{"type":"Feature","geometry":{"type":"Point","coordinates":[25.572679,45.666406]},"properties":{"name":"Agricultorilor","lines":"15, 25, 28, TE15","arr":["15","25","28","TE15"],"terminus":0,"mode":"bus","color":"#0059a9","colorDark":"#00294f","angle":50.7,"snapDist":6,"label":1}},{"type":"Feature","geometry":{"type":"Point","coordinates":[25.576125,45.666608]},"properties":{"name":"Zlatna","lines":"15, 25, 29, TE15","arr":["15","25","29","TE15"],"terminus":0,"mode":"bus","color":"#0059a9","colorDark":"#00294f","angle":185.8,"snapDist":5,"label":1}},{"type":"Feature","geometry":{"type":"Point","coordinates":[25.579342,45.665814]},"properties":{"name":"Cosmești","lines":"15, 29","arr":["15","29"],"terminus":0,"mode":"bus","color":"#0059a9","colorDark":"#00294f","angle":263,"snapDist":5,"label":1}},{"type":"Feature","geometry":{"type":"Point","coordinates":[25.617477,45.670502]},"properties":{"name":"13 Decembrie","lines":"15","arr":["15"],"terminus":0,"mode":"bus","color":"#0059a9","colorDark":"#00294f","angle":190.4,"snapDist":10,"label":0}},{"type":"Feature","geometry":{"type":"Point","coordinates":[25.621724,45.669942]},"properties":{"name":"Coresi 2","lines":"15","arr":["15"],"terminus":0,"mode":"bus","color":"#0059a9","colorDark":"#00294f","angle":190.7,"snapDist":10,"label":1}},{"type":"Feature","geometry":{"type":"Point","coordinates":[25.629034,45.668976]},"properties":{"name":"Coresi 1","lines":"15","arr":["15"],"terminus":0,"mode":"bus","color":"#0059a9","colorDark":"#00294f","angle":190.7,"snapDist":9,"label":1}},{"type":"Feature","geometry":{"type":"Point","coordinates":[25.647756,45.675761]},"properties":{"name":"Triaj","lines":"15, 54, TE5, TE6","arr":["15","54","TE5","TE6"],"terminus":1,"mode":"bus","color":"#0059a9","colorDark":"#00294f","angle":273.7,"snapDist":6,"label":0}},{"type":"Feature","geometry":{"type":"Point","coordinates":[25.629646,45.668995]},"properties":{"name":"Coresi 1","lines":"15, 32","arr":["15","32"],"terminus":0,"mode":"bus","color":"#0059a9","colorDark":"#00294f","angle":10.6,"snapDist":9,"label":0}},{"type":"Feature","geometry":{"type":"Point","coordinates":[25.622933,45.669875]},"properties":{"name":"Coresi 2","lines":"15, 32","arr":["15","32"],"terminus":0,"mode":"bus","color":"#0059a9","colorDark":"#00294f","angle":10.6,"snapDist":8,"label":0}},{"type":"Feature","geometry":{"type":"Point","coordinates":[25.618432,45.67297]},"properties":{"name":"Auchan Coresi","lines":"15","arr":["15"],"terminus":0,"mode":"bus","color":"#0059a9","colorDark":"#00294f","angle":280.7,"snapDist":7,"label":1}},{"type":"Feature","geometry":{"type":"Point","coordinates":[25.61524,45.670887]},"properties":{"name":"13 Decembrie","lines":"15, 32","arr":["15","32"],"terminus":1,"mode":"bus","color":"#0059a9","colorDark":"#00294f","angle":10.6,"snapDist":8,"label":1}},{"type":"Feature","geometry":{"type":"Point","coordinates":[25.58013,45.666261]},"properties":{"name":"Cosmești","lines":"15, 25, 29, 41","arr":["15","25","29","41"],"terminus":0,"mode":"bus","color":"#0059a9","colorDark":"#00294f","angle":76.3,"snapDist":3,"label":0}},{"type":"Feature","geometry":{"type":"Point","coordinates":[25.574725,45.666734]},"properties":{"name":"Zlatna","lines":"15, 25, 29","arr":["15","25","29"],"terminus":0,"mode":"bus","color":"#0059a9","colorDark":"#00294f","angle":15.4,"snapDist":6,"label":0}},{"type":"Feature","geometry":{"type":"Point","coordinates":[25.568453,45.665428]},"properties":{"name":"Molnar Janos","lines":"15, 25, 28, TE12","arr":["15","25","28","TE12"],"terminus":0,"mode":"bus","color":"#0059a9","colorDark":"#00294f","angle":328.2,"snapDist":5,"label":1}},{"type":"Feature","geometry":{"type":"Point","coordinates":[25.565312,45.66578]},"properties":{"name":"Graurului","lines":"15, 25, 28","arr":["15","25","28"],"terminus":0,"mode":"bus","color":"#0059a9","colorDark":"#00294f","angle":347.8,"snapDist":11,"label":1}},{"type":"Feature","geometry":{"type":"Point","coordinates":[25.560251,45.665839]},"properties":{"name":"Pelicanului","lines":"15, 25, 28, TE11","arr":["15","25","28","TE11"],"terminus":1,"mode":"bus","color":"#0059a9","colorDark":"#00294f","angle":5.3,"snapDist":8,"label":1}},{"type":"Feature","geometry":{"type":"Point","coordinates":[25.570076,45.659765]},"properties":{"name":"Stadionul Municipal","lines":"16, 110, 120, 130, 131, 140","arr":["16","110","120","130","131","140"],"terminus":1,"mode":"bus","color":"#0059a9","colorDark":"#00294f","angle":137.2,"snapDist":3,"label":0}},{"type":"Feature","geometry":{"type":"Point","coordinates":[25.58833,45.645761]},"properties":{"name":"Livada Poștei","lines":"16, 24, 28, 41","arr":["16","24","28","41"],"terminus":1,"mode":"bus","color":"#0059a9","colorDark":"#00294f","angle":164.9,"snapDist":4,"label":0}},{"type":"Feature","geometry":{"type":"Point","coordinates":[25.58358,45.664982]},"properties":{"name":"Stadionul Tineretului","lines":"16, 23, 23B, 25","arr":["16","23","23B","25"],"terminus":0,"mode":"bus","color":"#0059a9","colorDark":"#00294f","angle":340.5,"snapDist":10,"label":0}},{"type":"Feature","geometry":{"type":"Point","coordinates":[25.559804,45.657395]},"properties":{"name":"Brintex","lines":"16, 23","arr":["16","23"],"terminus":0,"mode":"bus","color":"#0059a9","colorDark":"#00294f","angle":339.8,"snapDist":5,"label":0}},{"type":"Feature","geometry":{"type":"Point","coordinates":[25.628234,45.639669]},"properties":{"name":"Berzei","lines":"17, 35","arr":["17","35"],"terminus":0,"mode":"bus","color":"#0059a9","colorDark":"#00294f","angle":234.1,"snapDist":8,"label":0}},{"type":"Feature","geometry":{"type":"Point","coordinates":[25.633438,45.634747]},"properties":{"name":"Poienelor","lines":"17, 35","arr":["17","35"],"terminus":0,"mode":"bus","color":"#0059a9","colorDark":"#00294f","angle":236,"snapDist":14,"label":1}},{"type":"Feature","geometry":{"type":"Point","coordinates":[25.637973,45.630499]},"properties":{"name":"Praktiker","lines":"17, 17B, 21, 35, 710, 711, 810","arr":["17","17B","21","35","710","711","810"],"terminus":0,"mode":"bus","color":"#0059a9","colorDark":"#00294f","angle":233.6,"snapDist":4,"label":1}},{"type":"Feature","geometry":{"type":"Point","coordinates":[25.64671,45.622311]},"properties":{"name":"Metro","lines":"17, 17B, 21, 35, 710, 711, 810","arr":["17","17B","21","35","710","711","810"],"terminus":0,"mode":"bus","color":"#0059a9","colorDark":"#00294f","angle":233.4,"snapDist":12,"label":1}},{"type":"Feature","geometry":{"type":"Point","coordinates":[25.648457,45.617962]},"properties":{"name":"Aurora","lines":"17, 21, 35","arr":["17","21","35"],"terminus":0,"mode":"bus","color":"#0059a9","colorDark":"#00294f","angle":322.5,"snapDist":6,"label":1}},{"type":"Feature","geometry":{"type":"Point","coordinates":[25.645067,45.616408]},"properties":{"name":"Poiana Dârste","lines":"17, 21, 35","arr":["17","21","35"],"terminus":0,"mode":"bus","color":"#0059a9","colorDark":"#00294f","angle":336,"snapDist":7,"label":1}},{"type":"Feature","geometry":{"type":"Point","coordinates":[25.639358,45.615472]},"properties":{"name":"Ștrand Noua","lines":"17, 21, 35","arr":["17","21","35"],"terminus":0,"mode":"bus","color":"#0059a9","colorDark":"#00294f","angle":341.9,"snapDist":6,"label":1}},{"type":"Feature","geometry":{"type":"Point","coordinates":[25.630671,45.615283]},"properties":{"name":"Școala Generală 9","lines":"17, 21, 35","arr":["17","21","35"],"terminus":0,"mode":"bus","color":"#0059a9","colorDark":"#00294f","angle":49.5,"snapDist":2,"label":1}},{"type":"Feature","geometry":{"type":"Point","coordinates":[25.631763,45.61807]},"properties":{"name":"Brazilor","lines":"17, 21, 35","arr":["17","21","35"],"terminus":0,"mode":"bus","color":"#0059a9","colorDark":"#00294f","angle":147.6,"snapDist":3,"label":1}},{"type":"Feature","geometry":{"type":"Point","coordinates":[25.634032,45.620292]},"properties":{"name":"Noua","lines":"17, 21, TE1","arr":["17","21","TE1"],"terminus":1,"mode":"bus","color":"#0059a9","colorDark":"#00294f","angle":104.9,"snapDist":3,"label":1}},{"type":"Feature","geometry":{"type":"Point","coordinates":[25.637374,45.619074]},"properties":{"name":"Rozmarinului","lines":"17, 21, 35","arr":["17","21","35"],"terminus":0,"mode":"bus","color":"#0059a9","colorDark":"#00294f","angle":250,"snapDist":6,"label":1}},{"type":"Feature","geometry":{"type":"Point","coordinates":[25.640643,45.615523]},"properties":{"name":"Ștrand Noua","lines":"17, 21, 35, TE1, TE4","arr":["17","21","35","TE1","TE4"],"terminus":0,"mode":"bus","color":"#0059a9","colorDark":"#00294f","angle":184.7,"snapDist":8,"label":0}},{"type":"Feature","geometry":{"type":"Point","coordinates":[25.645219,45.616459]},"properties":{"name":"Poiana Dârste","lines":"17, 21, 35","arr":["17","21","35"],"terminus":0,"mode":"bus","color":"#0059a9","colorDark":"#00294f","angle":153.1,"snapDist":6,"label":0}},{"type":"Feature","geometry":{"type":"Point","coordinates":[25.648836,45.618159]},"properties":{"name":"Aurora","lines":"17, 21, 35, TE1, TE4","arr":["17","21","35","TE1","TE4"],"terminus":0,"mode":"bus","color":"#0059a9","colorDark":"#00294f","angle":143.4,"snapDist":6,"label":0}},{"type":"Feature","geometry":{"type":"Point","coordinates":[25.644528,45.624368]},"properties":{"name":"Selgros","lines":"17, 17B, 21, 35, 710, 711, 810","arr":["17","17B","21","35","710","711","810"],"terminus":0,"mode":"bus","color":"#0059a9","colorDark":"#00294f","angle":53.6,"snapDist":16,"label":1}},{"type":"Feature","geometry":{"type":"Point","coordinates":[25.637022,45.631551]},"properties":{"name":"Carrefour","lines":"17, 17B, 21, 25, 35, 52, 710, 711, 810, TE2, TE14","arr":["17","17B","21","25","35","52","710","711","810","TE2","TE14"],"terminus":0,"mode":"bus","color":"#0059a9","colorDark":"#00294f","angle":54,"snapDist":6,"label":1}},{"type":"Feature","geometry":{"type":"Point","coordinates":[25.612311,45.660785]},"properties":{"name":"Terminal Gară","lines":"17B, 35","arr":["17B","35"],"terminus":1,"mode":"bus","color":"#0059a9","colorDark":"#00294f","angle":345.9,"snapDist":3,"label":0}},{"type":"Feature","geometry":{"type":"Point","coordinates":[25.635346,45.634988]},"properties":{"name":"Saturn","lines":"17B, 21, 25, 52, 56, 610, 612","arr":["17B","21","25","52","56","610","612"],"terminus":0,"mode":"bus","color":"#0059a9","colorDark":"#00294f","angle":323.3,"snapDist":7,"label":0}},{"type":"Feature","geometry":{"type":"Point","coordinates":[25.651969,45.617338]},"properties":{"name":"Aurora","lines":"17B, 710, 711, 810","arr":["17B","710","711","810"],"terminus":0,"mode":"bus","color":"#0059a9","colorDark":"#00294f","angle":231.2,"snapDist":8,"label":1}},{"type":"Feature","geometry":{"type":"Point","coordinates":[25.660572,45.604404]},"properties":{"name":"Bunloc","lines":"17B","arr":["17B"],"terminus":0,"mode":"bus","color":"#0059a9","colorDark":"#00294f","angle":193.8,"snapDist":18,"label":1}},{"type":"Feature","geometry":{"type":"Point","coordinates":[25.653311,45.606683]},"properties":{"name":"Pantex","lines":"17B, 810","arr":["17B","810"],"terminus":0,"mode":"bus","color":"#0059a9","colorDark":"#00294f","angle":305.6,"snapDist":5,"label":1}},{"type":"Feature","geometry":{"type":"Point","coordinates":[25.635111,45.594437]},"properties":{"name":"Dâmbul Morii","lines":"17B, 810","arr":["17B","810"],"terminus":0,"mode":"bus","color":"#0059a9","colorDark":"#00294f","angle":308.6,"snapDist":7,"label":1}},{"type":"Feature","geometry":{"type":"Point","coordinates":[25.626113,45.58684]},"properties":{"name":"Varna Mare","lines":"17B, 810","arr":["17B","810"],"terminus":0,"mode":"bus","color":"#0059a9","colorDark":"#00294f","angle":320.2,"snapDist":9,"label":1}},{"type":"Feature","geometry":{"type":"Point","coordinates":[25.623163,45.584024]},"properties":{"name":"Halta Timișul de Jos","lines":"17B, 810","arr":["17B","810"],"terminus":0,"mode":"bus","color":"#0059a9","colorDark":"#00294f","angle":304.2,"snapDist":6,"label":1}},{"type":"Feature","geometry":{"type":"Point","coordinates":[25.614748,45.574064]},"properties":{"name":"Benzinăria Petrom","lines":"17B, 810","arr":["17B","810"],"terminus":1,"mode":"bus","color":"#0059a9","colorDark":"#00294f","angle":130.1,"snapDist":25,"label":1}},{"type":"Feature","geometry":{"type":"Point","coordinates":[25.623963,45.58514]},"properties":{"name":"Halta Timișul de Jos","lines":"17B, 810","arr":["17B","810"],"terminus":0,"mode":"bus","color":"#0059a9","colorDark":"#00294f","angle":109.9,"snapDist":14,"label":0}},{"type":"Feature","geometry":{"type":"Point","coordinates":[25.627587,45.587697]},"properties":{"name":"Varna Mare","lines":"17B, 810","arr":["17B","810"],"terminus":0,"mode":"bus","color":"#0059a9","colorDark":"#00294f","angle":140.2,"snapDist":13,"label":0}},{"type":"Feature","geometry":{"type":"Point","coordinates":[25.637588,45.595752]},"properties":{"name":"Dâmbul Morii","lines":"17B, 810","arr":["17B","810"],"terminus":0,"mode":"bus","color":"#0059a9","colorDark":"#00294f","angle":145.5,"snapDist":12,"label":1}},{"type":"Feature","geometry":{"type":"Point","coordinates":[25.653155,45.606545]},"properties":{"name":"Pantex","lines":"17B, 810","arr":["17B","810"],"terminus":0,"mode":"bus","color":"#0059a9","colorDark":"#00294f","angle":135.3,"snapDist":8,"label":0}},{"type":"Feature","geometry":{"type":"Point","coordinates":[25.65172,45.617555]},"properties":{"name":"Aurora","lines":"17B, 710, 711, 810, TE2, TE14","arr":["17B","710","711","810","TE2","TE14"],"terminus":0,"mode":"bus","color":"#0059a9","colorDark":"#00294f","angle":54.8,"snapDist":14,"label":0}},{"type":"Feature","geometry":{"type":"Point","coordinates":[25.635439,45.634439]},"properties":{"name":"Saturn","lines":"17B","arr":["17B"],"terminus":0,"mode":"bus","color":"#0059a9","colorDark":"#00294f","angle":90.2,"snapDist":2,"label":0}},{"type":"Feature","geometry":{"type":"Point","coordinates":[25.543282,45.683126]},"properties":{"name":"Fundăturii cap linie","lines":"18, 24, 28, A1, TE13","arr":["18","24","28","A1","TE13"],"terminus":1,"mode":"bus","color":"#0059a9","colorDark":"#00294f","angle":59.9,"snapDist":6,"label":1}},{"type":"Feature","geometry":{"type":"Point","coordinates":[25.54137,45.68562]},"properties":{"name":"Fundăturii","lines":"18, 24, 28, A1","arr":["18","24","28","A1"],"terminus":0,"mode":"bus","color":"#0059a9","colorDark":"#00294f","angle":136.3,"snapDist":5,"label":1}},{"type":"Feature","geometry":{"type":"Point","coordinates":[25.5476,45.690437]},"properties":{"name":"Ghimbășel","lines":"18, 24, 41, TE13","arr":["18","24","41","TE13"],"terminus":0,"mode":"bus","color":"#0059a9","colorDark":"#00294f","angle":126.6,"snapDist":7,"label":1}},{"type":"Feature","geometry":{"type":"Point","coordinates":[25.549513,45.691943]},"properties":{"name":"Nicovalei","lines":"18, 24, 41, TE13","arr":["18","24","41","TE13"],"terminus":0,"mode":"bus","color":"#0059a9","colorDark":"#00294f","angle":135.9,"snapDist":4,"label":1}},{"type":"Feature","geometry":{"type":"Point","coordinates":[25.552368,45.693659]},"properties":{"name":"Surlașului","lines":"18, 24, TE13","arr":["18","24","TE13"],"terminus":0,"mode":"bus","color":"#0059a9","colorDark":"#00294f","angle":97.2,"snapDist":7,"label":1}},{"type":"Feature","geometry":{"type":"Point","coordinates":[25.558799,45.698487]},"properties":{"name":"Stupini Centru","lines":"18, 40","arr":["18","40"],"terminus":0,"mode":"bus","color":"#0059a9","colorDark":"#00294f","angle":143.1,"snapDist":8,"label":0}},{"type":"Feature","geometry":{"type":"Point","coordinates":[25.563989,45.70107]},"properties":{"name":"Augustin Tătaru","lines":"18, 40","arr":["18","40"],"terminus":0,"mode":"bus","color":"#0059a9","colorDark":"#00294f","angle":144.4,"snapDist":8,"label":1}},{"type":"Feature","geometry":{"type":"Point","coordinates":[25.57198,45.705113]},"properties":{"name":"Fagurului","lines":"18, 40","arr":["18","40"],"terminus":0,"mode":"bus","color":"#0059a9","colorDark":"#00294f","angle":130.4,"snapDist":5,"label":1}},{"type":"Feature","geometry":{"type":"Point","coordinates":[25.575208,45.707448]},"properties":{"name":"Fântânii","lines":"18, 40","arr":["18","40"],"terminus":0,"mode":"bus","color":"#0059a9","colorDark":"#00294f","angle":139.2,"snapDist":5,"label":1}},{"type":"Feature","geometry":{"type":"Point","coordinates":[25.579592,45.708222]},"properties":{"name":"Feldioarei","lines":"18, 40","arr":["18","40"],"terminus":0,"mode":"bus","color":"#0059a9","colorDark":"#00294f","angle":166,"snapDist":6,"label":1}},{"type":"Feature","geometry":{"type":"Point","coordinates":[25.580505,45.706166]},"properties":{"name":"Mondotrans","lines":"18, 40, 310, 320","arr":["18","40","310","320"],"terminus":0,"mode":"bus","color":"#0059a9","colorDark":"#00294f","angle":275.1,"snapDist":12,"label":1}},{"type":"Feature","geometry":{"type":"Point","coordinates":[25.582166,45.697961]},"properties":{"name":"Tipografia Brastar","lines":"18, 40, 310, 320","arr":["18","40","310","320"],"terminus":0,"mode":"bus","color":"#0059a9","colorDark":"#00294f","angle":245.6,"snapDist":12,"label":1}},{"type":"Feature","geometry":{"type":"Point","coordinates":[25.583147,45.689577]},"properties":{"name":"Agetaps","lines":"18, 40, 310, 320","arr":["18","40","310","320"],"terminus":0,"mode":"bus","color":"#0059a9","colorDark":"#00294f","angle":278.7,"snapDist":5,"label":1}},{"type":"Feature","geometry":{"type":"Point","coordinates":[25.581594,45.681866]},"properties":{"name":"Oligopol","lines":"18","arr":["18"],"terminus":0,"mode":"bus","color":"#0059a9","colorDark":"#00294f","angle":279.2,"snapDist":6,"label":1}},{"type":"Feature","geometry":{"type":"Point","coordinates":[25.580184,45.675545]},"properties":{"name":"Unitate Militară","lines":"18","arr":["18"],"terminus":0,"mode":"bus","color":"#0059a9","colorDark":"#00294f","angle":279.3,"snapDist":10,"label":1}},{"type":"Feature","geometry":{"type":"Point","coordinates":[25.579125,45.670996]},"properties":{"name":"Conforest","lines":"18","arr":["18"],"terminus":0,"mode":"bus","color":"#0059a9","colorDark":"#00294f","angle":281.2,"snapDist":6,"label":1}},{"type":"Feature","geometry":{"type":"Point","coordinates":[25.578051,45.667726]},"properties":{"name":"Gheorghe Doja","lines":"18","arr":["18"],"terminus":0,"mode":"bus","color":"#0059a9","colorDark":"#00294f","angle":290,"snapDist":7,"label":1}},{"type":"Feature","geometry":{"type":"Point","coordinates":[25.578006,45.664553]},"properties":{"name":"Bariera Bartolomeu","lines":"18, 41","arr":["18","41"],"terminus":1,"mode":"bus","color":"#0059a9","colorDark":"#00294f","angle":262.8,"snapDist":8,"label":1}},{"type":"Feature","geometry":{"type":"Point","coordinates":[25.577732,45.667113]},"properties":{"name":"Gheorghe Doja","lines":"18","arr":["18"],"terminus":0,"mode":"bus","color":"#0059a9","colorDark":"#00294f","angle":109.7,"snapDist":10,"label":0}},{"type":"Feature","geometry":{"type":"Point","coordinates":[25.579149,45.671083]},"properties":{"name":"Conforest","lines":"18","arr":["18"],"terminus":0,"mode":"bus","color":"#0059a9","colorDark":"#00294f","angle":99.6,"snapDist":5,"label":0}},{"type":"Feature","geometry":{"type":"Point","coordinates":[25.580343,45.676293]},"properties":{"name":"Unitate Militară","lines":"18","arr":["18"],"terminus":0,"mode":"bus","color":"#0059a9","colorDark":"#00294f","angle":98.3,"snapDist":5,"label":0}},{"type":"Feature","geometry":{"type":"Point","coordinates":[25.581696,45.682311]},"properties":{"name":"Oligopol","lines":"18","arr":["18"],"terminus":0,"mode":"bus","color":"#0059a9","colorDark":"#00294f","angle":99,"snapDist":7,"label":0}},{"type":"Feature","geometry":{"type":"Point","coordinates":[25.582819,45.687553]},"properties":{"name":"Elmas","lines":"18, 40, 310, 320","arr":["18","40","310","320"],"terminus":0,"mode":"bus","color":"#0059a9","colorDark":"#00294f","angle":97.7,"snapDist":8,"label":1}},{"type":"Feature","geometry":{"type":"Point","coordinates":[25.583342,45.690047]},"properties":{"name":"Piața Agroalimentară","lines":"18, 40, 310, 320","arr":["18","40","310","320"],"terminus":0,"mode":"bus","color":"#0059a9","colorDark":"#00294f","angle":99.1,"snapDist":4,"label":1}},{"type":"Feature","geometry":{"type":"Point","coordinates":[25.581926,45.698328]},"properties":{"name":"Tipografia Brastar","lines":"18, 40, 310, 320","arr":["18","40","310","320"],"terminus":0,"mode":"bus","color":"#0059a9","colorDark":"#00294f","angle":65.3,"snapDist":12,"label":0}},{"type":"Feature","geometry":{"type":"Point","coordinates":[25.580423,45.705564]},"properties":{"name":"Mondotrans","lines":"18, 40, 310, 320","arr":["18","40","310","320"],"terminus":0,"mode":"bus","color":"#0059a9","colorDark":"#00294f","angle":96,"snapDist":12,"label":0}},{"type":"Feature","geometry":{"type":"Point","coordinates":[25.579098,45.708148]},"properties":{"name":"Feldioarei","lines":"18, 40","arr":["18","40"],"terminus":0,"mode":"bus","color":"#0059a9","colorDark":"#00294f","angle":348.3,"snapDist":7,"label":0}},{"type":"Feature","geometry":{"type":"Point","coordinates":[25.575838,45.707683]},"properties":{"name":"Fântânii","lines":"18, 40","arr":["18","40"],"terminus":0,"mode":"bus","color":"#0059a9","colorDark":"#00294f","angle":349.8,"snapDist":7,"label":0}},{"type":"Feature","geometry":{"type":"Point","coordinates":[25.572146,45.705281]},"properties":{"name":"Fagurului","lines":"18, 40, TE13","arr":["18","40","TE13"],"terminus":0,"mode":"bus","color":"#0059a9","colorDark":"#00294f","angle":304.1,"snapDist":6,"label":0}},{"type":"Feature","geometry":{"type":"Point","coordinates":[25.564384,45.701262]},"properties":{"name":"Augustin Tătaru","lines":"18, 40, TE13","arr":["18","40","TE13"],"terminus":0,"mode":"bus","color":"#0059a9","colorDark":"#00294f","angle":325.1,"snapDist":7,"label":0}},{"type":"Feature","geometry":{"type":"Point","coordinates":[25.557374,45.697909]},"properties":{"name":"Stupini Centru","lines":"18, 24","arr":["18","24"],"terminus":0,"mode":"bus","color":"#0059a9","colorDark":"#00294f","angle":336.6,"snapDist":5,"label":0}},{"type":"Feature","geometry":{"type":"Point","coordinates":[25.552398,45.693828]},"properties":{"name":"Surlașului","lines":"18, 24","arr":["18","24"],"terminus":0,"mode":"bus","color":"#0059a9","colorDark":"#00294f","angle":277.2,"snapDist":5,"label":0}},{"type":"Feature","geometry":{"type":"Point","coordinates":[25.549058,45.691602]},"properties":{"name":"Nicovalei","lines":"18, 24, 41","arr":["18","24","41"],"terminus":0,"mode":"bus","color":"#0059a9","colorDark":"#00294f","angle":311.7,"snapDist":7,"label":0}},{"type":"Feature","geometry":{"type":"Point","coordinates":[25.546989,45.689866]},"properties":{"name":"Ghimbășel","lines":"18, 24, 41","arr":["18","24","41"],"terminus":0,"mode":"bus","color":"#0059a9","colorDark":"#00294f","angle":305.8,"snapDist":6,"label":0}},{"type":"Feature","geometry":{"type":"Point","coordinates":[25.541447,45.68567]},"properties":{"name":"Fundăturii","lines":"18, 24, 28","arr":["18","24","28"],"terminus":0,"mode":"bus","color":"#0059a9","colorDark":"#00294f","angle":318.2,"snapDist":5,"label":0}},{"type":"Feature","geometry":{"type":"Point","coordinates":[25.543293,45.683113]},"properties":{"name":"Fundăturii cap linie","lines":"18, 24, 28, A1","arr":["18","24","28","A1"],"terminus":1,"mode":"bus","color":"#0059a9","colorDark":"#00294f","angle":239.9,"snapDist":10,"label":0}},{"type":"Feature","geometry":{"type":"Point","coordinates":[25.588092,45.645559]},"properties":{"name":"Livada Poștei","lines":"20","arr":["20"],"terminus":1,"mode":"bus","color":"#0059a9","colorDark":"#00294f","angle":191.3,"snapDist":4,"label":0}},{"type":"Feature","geometry":{"type":"Point","coordinates":[25.58015,45.645625]},"properties":{"name":"Bellevue Residence","lines":"20","arr":["20"],"terminus":0,"mode":"bus","color":"#0059a9","colorDark":"#00294f","angle":77.7,"snapDist":3,"label":1}},{"type":"Feature","geometry":{"type":"Point","coordinates":[25.57661,45.64625]},"properties":{"name":"Warte","lines":"20","arr":["20"],"terminus":0,"mode":"bus","color":"#0059a9","colorDark":"#00294f","angle":8.7,"snapDist":6,"label":1}},{"type":"Feature","geometry":{"type":"Point","coordinates":[25.570239,45.644055]},"properties":{"name":"Dealul Spirii","lines":"20","arr":["20"],"terminus":0,"mode":"bus","color":"#0059a9","colorDark":"#00294f","angle":336,"snapDist":9,"label":1}},{"type":"Feature","geometry":{"type":"Point","coordinates":[25.564484,45.642538]},"properties":{"name":"Piscului","lines":"20","arr":["20"],"terminus":0,"mode":"bus","color":"#0059a9","colorDark":"#00294f","angle":317.8,"snapDist":9,"label":1}},{"type":"Feature","geometry":{"type":"Point","coordinates":[25.562042,45.639959]},"properties":{"name":"După Iniște","lines":"20","arr":["20"],"terminus":0,"mode":"bus","color":"#0059a9","colorDark":"#00294f","angle":224.3,"snapDist":14,"label":1}},{"type":"Feature","geometry":{"type":"Point","coordinates":[25.54308,45.61954]},"properties":{"name":"Braniște","lines":"20","arr":["20"],"terminus":0,"mode":"bus","color":"#0059a9","colorDark":"#00294f","angle":236.1,"snapDist":9,"label":1}},{"type":"Feature","geometry":{"type":"Point","coordinates":[25.554223,45.607915]},"properties":{"name":"Poiana Mică","lines":"20","arr":["20"],"terminus":0,"mode":"bus","color":"#0059a9","colorDark":"#00294f","angle":245.3,"snapDist":7,"label":1}},{"type":"Feature","geometry":{"type":"Point","coordinates":[25.553259,45.594852]},"properties":{"name":"Poiana Brașov","lines":"20","arr":["20"],"terminus":1,"mode":"bus","color":"#0059a9","colorDark":"#00294f","angle":175.6,"snapDist":6,"label":1}},{"type":"Feature","geometry":{"type":"Point","coordinates":[25.554096,45.608108]},"properties":{"name":"Poiana Mică","lines":"20","arr":["20"],"terminus":0,"mode":"bus","color":"#0059a9","colorDark":"#00294f","angle":65.3,"snapDist":10,"label":0}},{"type":"Feature","geometry":{"type":"Point","coordinates":[25.543472,45.619123]},"properties":{"name":"Braniște","lines":"20","arr":["20"],"terminus":0,"mode":"bus","color":"#0059a9","colorDark":"#00294f","angle":57.6,"snapDist":7,"label":0}},{"type":"Feature","geometry":{"type":"Point","coordinates":[25.562711,45.639559]},"properties":{"name":"După Iniște","lines":"20","arr":["20"],"terminus":0,"mode":"bus","color":"#0059a9","colorDark":"#00294f","angle":41.1,"snapDist":8,"label":0}},{"type":"Feature","geometry":{"type":"Point","coordinates":[25.565696,45.642855]},"properties":{"name":"Piscului","lines":"20","arr":["20"],"terminus":0,"mode":"bus","color":"#0059a9","colorDark":"#00294f","angle":172.1,"snapDist":5,"label":0}},{"type":"Feature","geometry":{"type":"Point","coordinates":[25.570537,45.644151]},"properties":{"name":"Dealul Spirii","lines":"20","arr":["20"],"terminus":0,"mode":"bus","color":"#0059a9","colorDark":"#00294f","angle":155.2,"snapDist":6,"label":0}},{"type":"Feature","geometry":{"type":"Point","coordinates":[25.577066,45.646147]},"properties":{"name":"Warte","lines":"20","arr":["20"],"terminus":0,"mode":"bus","color":"#0059a9","colorDark":"#00294f","angle":205.3,"snapDist":4,"label":0}},{"type":"Feature","geometry":{"type":"Point","coordinates":[25.580334,45.64481]},"properties":{"name":"Bellevue Residence","lines":"20","arr":["20"],"terminus":0,"mode":"bus","color":"#0059a9","colorDark":"#00294f","angle":248.7,"snapDist":6,"label":0}},{"type":"Feature","geometry":{"type":"Point","coordinates":[25.635566,45.634505]},"properties":{"name":"Saturn","lines":"21","arr":["21"],"terminus":0,"mode":"bus","color":"#0059a9","colorDark":"#00294f","angle":89.8,"snapDist":2,"label":0}},{"type":"Feature","geometry":{"type":"Point","coordinates":[25.647591,45.675656]},"properties":{"name":"Triaj","lines":"21","arr":["21"],"terminus":1,"mode":"bus","color":"#0059a9","colorDark":"#00294f","angle":274.5,"snapDist":5,"label":0}},{"type":"Feature","geometry":{"type":"Point","coordinates":[25.583232,45.664662]},"properties":{"name":"Stadionul Tineretului","lines":"22, 41","arr":["22","41"],"terminus":1,"mode":"bus","color":"#0059a9","colorDark":"#00294f","angle":189.3,"snapDist":13,"label":0}},{"type":"Feature","geometry":{"type":"Point","coordinates":[25.58339,45.663057]},"properties":{"name":"Autogara 2","lines":"22, 41","arr":["22","41"],"terminus":0,"mode":"bus","color":"#0059a9","colorDark":"#00294f","angle":229.1,"snapDist":8,"label":1}},{"type":"Feature","geometry":{"type":"Point","coordinates":[25.587495,45.658076]},"properties":{"name":"Morii","lines":"22, 41","arr":["22","41"],"terminus":0,"mode":"bus","color":"#0059a9","colorDark":"#00294f","angle":219.9,"snapDist":9,"label":1}},{"type":"Feature","geometry":{"type":"Point","coordinates":[25.591707,45.655166]},"properties":{"name":"Opera Brașov","lines":"22, 41","arr":["22","41"],"terminus":0,"mode":"bus","color":"#0059a9","colorDark":"#00294f","angle":225.4,"snapDist":8,"label":1}},{"type":"Feature","geometry":{"type":"Point","coordinates":[25.595595,45.651534]},"properties":{"name":"Rial","lines":"22, 41","arr":["22","41"],"terminus":0,"mode":"bus","color":"#0059a9","colorDark":"#00294f","angle":241.9,"snapDist":6,"label":1}},{"type":"Feature","geometry":{"type":"Point","coordinates":[25.597929,45.649601]},"properties":{"name":"Iuliu Maniu","lines":"22, 41","arr":["22","41"],"terminus":0,"mode":"bus","color":"#0059a9","colorDark":"#00294f","angle":222.4,"snapDist":8,"label":1}},{"type":"Feature","geometry":{"type":"Point","coordinates":[25.635693,45.634569]},"properties":{"name":"Saturn","lines":"22","arr":["22"],"terminus":1,"mode":"bus","color":"#0059a9","colorDark":"#00294f","angle":89.1,"snapDist":2,"label":0}},{"type":"Feature","geometry":{"type":"Point","coordinates":[25.595988,45.651118]},"properties":{"name":"Spital Mârzescu","lines":"22, 41","arr":["22","41"],"terminus":0,"mode":"bus","color":"#0059a9","colorDark":"#00294f","angle":55,"snapDist":9,"label":1}},{"type":"Feature","geometry":{"type":"Point","coordinates":[25.590972,45.655671]},"properties":{"name":"Opera Brașov","lines":"22, 41","arr":["22","41"],"terminus":0,"mode":"bus","color":"#0059a9","colorDark":"#00294f","angle":44.4,"snapDist":6,"label":0}},{"type":"Feature","geometry":{"type":"Point","coordinates":[25.587023,45.658417]},"properties":{"name":"Morii","lines":"22, 41","arr":["22","41"],"terminus":0,"mode":"bus","color":"#0059a9","colorDark":"#00294f","angle":56.8,"snapDist":7,"label":0}},{"type":"Feature","geometry":{"type":"Point","coordinates":[25.582834,45.663506]},"properties":{"name":"Autogara 2","lines":"22, 41","arr":["22","41"],"terminus":0,"mode":"bus","color":"#0059a9","colorDark":"#00294f","angle":49.1,"snapDist":9,"label":0}},{"type":"Feature","geometry":{"type":"Point","coordinates":[25.570006,45.659809]},"properties":{"name":"Stadionul Municipal","lines":"23, 24","arr":["23","24"],"terminus":0,"mode":"bus","color":"#0059a9","colorDark":"#00294f","angle":137.7,"snapDist":3,"label":0}},{"type":"Feature","geometry":{"type":"Point","coordinates":[25.59629,45.660393]},"properties":{"name":"Plevnei","lines":"23, 25, 40, 42, 310, 320, TE16","arr":["23","25","40","42","310","320","TE16"],"terminus":1,"mode":"bus","color":"#0059a9","colorDark":"#00294f","angle":155.9,"snapDist":10,"label":1}},{"type":"Feature","geometry":{"type":"Point","coordinates":[25.60204,45.660242]},"properties":{"name":"Iancu Jianu","lines":"23, 25, 40, 42, 310, 320","arr":["23","25","40","42","310","320"],"terminus":0,"mode":"bus","color":"#0059a9","colorDark":"#00294f","angle":186.1,"snapDist":8,"label":1}},{"type":"Feature","geometry":{"type":"Point","coordinates":[25.635502,45.634474]},"properties":{"name":"Saturn","lines":"23","arr":["23"],"terminus":1,"mode":"bus","color":"#0059a9","colorDark":"#00294f","angle":89.1,"snapDist":2,"label":0}},{"type":"Feature","geometry":{"type":"Point","coordinates":[25.600892,45.660328]},"properties":{"name":"Iancu Jianu","lines":"23, 25, 40, 42, 310, 320","arr":["23","25","40","42","310","320"],"terminus":0,"mode":"bus","color":"#0059a9","colorDark":"#00294f","angle":6.1,"snapDist":12,"label":0}},{"type":"Feature","geometry":{"type":"Point","coordinates":[25.647675,45.675709]},"properties":{"name":"Triaj","lines":"23B","arr":["23B"],"terminus":1,"mode":"bus","color":"#0059a9","colorDark":"#00294f","angle":274.2,"snapDist":6,"label":0}},{"type":"Feature","geometry":{"type":"Point","coordinates":[25.596842,45.718992]},"properties":{"name":"Baciului","lines":"24","arr":["24"],"terminus":1,"mode":"bus","color":"#0059a9","colorDark":"#00294f","angle":326.1,"snapDist":2,"label":1}},{"type":"Feature","geometry":{"type":"Point","coordinates":[25.587575,45.715312]},"properties":{"name":"Baciului Pensiune","lines":"24","arr":["24"],"terminus":0,"mode":"bus","color":"#0059a9","colorDark":"#00294f","angle":334.2,"snapDist":5,"label":1}},{"type":"Feature","geometry":{"type":"Point","coordinates":[25.584441,45.714216]},"properties":{"name":"Facultativă Baciului","lines":"24","arr":["24"],"terminus":0,"mode":"bus","color":"#0059a9","colorDark":"#00294f","angle":332,"snapDist":6,"label":1}},{"type":"Feature","geometry":{"type":"Point","coordinates":[25.580227,45.71273]},"properties":{"name":"Strada Baciului","lines":"24","arr":["24"],"terminus":0,"mode":"bus","color":"#0059a9","colorDark":"#00294f","angle":336,"snapDist":4,"label":1}},{"type":"Feature","geometry":{"type":"Point","coordinates":[25.571276,45.722778]},"properties":{"name":"Stupinii Noi","lines":"24","arr":["24"],"terminus":0,"mode":"bus","color":"#0059a9","colorDark":"#00294f","angle":154.6,"snapDist":9,"label":1}},{"type":"Feature","geometry":{"type":"Point","coordinates":[25.577305,45.714676]},"properties":{"name":"Strada Fagurului","lines":"24","arr":["24"],"terminus":0,"mode":"bus","color":"#0059a9","colorDark":"#00294f","angle":355.6,"snapDist":4,"label":1}},{"type":"Feature","geometry":{"type":"Point","coordinates":[25.570771,45.712738]},"properties":{"name":"Facultativă Fagurului","lines":"24","arr":["24"],"terminus":0,"mode":"bus","color":"#0059a9","colorDark":"#00294f","angle":328.7,"snapDist":4,"label":1}},{"type":"Feature","geometry":{"type":"Point","coordinates":[25.569065,45.709239]},"properties":{"name":"Strada Izvorului","lines":"24","arr":["24"],"terminus":0,"mode":"bus","color":"#0059a9","colorDark":"#00294f","angle":344.1,"snapDist":2,"label":1}},{"type":"Feature","geometry":{"type":"Point","coordinates":[25.563084,45.706535]},"properties":{"name":"Facultativă Izvorului","lines":"24","arr":["24"],"terminus":0,"mode":"bus","color":"#0059a9","colorDark":"#00294f","angle":323.8,"snapDist":4,"label":1}},{"type":"Feature","geometry":{"type":"Point","coordinates":[25.555872,45.702365]},"properties":{"name":"Stupini Izvorului","lines":"24, 40, 41","arr":["24","40","41"],"terminus":0,"mode":"bus","color":"#0059a9","colorDark":"#00294f","angle":352.9,"snapDist":2,"label":1}},{"type":"Feature","geometry":{"type":"Point","coordinates":[25.544615,45.678694]},"properties":{"name":"Facultativă Fundăturii","lines":"24, A1","arr":["24","A1"],"terminus":0,"mode":"bus","color":"#0059a9","colorDark":"#00294f","angle":310.6,"snapDist":4,"label":1}},{"type":"Feature","geometry":{"type":"Point","coordinates":[25.541608,45.673103]},"properties":{"name":"ICPC","lines":"24, A1","arr":["24","A1"],"terminus":0,"mode":"bus","color":"#0059a9","colorDark":"#00294f","angle":172,"snapDist":4,"label":1}},{"type":"Feature","geometry":{"type":"Point","coordinates":[25.547993,45.669337]},"properties":{"name":"Campus Genius","lines":"24, A1","arr":["24","A1"],"terminus":0,"mode":"bus","color":"#0059a9","colorDark":"#00294f","angle":226.6,"snapDist":8,"label":1}},{"type":"Feature","geometry":{"type":"Point","coordinates":[25.555949,45.663455]},"properties":{"name":"Târg Auto","lines":"24, A1","arr":["24","A1"],"terminus":0,"mode":"bus","color":"#0059a9","colorDark":"#00294f","angle":226.6,"snapDist":6,"label":1}},{"type":"Feature","geometry":{"type":"Point","coordinates":[25.55585,45.660795]},"properties":{"name":"Roplant","lines":"24, 28, A1","arr":["24","28","A1"],"terminus":0,"mode":"bus","color":"#0059a9","colorDark":"#00294f","angle":6.2,"snapDist":5,"label":0}},{"type":"Feature","geometry":{"type":"Point","coordinates":[25.550834,45.660927]},"properties":{"name":"Hornbach","lines":"24, 28, 210, 220, A1","arr":["24","28","210","220","A1"],"terminus":0,"mode":"bus","color":"#0059a9","colorDark":"#00294f","angle":223,"snapDist":11,"label":1}},{"type":"Feature","geometry":{"type":"Point","coordinates":[25.554982,45.664169]},"properties":{"name":"Târg Auto","lines":"24, A1","arr":["24","A1"],"terminus":0,"mode":"bus","color":"#0059a9","colorDark":"#00294f","angle":46.6,"snapDist":7,"label":0}},{"type":"Feature","geometry":{"type":"Point","coordinates":[25.548881,45.668681]},"properties":{"name":"Campus Genius","lines":"24, A1","arr":["24","A1"],"terminus":0,"mode":"bus","color":"#0059a9","colorDark":"#00294f","angle":46.6,"snapDist":5,"label":0}},{"type":"Feature","geometry":{"type":"Point","coordinates":[25.542908,45.673097]},"properties":{"name":"ICPC","lines":"24, A1","arr":["24","A1"],"terminus":0,"mode":"bus","color":"#0059a9","colorDark":"#00294f","angle":47.3,"snapDist":7,"label":0}},{"type":"Feature","geometry":{"type":"Point","coordinates":[25.544756,45.678808]},"properties":{"name":"Facultativă Fundăturii","lines":"24, A1","arr":["24","A1"],"terminus":0,"mode":"bus","color":"#0059a9","colorDark":"#00294f","angle":130.9,"snapDist":6,"label":0}},{"type":"Feature","geometry":{"type":"Point","coordinates":[25.5578,45.698902]},"properties":{"name":"Stupini Centru","lines":"24, 40, 41","arr":["24","40","41"],"terminus":0,"mode":"bus","color":"#0059a9","colorDark":"#00294f","angle":64.2,"snapDist":4,"label":0}},{"type":"Feature","geometry":{"type":"Point","coordinates":[25.556101,45.702223]},"properties":{"name":"Izvorului spre Baciului","lines":"24","arr":["24"],"terminus":0,"mode":"bus","color":"#0059a9","colorDark":"#00294f","angle":118.6,"snapDist":3,"label":1}},{"type":"Feature","geometry":{"type":"Point","coordinates":[25.563005,45.706495]},"properties":{"name":"Facultativă Izvorului","lines":"24, TE13","arr":["24","TE13"],"terminus":0,"mode":"bus","color":"#0059a9","colorDark":"#00294f","angle":143.8,"snapDist":6,"label":0}},{"type":"Feature","geometry":{"type":"Point","coordinates":[25.569241,45.70926]},"properties":{"name":"Strada Izvorului","lines":"24, TE13","arr":["24","TE13"],"terminus":0,"mode":"bus","color":"#0059a9","colorDark":"#00294f","angle":170.6,"snapDist":4,"label":0}},{"type":"Feature","geometry":{"type":"Point","coordinates":[25.571,45.712835]},"properties":{"name":"Facultativă Fagurului","lines":"24","arr":["24"],"terminus":0,"mode":"bus","color":"#0059a9","colorDark":"#00294f","angle":148.5,"snapDist":5,"label":0}},{"type":"Feature","geometry":{"type":"Point","coordinates":[25.577185,45.714669]},"properties":{"name":"Strada Fagurului","lines":"24","arr":["24"],"terminus":0,"mode":"bus","color":"#0059a9","colorDark":"#00294f","angle":175.6,"snapDist":6,"label":0}},{"type":"Feature","geometry":{"type":"Point","coordinates":[25.580535,45.712835]},"properties":{"name":"Strada Baciului","lines":"24","arr":["24"],"terminus":0,"mode":"bus","color":"#0059a9","colorDark":"#00294f","angle":153.5,"snapDist":7,"label":0}},{"type":"Feature","geometry":{"type":"Point","coordinates":[25.58396,45.714043]},"properties":{"name":"Facultativă Baciului","lines":"24","arr":["24"],"terminus":0,"mode":"bus","color":"#0059a9","colorDark":"#00294f","angle":153.5,"snapDist":7,"label":0}},{"type":"Feature","geometry":{"type":"Point","coordinates":[25.588271,45.715547]},"properties":{"name":"Baciului Pensiune","lines":"24","arr":["24"],"terminus":0,"mode":"bus","color":"#0059a9","colorDark":"#00294f","angle":154.2,"snapDist":6,"label":0}},{"type":"Feature","geometry":{"type":"Point","coordinates":[25.632421,45.632861]},"properties":{"name":"Roman","lines":"25, 53","arr":["25","53"],"terminus":1,"mode":"bus","color":"#0059a9","colorDark":"#00294f","angle":86.5,"snapDist":3,"label":0}},{"type":"Feature","geometry":{"type":"Point","coordinates":[25.545494,45.687393]},"properties":{"name":"Albinelor","lines":"28, 41","arr":["28","41"],"terminus":0,"mode":"bus","color":"#0059a9","colorDark":"#00294f","angle":211.7,"snapDist":4,"label":1}},{"type":"Feature","geometry":{"type":"Point","coordinates":[25.553436,45.682679]},"properties":{"name":"Pod Bârsa","lines":"28, 41","arr":["28","41"],"terminus":0,"mode":"bus","color":"#0059a9","colorDark":"#00294f","angle":225.9,"snapDist":5,"label":1}},{"type":"Feature","geometry":{"type":"Point","coordinates":[25.562121,45.67362]},"properties":{"name":"Bartolomeu Nord","lines":"28, 29, TE12","arr":["28","29","TE12"],"terminus":1,"mode":"bus","color":"#0059a9","colorDark":"#00294f","angle":225.4,"snapDist":9,"label":1}},{"type":"Feature","geometry":{"type":"Point","coordinates":[25.56559,45.671038]},"properties":{"name":"Cămine IAR","lines":"28, 29, TE12","arr":["28","29","TE12"],"terminus":0,"mode":"bus","color":"#0059a9","colorDark":"#00294f","angle":224.9,"snapDist":6,"label":1}},{"type":"Feature","geometry":{"type":"Point","coordinates":[25.570419,45.668345]},"properties":{"name":"Poșta","lines":"28, 29, TE12","arr":["28","29","TE12"],"terminus":0,"mode":"bus","color":"#0059a9","colorDark":"#00294f","angle":229.9,"snapDist":5,"label":1}},{"type":"Feature","geometry":{"type":"Point","coordinates":[25.556494,45.663052]},"properties":{"name":"Târg Auto","lines":"28","arr":["28"],"terminus":0,"mode":"bus","color":"#0059a9","colorDark":"#00294f","angle":46.6,"snapDist":3,"label":0}},{"type":"Feature","geometry":{"type":"Point","coordinates":[25.571014,45.667847]},"properties":{"name":"Poșta","lines":"28, 29","arr":["28","29"],"terminus":0,"mode":"bus","color":"#0059a9","colorDark":"#00294f","angle":50.7,"snapDist":6,"label":0}},{"type":"Feature","geometry":{"type":"Point","coordinates":[25.565875,45.670847]},"properties":{"name":"Cămine IAR","lines":"28, 29","arr":["28","29"],"terminus":0,"mode":"bus","color":"#0059a9","colorDark":"#00294f","angle":43.3,"snapDist":4,"label":0}},{"type":"Feature","geometry":{"type":"Point","coordinates":[25.562196,45.673567]},"properties":{"name":"Bartolomeu Nord","lines":"28, 29","arr":["28","29"],"terminus":1,"mode":"bus","color":"#0059a9","colorDark":"#00294f","angle":47.6,"snapDist":8,"label":0}},{"type":"Feature","geometry":{"type":"Point","coordinates":[25.553083,45.682927]},"properties":{"name":"Pod Bârsa","lines":"28, 41","arr":["28","41"],"terminus":0,"mode":"bus","color":"#0059a9","colorDark":"#00294f","angle":44.1,"snapDist":3,"label":0}},{"type":"Feature","geometry":{"type":"Point","coordinates":[25.545571,45.68736]},"properties":{"name":"Albinelor","lines":"28, 41","arr":["28","41"],"terminus":0,"mode":"bus","color":"#0059a9","colorDark":"#00294f","angle":29.6,"snapDist":4,"label":0}},{"type":"Feature","geometry":{"type":"Point","coordinates":[25.61228,45.660713]},"properties":{"name":"Terminal Gară","lines":"29","arr":["29"],"terminus":1,"mode":"bus","color":"#0059a9","colorDark":"#00294f","angle":345.7,"snapDist":4,"label":0}},{"type":"Feature","geometry":{"type":"Point","coordinates":[25.612326,45.66085]},"properties":{"name":"Terminal Gară","lines":"32, 37, 54","arr":["32","37","54"],"terminus":0,"mode":"bus","color":"#0059a9","colorDark":"#00294f","angle":345.9,"snapDist":3,"label":0}},{"type":"Feature","geometry":{"type":"Point","coordinates":[25.612037,45.668019]},"properties":{"name":"Camil Petrescu","lines":"32","arr":["32"],"terminus":0,"mode":"bus","color":"#0059a9","colorDark":"#00294f","angle":190.5,"snapDist":11,"label":1}},{"type":"Feature","geometry":{"type":"Point","coordinates":[25.620515,45.66581]},"properties":{"name":"Tudor Arghezi","lines":"32","arr":["32"],"terminus":0,"mode":"bus","color":"#0059a9","colorDark":"#00294f","angle":204,"snapDist":10,"label":1}},{"type":"Feature","geometry":{"type":"Point","coordinates":[25.615051,45.638351]},"properties":{"name":"Școala Generală 4","lines":"33","arr":["33"],"terminus":0,"mode":"bus","color":"#149a3f","colorDark":"#0a5121","angle":322.7,"snapDist":3,"label":1}},{"type":"Feature","geometry":{"type":"Point","coordinates":[25.611122,45.638328]},"properties":{"name":"Muncii","lines":"33","arr":["33"],"terminus":0,"mode":"bus","color":"#149a3f","colorDark":"#0a5121","angle":23.4,"snapDist":10,"label":0}},{"type":"Feature","geometry":{"type":"Point","coordinates":[25.612786,45.637782]},"properties":{"name":"Școala Generală 4","lines":"33","arr":["33"],"terminus":0,"mode":"bus","color":"#149a3f","colorDark":"#0a5121","angle":205.8,"snapDist":9,"label":0}},{"type":"Feature","geometry":{"type":"Point","coordinates":[25.616121,45.638938]},"properties":{"name":"Biserica","lines":"33","arr":["33"],"terminus":0,"mode":"bus","color":"#149a3f","colorDark":"#0a5121","angle":141.2,"snapDist":4,"label":1}},{"type":"Feature","geometry":{"type":"Point","coordinates":[25.649432,45.666883]},"properties":{"name":"Timiș Triaj","lines":"34","arr":["34"],"terminus":1,"mode":"bus","color":"#0059a9","colorDark":"#00294f","angle":157.5,"snapDist":2,"label":1}},{"type":"Feature","geometry":{"type":"Point","coordinates":[25.644202,45.66562]},"properties":{"name":"Papa Reale","lines":"34","arr":["34"],"terminus":0,"mode":"bus","color":"#0059a9","colorDark":"#00294f","angle":344.6,"snapDist":6,"label":1}},{"type":"Feature","geometry":{"type":"Point","coordinates":[25.640206,45.660853]},"properties":{"name":"CET","lines":"34","arr":["34"],"terminus":0,"mode":"bus","color":"#0059a9","colorDark":"#00294f","angle":237.2,"snapDist":6,"label":1}},{"type":"Feature","geometry":{"type":"Point","coordinates":[25.643073,45.65817]},"properties":{"name":"Diversitas","lines":"34","arr":["34"],"terminus":0,"mode":"bus","color":"#0059a9","colorDark":"#00294f","angle":224.5,"snapDist":12,"label":1}},{"type":"Feature","geometry":{"type":"Point","coordinates":[25.647354,45.656063]},"properties":{"name":"Silnef","lines":"34","arr":["34"],"terminus":0,"mode":"bus","color":"#0059a9","colorDark":"#00294f","angle":213.6,"snapDist":5,"label":1}},{"type":"Feature","geometry":{"type":"Point","coordinates":[25.653797,45.653157]},"properties":{"name":"Energo","lines":"34","arr":["34"],"terminus":0,"mode":"bus","color":"#0059a9","colorDark":"#00294f","angle":235.7,"snapDist":11,"label":1}},{"type":"Feature","geometry":{"type":"Point","coordinates":[25.651545,45.64903]},"properties":{"name":"Cernatului","lines":"34, 34B, 610, 611, 612","arr":["34","34B","610","611","612"],"terminus":0,"mode":"bus","color":"#0059a9","colorDark":"#00294f","angle":1.5,"snapDist":9,"label":1}},{"type":"Feature","geometry":{"type":"Point","coordinates":[25.647487,45.649113]},"properties":{"name":"Carfil","lines":"34, 34B, 610, 611, 612","arr":["34","34B","610","611","612"],"terminus":0,"mode":"bus","color":"#0059a9","colorDark":"#00294f","angle":0.4,"snapDist":9,"label":1}},{"type":"Feature","geometry":{"type":"Point","coordinates":[25.643484,45.649125]},"properties":{"name":"Romradiatoare","lines":"34, 34B, 610, 611, 612","arr":["34","34B","610","611","612"],"terminus":0,"mode":"bus","color":"#0059a9","colorDark":"#00294f","angle":357.2,"snapDist":7,"label":1}},{"type":"Feature","geometry":{"type":"Point","coordinates":[25.639569,45.64903]},"properties":{"name":"Poligrafie","lines":"34, 34B, 610, 611, 612","arr":["34","34B","610","611","612"],"terminus":0,"mode":"bus","color":"#0059a9","colorDark":"#00294f","angle":3.9,"snapDist":11,"label":1}},{"type":"Feature","geometry":{"type":"Point","coordinates":[25.628544,45.649549]},"properties":{"name":"Gemenii","lines":"34, 34B, 56, 610, 611, 612","arr":["34","34B","56","610","611","612"],"terminus":0,"mode":"bus","color":"#0059a9","colorDark":"#00294f","angle":6.3,"snapDist":7,"label":0}},{"type":"Feature","geometry":{"type":"Point","coordinates":[25.628913,45.649532]},"properties":{"name":"Gemenii","lines":"34, 34B, 56, 610, 611, 612","arr":["34","34B","56","610","611","612"],"terminus":1,"mode":"bus","color":"#0059a9","colorDark":"#00294f","angle":183.4,"snapDist":11,"label":1}},{"type":"Feature","geometry":{"type":"Point","coordinates":[25.640629,45.649003]},"properties":{"name":"Poligrafie","lines":"34, 34B, 610, 611, 612","arr":["34","34B","610","611","612"],"terminus":0,"mode":"bus","color":"#0059a9","colorDark":"#00294f","angle":178.4,"snapDist":13,"label":0}},{"type":"Feature","geometry":{"type":"Point","coordinates":[25.644425,45.649152]},"properties":{"name":"Romradiatoare","lines":"34, 34B, 610, 611, 612","arr":["34","34B","610","611","612"],"terminus":0,"mode":"bus","color":"#0059a9","colorDark":"#00294f","angle":178.6,"snapDist":12,"label":0}},{"type":"Feature","geometry":{"type":"Point","coordinates":[25.648148,45.649107]},"properties":{"name":"Carfil","lines":"34, 34B, 610, 611, 612","arr":["34","34B","610","611","612"],"terminus":0,"mode":"bus","color":"#0059a9","colorDark":"#00294f","angle":181,"snapDist":12,"label":0}},{"type":"Feature","geometry":{"type":"Point","coordinates":[25.652449,45.649005]},"properties":{"name":"Cernatului","lines":"34, 34B, 610, 611, 612","arr":["34","34B","610","611","612"],"terminus":0,"mode":"bus","color":"#0059a9","colorDark":"#00294f","angle":182.5,"snapDist":10,"label":0}},{"type":"Feature","geometry":{"type":"Point","coordinates":[25.655373,45.649309]},"properties":{"name":"Timișul Sec","lines":"34","arr":["34"],"terminus":0,"mode":"bus","color":"#0059a9","colorDark":"#00294f","angle":97.8,"snapDist":7,"label":1}},{"type":"Feature","geometry":{"type":"Point","coordinates":[25.653669,45.653285]},"properties":{"name":"Energo","lines":"34","arr":["34"],"terminus":0,"mode":"bus","color":"#0059a9","colorDark":"#00294f","angle":54.7,"snapDist":7,"label":0}},{"type":"Feature","geometry":{"type":"Point","coordinates":[25.646985,45.656236]},"properties":{"name":"Silnef","lines":"34","arr":["34"],"terminus":0,"mode":"bus","color":"#0059a9","colorDark":"#00294f","angle":34.1,"snapDist":4,"label":0}},{"type":"Feature","geometry":{"type":"Point","coordinates":[25.64277,45.658378]},"properties":{"name":"Diversitas","lines":"34","arr":["34"],"terminus":0,"mode":"bus","color":"#0059a9","colorDark":"#00294f","angle":44.5,"snapDist":8,"label":0}},{"type":"Feature","geometry":{"type":"Point","coordinates":[25.639958,45.661114]},"properties":{"name":"CET","lines":"34","arr":["34"],"terminus":0,"mode":"bus","color":"#0059a9","colorDark":"#00294f","angle":55.2,"snapDist":7,"label":0}},{"type":"Feature","geometry":{"type":"Point","coordinates":[25.643927,45.665364]},"properties":{"name":"Papa Reale","lines":"34","arr":["34"],"terminus":0,"mode":"bus","color":"#0059a9","colorDark":"#00294f","angle":89.6,"snapDist":4,"label":0}},{"type":"Feature","geometry":{"type":"Point","coordinates":[25.704218,45.670838]},"properties":{"name":"Izvor Cap Linie","lines":"34B","arr":["34B"],"terminus":1,"mode":"bus","color":"#0059a9","colorDark":"#00294f","angle":92.1,"snapDist":4,"label":1}},{"type":"Feature","geometry":{"type":"Point","coordinates":[25.707187,45.664907]},"properties":{"name":"Hărmanului","lines":"34B","arr":["34B"],"terminus":0,"mode":"bus","color":"#0059a9","colorDark":"#00294f","angle":258.7,"snapDist":6,"label":1}},{"type":"Feature","geometry":{"type":"Point","coordinates":[25.708786,45.659091]},"properties":{"name":"Hărmanului 1","lines":"34B","arr":["34B"],"terminus":0,"mode":"bus","color":"#0059a9","colorDark":"#00294f","angle":258.3,"snapDist":4,"label":1}},{"type":"Feature","geometry":{"type":"Point","coordinates":[25.71008,45.654521]},"properties":{"name":"Hărmanului 2","lines":"34B","arr":["34B"],"terminus":0,"mode":"bus","color":"#0059a9","colorDark":"#00294f","angle":259.2,"snapDist":6,"label":1}},{"type":"Feature","geometry":{"type":"Point","coordinates":[25.703697,45.651217]},"properties":{"name":"Izvorului","lines":"34B, 610, 611, 612","arr":["34B","610","611","612"],"terminus":0,"mode":"bus","color":"#0059a9","colorDark":"#00294f","angle":353,"snapDist":4,"label":1}},{"type":"Feature","geometry":{"type":"Point","coordinates":[25.703836,45.654269]},"properties":{"name":"Izvorului 1","lines":"34B","arr":["34B"],"terminus":0,"mode":"bus","color":"#0059a9","colorDark":"#00294f","angle":84.2,"snapDist":1,"label":1}},{"type":"Feature","geometry":{"type":"Point","coordinates":[25.703393,45.659596]},"properties":{"name":"Izvorului 2","lines":"34B","arr":["34B"],"terminus":0,"mode":"bus","color":"#0059a9","colorDark":"#00294f","angle":86.8,"snapDist":4,"label":1}},{"type":"Feature","geometry":{"type":"Point","coordinates":[25.703732,45.66389]},"properties":{"name":"Izvorului 3","lines":"34B","arr":["34B"],"terminus":0,"mode":"bus","color":"#0059a9","colorDark":"#00294f","angle":94.7,"snapDist":3,"label":1}},{"type":"Feature","geometry":{"type":"Point","coordinates":[25.634092,45.620286]},"properties":{"name":"Noua","lines":"35, TE4","arr":["35","TE4"],"terminus":1,"mode":"bus","color":"#0059a9","colorDark":"#00294f","angle":106.8,"snapDist":3,"label":0}},{"type":"Feature","geometry":{"type":"Point","coordinates":[25.595456,45.666536]},"properties":{"name":"Independenței","lines":"36","arr":["36"],"terminus":1,"mode":"bus","color":"#0059a9","colorDark":"#00294f","angle":218.2,"snapDist":4,"label":1}},{"type":"Feature","geometry":{"type":"Point","coordinates":[25.596162,45.670169]},"properties":{"name":"Argintului","lines":"36","arr":["36"],"terminus":0,"mode":"bus","color":"#0059a9","colorDark":"#00294f","angle":95.4,"snapDist":7,"label":1}},{"type":"Feature","geometry":{"type":"Point","coordinates":[25.599507,45.670695]},"properties":{"name":"Ioan Socec","lines":"36, TE8","arr":["36","TE8"],"terminus":0,"mode":"bus","color":"#0059a9","colorDark":"#00294f","angle":276.1,"snapDist":8,"label":1}},{"type":"Feature","geometry":{"type":"Point","coordinates":[25.598936,45.667078]},"properties":{"name":"Bronzului","lines":"36","arr":["36"],"terminus":0,"mode":"bus","color":"#0059a9","colorDark":"#00294f","angle":96.6,"snapDist":10,"label":1}},{"type":"Feature","geometry":{"type":"Point","coordinates":[25.599406,45.670037]},"properties":{"name":"Ioan Socec","lines":"36","arr":["36"],"terminus":0,"mode":"bus","color":"#0059a9","colorDark":"#00294f","angle":96.1,"snapDist":9,"label":0}},{"type":"Feature","geometry":{"type":"Point","coordinates":[25.598953,45.673421]},"properties":{"name":"Ștefan Baciu","lines":"36","arr":["36"],"terminus":0,"mode":"bus","color":"#0059a9","colorDark":"#00294f","angle":5.5,"snapDist":5,"label":1}},{"type":"Feature","geometry":{"type":"Point","coordinates":[25.593225,45.67297]},"properties":{"name":"Alexandru Ciurcu","lines":"36","arr":["36"],"terminus":0,"mode":"bus","color":"#0059a9","colorDark":"#00294f","angle":276.1,"snapDist":6,"label":1}},{"type":"Feature","geometry":{"type":"Point","coordinates":[25.59625,45.670766]},"properties":{"name":"Argintului","lines":"36","arr":["36"],"terminus":0,"mode":"bus","color":"#0059a9","colorDark":"#00294f","angle":275.7,"snapDist":6,"label":0}},{"type":"Feature","geometry":{"type":"Point","coordinates":[25.627206,45.660904]},"properties":{"name":"Ceferiștilor","lines":"37","arr":["37"],"terminus":0,"mode":"bus","color":"#0059a9","colorDark":"#00294f","angle":220.9,"snapDist":3,"label":1}},{"type":"Feature","geometry":{"type":"Point","coordinates":[25.63154,45.656634]},"properties":{"name":"Intrarea Ceferiștilor","lines":"37","arr":["37"],"terminus":0,"mode":"bus","color":"#0059a9","colorDark":"#00294f","angle":247.1,"snapDist":6,"label":1}},{"type":"Feature","geometry":{"type":"Point","coordinates":[25.633413,45.656919]},"properties":{"name":"Craiter","lines":"37","arr":["37"],"terminus":1,"mode":"bus","color":"#0059a9","colorDark":"#00294f","angle":159.2,"snapDist":4,"label":1}},{"type":"Feature","geometry":{"type":"Point","coordinates":[25.632056,45.659755]},"properties":{"name":"Pavilioanele CFR","lines":"37","arr":["37"],"terminus":0,"mode":"bus","color":"#0059a9","colorDark":"#00294f","angle":67.9,"snapDist":5,"label":1}},{"type":"Feature","geometry":{"type":"Point","coordinates":[25.612285,45.660653]},"properties":{"name":"Terminal Gară","lines":"40, 42","arr":["40","42"],"terminus":1,"mode":"bus","color":"#0059a9","colorDark":"#00294f","angle":345,"snapDist":3,"label":0}},{"type":"Feature","geometry":{"type":"Point","coordinates":[25.590481,45.671058]},"properties":{"name":"Hotel Trifan","lines":"40, 42, 310, 320","arr":["40","42","310","320"],"terminus":0,"mode":"bus","color":"#0059a9","colorDark":"#00294f","angle":76.4,"snapDist":5,"label":1}},{"type":"Feature","geometry":{"type":"Point","coordinates":[25.589599,45.673581]},"properties":{"name":"Leroy Merlin","lines":"40, 42, 310, 320","arr":["40","42","310","320"],"terminus":0,"mode":"bus","color":"#0059a9","colorDark":"#00294f","angle":75.7,"snapDist":7,"label":1}},{"type":"Feature","geometry":{"type":"Point","coordinates":[25.587003,45.678701]},"properties":{"name":"Dedeman","lines":"40, 42, 310, 320","arr":["40","42","310","320"],"terminus":0,"mode":"bus","color":"#0059a9","colorDark":"#00294f","angle":64.3,"snapDist":7,"label":1}},{"type":"Feature","geometry":{"type":"Point","coordinates":[25.584201,45.683017]},"properties":{"name":"Iveco","lines":"40, 42, 310, 320","arr":["40","42","310","320"],"terminus":0,"mode":"bus","color":"#0059a9","colorDark":"#00294f","angle":65.7,"snapDist":4,"label":1}},{"type":"Feature","geometry":{"type":"Point","coordinates":[25.552386,45.707962]},"properties":{"name":"Dulgherului","lines":"40, 41","arr":["40","41"],"terminus":0,"mode":"bus","color":"#0059a9","colorDark":"#00294f","angle":76.8,"snapDist":6,"label":1}},{"type":"Feature","geometry":{"type":"Point","coordinates":[25.551127,45.7148]},"properties":{"name":"Lujerului","lines":"40, 41","arr":["40","41"],"terminus":0,"mode":"bus","color":"#0059a9","colorDark":"#00294f","angle":91.6,"snapDist":4,"label":1}},{"type":"Feature","geometry":{"type":"Point","coordinates":[25.551398,45.717987]},"properties":{"name":"Capra Neagrǎ","lines":"40, 41","arr":["40","41"],"terminus":0,"mode":"bus","color":"#0059a9","colorDark":"#00294f","angle":98.1,"snapDist":8,"label":1}},{"type":"Feature","geometry":{"type":"Point","coordinates":[25.551907,45.720941]},"properties":{"name":"Bȃrsei","lines":"40, 41","arr":["40","41"],"terminus":0,"mode":"bus","color":"#0059a9","colorDark":"#00294f","angle":96.8,"snapDist":4,"label":1}},{"type":"Feature","geometry":{"type":"Point","coordinates":[25.553088,45.723876]},"properties":{"name":"Gazon","lines":"40, 41","arr":["40","41"],"terminus":1,"mode":"bus","color":"#0059a9","colorDark":"#00294f","angle":-69.5,"snapDist":8,"label":1}},{"type":"Feature","geometry":{"type":"Point","coordinates":[25.551919,45.721008]},"properties":{"name":"Bȃrsei","lines":"40, 41","arr":["40","41"],"terminus":0,"mode":"bus","color":"#0059a9","colorDark":"#00294f","angle":276.8,"snapDist":6,"label":0}},{"type":"Feature","geometry":{"type":"Point","coordinates":[25.551441,45.718223]},"properties":{"name":"Capra Neagrǎ","lines":"40, 41","arr":["40","41"],"terminus":0,"mode":"bus","color":"#0059a9","colorDark":"#00294f","angle":276.8,"snapDist":7,"label":0}},{"type":"Feature","geometry":{"type":"Point","coordinates":[25.55112,45.714638]},"properties":{"name":"Lujerului","lines":"40, 41, TE13","arr":["40","41","TE13"],"terminus":0,"mode":"bus","color":"#0059a9","colorDark":"#00294f","angle":271.6,"snapDist":8,"label":0}},{"type":"Feature","geometry":{"type":"Point","coordinates":[25.552495,45.707637]},"properties":{"name":"Dulgherului","lines":"40, 41, TE13","arr":["40","41","TE13"],"terminus":0,"mode":"bus","color":"#0059a9","colorDark":"#00294f","angle":256.8,"snapDist":7,"label":0}},{"type":"Feature","geometry":{"type":"Point","coordinates":[25.555712,45.702221]},"properties":{"name":"Stupini Izvorului","lines":"40, 41, TE13","arr":["40","41","TE13"],"terminus":0,"mode":"bus","color":"#0059a9","colorDark":"#00294f","angle":254.4,"snapDist":6,"label":0}},{"type":"Feature","geometry":{"type":"Point","coordinates":[25.58348,45.683971]},"properties":{"name":"Mol","lines":"40, 42, 310, 320","arr":["40","42","310","320"],"terminus":0,"mode":"bus","color":"#0059a9","colorDark":"#00294f","angle":245.9,"snapDist":3,"label":1}},{"type":"Feature","geometry":{"type":"Point","coordinates":[25.588299,45.676465]},"properties":{"name":"Metabras","lines":"40, 42, 310, 320","arr":["40","42","310","320"],"terminus":0,"mode":"bus","color":"#0059a9","colorDark":"#00294f","angle":249.4,"snapDist":6,"label":1}},{"type":"Feature","geometry":{"type":"Point","coordinates":[25.590502,45.6707]},"properties":{"name":"Hotel Trifan","lines":"40, 42, 310, 320","arr":["40","42","310","320"],"terminus":0,"mode":"bus","color":"#0059a9","colorDark":"#00294f","angle":257,"snapDist":8,"label":0}},{"type":"Feature","geometry":{"type":"Point","coordinates":[25.558481,45.697934]},"properties":{"name":"Stupini Centru","lines":"41, TE13, TE15","arr":["41","TE13","TE15"],"terminus":1,"mode":"bus","color":"#0059a9","colorDark":"#00294f","angle":239.4,"snapDist":9,"label":1}},{"type":"Feature","geometry":{"type":"Point","coordinates":[25.561103,45.694874]},"properties":{"name":"Plugarilor","lines":"41, TE13","arr":["41","TE13"],"terminus":0,"mode":"bus","color":"#0059a9","colorDark":"#00294f","angle":239.9,"snapDist":8,"label":1}},{"type":"Feature","geometry":{"type":"Point","coordinates":[25.561363,45.693749]},"properties":{"name":"Oițelor","lines":"41","arr":["41"],"terminus":0,"mode":"bus","color":"#0059a9","colorDark":"#00294f","angle":1.2,"snapDist":7,"label":1}},{"type":"Feature","geometry":{"type":"Point","coordinates":[25.567849,45.688513]},"properties":{"name":"Racordnorm","lines":"41, TE13","arr":["41","TE13"],"terminus":0,"mode":"bus","color":"#0059a9","colorDark":"#00294f","angle":239.5,"snapDist":8,"label":1}},{"type":"Feature","geometry":{"type":"Point","coordinates":[25.56974,45.68589]},"properties":{"name":"Pensiunea Stupina","lines":"41, TE13","arr":["41","TE13"],"terminus":0,"mode":"bus","color":"#0059a9","colorDark":"#00294f","angle":247.7,"snapDist":5,"label":1}},{"type":"Feature","geometry":{"type":"Point","coordinates":[25.572602,45.680484]},"properties":{"name":"Stație Epurare","lines":"41, TE13","arr":["41","TE13"],"terminus":0,"mode":"bus","color":"#0059a9","colorDark":"#00294f","angle":254.6,"snapDist":6,"label":1}},{"type":"Feature","geometry":{"type":"Point","coordinates":[25.573732,45.677467]},"properties":{"name":"Coștila","lines":"41","arr":["41"],"terminus":0,"mode":"bus","color":"#0059a9","colorDark":"#00294f","angle":255.5,"snapDist":5,"label":1}},{"type":"Feature","geometry":{"type":"Point","coordinates":[25.575289,45.672739]},"properties":{"name":"Cimitirul Central","lines":"41, TE13","arr":["41","TE13"],"terminus":0,"mode":"bus","color":"#0059a9","colorDark":"#00294f","angle":257,"snapDist":8,"label":1}},{"type":"Feature","geometry":{"type":"Point","coordinates":[25.576228,45.668906]},"properties":{"name":"Dimitrie Anghel","lines":"41, TE13","arr":["41","TE13"],"terminus":0,"mode":"bus","color":"#0059a9","colorDark":"#00294f","angle":264,"snapDist":7,"label":1}},{"type":"Feature","geometry":{"type":"Point","coordinates":[25.5985,45.649291]},"properties":{"name":"Iuliu Maniu","lines":"41","arr":["41"],"terminus":0,"mode":"bus","color":"#0059a9","colorDark":"#00294f","angle":47.5,"snapDist":3,"label":0}},{"type":"Feature","geometry":{"type":"Point","coordinates":[25.576192,45.669154]},"properties":{"name":"Dimitrie Anghel","lines":"41","arr":["41"],"terminus":0,"mode":"bus","color":"#0059a9","colorDark":"#00294f","angle":84.2,"snapDist":6,"label":0}},{"type":"Feature","geometry":{"type":"Point","coordinates":[25.575095,45.673385]},"properties":{"name":"Cimitirul Central","lines":"41","arr":["41"],"terminus":0,"mode":"bus","color":"#0059a9","colorDark":"#00294f","angle":78.7,"snapDist":7,"label":0}},{"type":"Feature","geometry":{"type":"Point","coordinates":[25.573779,45.677344]},"properties":{"name":"Coștila","lines":"41","arr":["41"],"terminus":0,"mode":"bus","color":"#0059a9","colorDark":"#00294f","angle":74.6,"snapDist":9,"label":0}},{"type":"Feature","geometry":{"type":"Point","coordinates":[25.57249,45.680776]},"properties":{"name":"Stație Epurare","lines":"41","arr":["41"],"terminus":0,"mode":"bus","color":"#0059a9","colorDark":"#00294f","angle":74,"snapDist":4,"label":0}},{"type":"Feature","geometry":{"type":"Point","coordinates":[25.569517,45.686285]},"properties":{"name":"Pensiunea Stupina","lines":"41","arr":["41"],"terminus":0,"mode":"bus","color":"#0059a9","colorDark":"#00294f","angle":67.3,"snapDist":4,"label":0}},{"type":"Feature","geometry":{"type":"Point","coordinates":[25.56786,45.688501]},"properties":{"name":"Racordnorm","lines":"41","arr":["41"],"terminus":0,"mode":"bus","color":"#0059a9","colorDark":"#00294f","angle":59.2,"snapDist":15,"label":0}},{"type":"Feature","geometry":{"type":"Point","coordinates":[25.561271,45.69375]},"properties":{"name":"Oițelor","lines":"41","arr":["41"],"terminus":0,"mode":"bus","color":"#0059a9","colorDark":"#00294f","angle":181.2,"snapDist":9,"label":0}},{"type":"Feature","geometry":{"type":"Point","coordinates":[25.56103,45.69496]},"properties":{"name":"Plugarilor","lines":"41","arr":["41"],"terminus":0,"mode":"bus","color":"#0059a9","colorDark":"#00294f","angle":59.2,"snapDist":4,"label":0}},{"type":"Feature","geometry":{"type":"Point","coordinates":[25.586182,45.681751]},"properties":{"name":"Zona Industrială Griviței","lines":"42","arr":["42"],"terminus":1,"mode":"bus","color":"#0059a9","colorDark":"#00294f","angle":210,"snapDist":4,"label":1}},{"type":"Feature","geometry":{"type":"Point","coordinates":[25.558645,45.620185]},"properties":{"name":"Solomon","lines":"50","arr":["50"],"terminus":1,"mode":"bus","color":"#0059a9","colorDark":"#00294f","angle":141.6,"snapDist":2,"label":1}},{"type":"Feature","geometry":{"type":"Point","coordinates":[25.563031,45.623207]},"properties":{"name":"Graft","lines":"50","arr":["50"],"terminus":0,"mode":"bus","color":"#0059a9","colorDark":"#00294f","angle":121,"snapDist":2,"label":1}},{"type":"Feature","geometry":{"type":"Point","coordinates":[25.564485,45.624334]},"properties":{"name":"La Moară","lines":"50","arr":["50"],"terminus":0,"mode":"bus","color":"#0059a9","colorDark":"#00294f","angle":143.9,"snapDist":3,"label":1}},{"type":"Feature","geometry":{"type":"Point","coordinates":[25.566268,45.625674]},"properties":{"name":"Podul Crețului","lines":"50","arr":["50"],"terminus":0,"mode":"bus","color":"#0059a9","colorDark":"#00294f","angle":111.2,"snapDist":2,"label":1}},{"type":"Feature","geometry":{"type":"Point","coordinates":[25.567999,45.627872]},"properties":{"name":"Învățătorilor","lines":"50","arr":["50"],"terminus":0,"mode":"bus","color":"#0059a9","colorDark":"#00294f","angle":117.8,"snapDist":4,"label":1}},{"type":"Feature","geometry":{"type":"Point","coordinates":[25.571167,45.629801]},"properties":{"name":"Junilor","lines":"50","arr":["50"],"terminus":0,"mode":"bus","color":"#0059a9","colorDark":"#00294f","angle":183.1,"snapDist":6,"label":1}},{"type":"Feature","geometry":{"type":"Point","coordinates":[25.592385,45.641678]},"properties":{"name":"Bălcescu","lines":"50, 52","arr":["50","52"],"terminus":0,"mode":"bus","color":"#0059a9","colorDark":"#00294f","angle":155.5,"snapDist":7,"label":1}},{"type":"Feature","geometry":{"type":"Point","coordinates":[25.598837,45.645025]},"properties":{"name":"Star","lines":"50, 52","arr":["50","52"],"terminus":0,"mode":"bus","color":"#0059a9","colorDark":"#00294f","angle":129,"snapDist":8,"label":1}},{"type":"Feature","geometry":{"type":"Point","coordinates":[25.575307,45.632653]},"properties":{"name":"Tocile","lines":"50","arr":["50"],"terminus":0,"mode":"bus","color":"#0059a9","colorDark":"#00294f","angle":328.1,"snapDist":7,"label":0}},{"type":"Feature","geometry":{"type":"Point","coordinates":[25.572504,45.630595]},"properties":{"name":"Egalității","lines":"50","arr":["50"],"terminus":0,"mode":"bus","color":"#0059a9","colorDark":"#00294f","angle":318.4,"snapDist":4,"label":1}},{"type":"Feature","geometry":{"type":"Point","coordinates":[25.568989,45.629419]},"properties":{"name":"Variștei","lines":"50","arr":["50"],"terminus":0,"mode":"bus","color":"#0059a9","colorDark":"#00294f","angle":322.8,"snapDist":3,"label":1}},{"type":"Feature","geometry":{"type":"Point","coordinates":[25.567819,45.627717]},"properties":{"name":"Învățătorilor","lines":"50","arr":["50"],"terminus":0,"mode":"bus","color":"#0059a9","colorDark":"#00294f","angle":313,"snapDist":6,"label":0}},{"type":"Feature","geometry":{"type":"Point","coordinates":[25.566455,45.626164]},"properties":{"name":"Podul Crețului","lines":"50","arr":["50"],"terminus":0,"mode":"bus","color":"#0059a9","colorDark":"#00294f","angle":279.6,"snapDist":5,"label":0}},{"type":"Feature","geometry":{"type":"Point","coordinates":[25.564383,45.624281]},"properties":{"name":"La Moară","lines":"50","arr":["50"],"terminus":0,"mode":"bus","color":"#0059a9","colorDark":"#00294f","angle":321.8,"snapDist":5,"label":0}},{"type":"Feature","geometry":{"type":"Point","coordinates":[25.562833,45.622962]},"properties":{"name":"Graft","lines":"50","arr":["50"],"terminus":0,"mode":"bus","color":"#0059a9","colorDark":"#00294f","angle":299.1,"snapDist":7,"label":0}},{"type":"Feature","geometry":{"type":"Point","coordinates":[25.632224,45.632761]},"properties":{"name":"Roman","lines":"52, 56","arr":["52","56"],"terminus":1,"mode":"bus","color":"#0059a9","colorDark":"#00294f","angle":87.7,"snapDist":3,"label":0}},{"type":"Feature","geometry":{"type":"Point","coordinates":[25.617866,45.66394]},"properties":{"name":"Facultate Construcții","lines":"53","arr":["53"],"terminus":1,"mode":"bus","color":"#0059a9","colorDark":"#00294f","angle":-169.8,"snapDist":9,"label":1}},{"type":"Feature","geometry":{"type":"Point","coordinates":[25.61402,45.664434]},"properties":{"name":"Universitate Spiru Haret","lines":"53","arr":["53"],"terminus":0,"mode":"bus","color":"#0059a9","colorDark":"#00294f","angle":10.3,"snapDist":3,"label":1}},{"type":"Feature","geometry":{"type":"Point","coordinates":[25.624454,45.630706]},"properties":{"name":"Parc Industrial Metrom","lines":"53","arr":["53"],"terminus":0,"mode":"bus","color":"#0059a9","colorDark":"#00294f","angle":319.2,"snapDist":3,"label":1}},{"type":"Feature","geometry":{"type":"Point","coordinates":[25.622507,45.627518]},"properties":{"name":"Panselelor","lines":"53","arr":["53"],"terminus":1,"mode":"bus","color":"#0059a9","colorDark":"#00294f","angle":127.7,"snapDist":4,"label":1}},{"type":"Feature","geometry":{"type":"Point","coordinates":[25.6248,45.630915]},"properties":{"name":"Parc Industrial Metrom","lines":"53","arr":["53"],"terminus":0,"mode":"bus","color":"#0059a9","colorDark":"#00294f","angle":139.2,"snapDist":9,"label":0}},{"type":"Feature","geometry":{"type":"Point","coordinates":[25.609651,45.665036]},"properties":{"name":"Turnului","lines":"53","arr":["53"],"terminus":0,"mode":"bus","color":"#0059a9","colorDark":"#00294f","angle":191.7,"snapDist":10,"label":1}},{"type":"Feature","geometry":{"type":"Point","coordinates":[25.614769,45.664338]},"properties":{"name":"Patinoarul Olimpic","lines":"53","arr":["53"],"terminus":0,"mode":"bus","color":"#0059a9","colorDark":"#00294f","angle":190.4,"snapDist":8,"label":1}},{"type":"Feature","geometry":{"type":"Point","coordinates":[25.636959,45.667095]},"properties":{"name":"Fundătura Hărmanului","lines":"54","arr":["54"],"terminus":0,"mode":"bus","color":"#0059a9","colorDark":"#00294f","angle":142.3,"snapDist":6,"label":1}},{"type":"Feature","geometry":{"type":"Point","coordinates":[25.639756,45.668594]},"properties":{"name":"Metabras","lines":"54","arr":["54"],"terminus":0,"mode":"bus","color":"#0059a9","colorDark":"#00294f","angle":143.2,"snapDist":6,"label":1}},{"type":"Feature","geometry":{"type":"Point","coordinates":[25.645632,45.672747]},"properties":{"name":"Liceul CFR","lines":"54","arr":["54"],"terminus":0,"mode":"bus","color":"#0059a9","colorDark":"#00294f","angle":114.9,"snapDist":5,"label":1}},{"type":"Feature","geometry":{"type":"Point","coordinates":[25.648781,45.67539]},"properties":{"name":"Filiași","lines":"54","arr":["54"],"terminus":0,"mode":"bus","color":"#0059a9","colorDark":"#00294f","angle":139.2,"snapDist":8,"label":1}},{"type":"Feature","geometry":{"type":"Point","coordinates":[25.65421,45.678526]},"properties":{"name":"Liziera Brașov","lines":"54","arr":["54"],"terminus":0,"mode":"bus","color":"#0059a9","colorDark":"#00294f","angle":60,"snapDist":5,"label":1}},{"type":"Feature","geometry":{"type":"Point","coordinates":[25.648633,45.675289]},"properties":{"name":"Filiași","lines":"54","arr":["54"],"terminus":0,"mode":"bus","color":"#0059a9","colorDark":"#00294f","angle":-45.8,"snapDist":4,"label":0}},{"type":"Feature","geometry":{"type":"Point","coordinates":[25.645509,45.672563]},"properties":{"name":"Liceul CFR","lines":"54","arr":["54"],"terminus":0,"mode":"bus","color":"#0059a9","colorDark":"#00294f","angle":295.6,"snapDist":10,"label":0}},{"type":"Feature","geometry":{"type":"Point","coordinates":[25.639195,45.668304]},"properties":{"name":"Metabras","lines":"54","arr":["54"],"terminus":0,"mode":"bus","color":"#0059a9","colorDark":"#00294f","angle":321.9,"snapDist":7,"label":0}},{"type":"Feature","geometry":{"type":"Point","coordinates":[25.636677,45.666941]},"properties":{"name":"Fundătura Hărmanului","lines":"54","arr":["54"],"terminus":0,"mode":"bus","color":"#0059a9","colorDark":"#00294f","angle":318.2,"snapDist":6,"label":0}},{"type":"Feature","geometry":{"type":"Point","coordinates":[25.641073,45.640602]},"properties":{"name":"Cimitir Micșunica","lines":"56","arr":["56"],"terminus":1,"mode":"bus","color":"#0059a9","colorDark":"#00294f","angle":68.7,"snapDist":6,"label":1}},{"type":"Feature","geometry":{"type":"Point","coordinates":[25.640273,45.646529]},"properties":{"name":"Colegiul Tehnic Remus Răduleț","lines":"56","arr":["56"],"terminus":0,"mode":"bus","color":"#0059a9","colorDark":"#00294f","angle":152.9,"snapDist":9,"label":1}},{"type":"Feature","geometry":{"type":"Point","coordinates":[25.640348,45.646675]},"properties":{"name":"Colegiul Tehnic Remus Răduleț","lines":"56","arr":["56"],"terminus":0,"mode":"bus","color":"#0059a9","colorDark":"#00294f","angle":251.2,"snapDist":6,"label":0}},{"type":"Feature","geometry":{"type":"Point","coordinates":[25.471038,45.617219]},"properties":{"name":"Tineretului","lines":"110, 120","arr":["110","120"],"terminus":1,"mode":"bus","color":"#0059a9","colorDark":"#00294f","angle":207.5,"snapDist":9,"label":1}},{"type":"Feature","geometry":{"type":"Point","coordinates":[25.476004,45.617171]},"properties":{"name":"Unitate Militară Cristian","lines":"110, 120, 130, 131, 140","arr":["110","120","130","131","140"],"terminus":0,"mode":"bus","color":"#0059a9","colorDark":"#00294f","angle":100.9,"snapDist":6,"label":1}},{"type":"Feature","geometry":{"type":"Point","coordinates":[25.482385,45.625553]},"properties":{"name":"Centru Cristian","lines":"110, 120, 130, 131, 140","arr":["110","120","130","131","140"],"terminus":0,"mode":"bus","color":"#0059a9","colorDark":"#00294f","angle":122.1,"snapDist":8,"label":1}},{"type":"Feature","geometry":{"type":"Point","coordinates":[25.488959,45.63101]},"properties":{"name":"Eroilor (Cristian)","lines":"110, 120, 130, 131, 140","arr":["110","120","130","131","140"],"terminus":0,"mode":"bus","color":"#0059a9","colorDark":"#00294f","angle":136.1,"snapDist":5,"label":1}},{"type":"Feature","geometry":{"type":"Point","coordinates":[25.491825,45.632771]},"properties":{"name":"Oituz","lines":"110, 120, 130, 131, 140","arr":["110","120","130","131","140"],"terminus":0,"mode":"bus","color":"#0059a9","colorDark":"#00294f","angle":144.5,"snapDist":6,"label":1}},{"type":"Feature","geometry":{"type":"Point","coordinates":[25.498543,45.636305]},"properties":{"name":"Cos 2000","lines":"110, 120, 130, 131, 140","arr":["110","120","130","131","140"],"terminus":0,"mode":"bus","color":"#0059a9","colorDark":"#00294f","angle":322.3,"snapDist":7,"label":1}},{"type":"Feature","geometry":{"type":"Point","coordinates":[25.491773,45.632745]},"properties":{"name":"Oituz","lines":"110, 120, 130, 131, 140","arr":["110","120","130","131","140"],"terminus":0,"mode":"bus","color":"#0059a9","colorDark":"#00294f","angle":324.5,"snapDist":5,"label":0}},{"type":"Feature","geometry":{"type":"Point","coordinates":[25.486494,45.629666]},"properties":{"name":"Școala Cristian","lines":"110, 120, 130, 131, 140","arr":["110","120","130","131","140"],"terminus":0,"mode":"bus","color":"#0059a9","colorDark":"#00294f","angle":324.5,"snapDist":6,"label":1}},{"type":"Feature","geometry":{"type":"Point","coordinates":[25.479752,45.625041]},"properties":{"name":"Parcul Eroilor","lines":"110, 120","arr":["110","120"],"terminus":0,"mode":"bus","color":"#0059a9","colorDark":"#00294f","angle":353.7,"snapDist":3,"label":1}},{"type":"Feature","geometry":{"type":"Point","coordinates":[25.475293,45.625518]},"properties":{"name":"Laterală","lines":"110, 120","arr":["110","120"],"terminus":0,"mode":"bus","color":"#0059a9","colorDark":"#00294f","angle":38.3,"snapDist":6,"label":1}},{"type":"Feature","geometry":{"type":"Point","coordinates":[25.472976,45.6265]},"properties":{"name":"Caraiman","lines":"110, 120","arr":["110","120"],"terminus":0,"mode":"bus","color":"#0059a9","colorDark":"#00294f","angle":30.3,"snapDist":4,"label":1}},{"type":"Feature","geometry":{"type":"Point","coordinates":[25.465826,45.629535]},"properties":{"name":"Nicolae Titulescu","lines":"110, 120","arr":["110","120"],"terminus":0,"mode":"bus","color":"#0059a9","colorDark":"#00294f","angle":30.5,"snapDist":6,"label":1}},{"type":"Feature","geometry":{"type":"Point","coordinates":[25.471974,45.626912]},"properties":{"name":"Mircea Eliade","lines":"110, 120","arr":["110","120"],"terminus":0,"mode":"bus","color":"#0059a9","colorDark":"#00294f","angle":-151,"snapDist":9,"label":1}},{"type":"Feature","geometry":{"type":"Point","coordinates":[25.472678,45.625632]},"properties":{"name":"Cântar Vulcanului","lines":"110, 120","arr":["110","120"],"terminus":0,"mode":"bus","color":"#0059a9","colorDark":"#00294f","angle":302.3,"snapDist":2,"label":1}},{"type":"Feature","geometry":{"type":"Point","coordinates":[25.46829,45.620627]},"properties":{"name":"Bisericuța de Lemn","lines":"110, 120","arr":["110","120"],"terminus":0,"mode":"bus","color":"#0059a9","colorDark":"#00294f","angle":302.4,"snapDist":2,"label":1}},{"type":"Feature","geometry":{"type":"Point","coordinates":[25.421402,45.63399]},"properties":{"name":"Primăria Vulcan","lines":"120","arr":["120"],"terminus":1,"mode":"bus","color":"#0059a9","colorDark":"#00294f","angle":136.3,"snapDist":6,"label":1}},{"type":"Feature","geometry":{"type":"Point","coordinates":[25.432774,45.636647]},"properties":{"name":"Cartierul Florilor","lines":"120","arr":["120"],"terminus":0,"mode":"bus","color":"#0059a9","colorDark":"#00294f","angle":346.7,"snapDist":5,"label":1}},{"type":"Feature","geometry":{"type":"Point","coordinates":[25.457201,45.577382]},"properties":{"name":"Cap Linie Râșnov","lines":"130","arr":["130"],"terminus":1,"mode":"bus","color":"#0059a9","colorDark":"#00294f","angle":25,"snapDist":11,"label":1}},{"type":"Feature","geometry":{"type":"Point","coordinates":[25.459969,45.579995]},"properties":{"name":"Caragiale","lines":"130","arr":["130"],"terminus":0,"mode":"bus","color":"#0059a9","colorDark":"#00294f","angle":114.6,"snapDist":5,"label":1}},{"type":"Feature","geometry":{"type":"Point","coordinates":[25.461321,45.583594]},"properties":{"name":"Biserica","lines":"130","arr":["130"],"terminus":0,"mode":"bus","color":"#0059a9","colorDark":"#00294f","angle":110.8,"snapDist":6,"label":1}},{"type":"Feature","geometry":{"type":"Point","coordinates":[25.462865,45.588207]},"properties":{"name":"Primăria Veche","lines":"130","arr":["130"],"terminus":0,"mode":"bus","color":"#0059a9","colorDark":"#00294f","angle":130.6,"snapDist":5,"label":1}},{"type":"Feature","geometry":{"type":"Point","coordinates":[25.462971,45.590462]},"properties":{"name":"Mihai Viteazul","lines":"130","arr":["130"],"terminus":0,"mode":"bus","color":"#0059a9","colorDark":"#00294f","angle":27.7,"snapDist":3,"label":1}},{"type":"Feature","geometry":{"type":"Point","coordinates":[25.455648,45.590062]},"properties":{"name":"F.S.R.","lines":"130, 131, 140","arr":["130","131","140"],"terminus":0,"mode":"bus","color":"#0059a9","colorDark":"#00294f","angle":123.3,"snapDist":7,"label":1}},{"type":"Feature","geometry":{"type":"Point","coordinates":[25.459756,45.593554]},"properties":{"name":"Liceul Tehnologic","lines":"130, 131, 140","arr":["130","131","140"],"terminus":0,"mode":"bus","color":"#0059a9","colorDark":"#00294f","angle":151.3,"snapDist":7,"label":1}},{"type":"Feature","geometry":{"type":"Point","coordinates":[25.46513,45.599445]},"properties":{"name":"Lukoil","lines":"130, 131, 140","arr":["130","131","140"],"terminus":0,"mode":"bus","color":"#0059a9","colorDark":"#00294f","angle":116.2,"snapDist":8,"label":1}},{"type":"Feature","geometry":{"type":"Point","coordinates":[25.469172,45.608204]},"properties":{"name":"Blocurile MAN","lines":"130, 131, 140","arr":["130","131","140"],"terminus":0,"mode":"bus","color":"#0059a9","colorDark":"#00294f","angle":108.8,"snapDist":7,"label":1}},{"type":"Feature","geometry":{"type":"Point","coordinates":[25.481407,45.624363]},"properties":{"name":"Centru Cristian","lines":"130, 131, 140","arr":["130","131","140"],"terminus":0,"mode":"bus","color":"#0059a9","colorDark":"#00294f","angle":297.8,"snapDist":5,"label":0}},{"type":"Feature","geometry":{"type":"Point","coordinates":[25.475768,45.616403]},"properties":{"name":"Unitate Militară Cristian","lines":"130, 131, 140","arr":["130","131","140"],"terminus":0,"mode":"bus","color":"#0059a9","colorDark":"#00294f","angle":287.2,"snapDist":7,"label":0}},{"type":"Feature","geometry":{"type":"Point","coordinates":[25.469147,45.608153]},"properties":{"name":"Blocurile MAN","lines":"130, 131, 140","arr":["130","131","140"],"terminus":0,"mode":"bus","color":"#0059a9","colorDark":"#00294f","angle":288.8,"snapDist":6,"label":0}},{"type":"Feature","geometry":{"type":"Point","coordinates":[25.465032,45.599311]},"properties":{"name":"Lukoil","lines":"130, 131, 140","arr":["130","131","140"],"terminus":0,"mode":"bus","color":"#0059a9","colorDark":"#00294f","angle":302.1,"snapDist":5,"label":0}},{"type":"Feature","geometry":{"type":"Point","coordinates":[25.461252,45.593136]},"properties":{"name":"Liceul Tehnologic","lines":"130","arr":["130"],"terminus":0,"mode":"bus","color":"#0059a9","colorDark":"#00294f","angle":201.3,"snapDist":7,"label":0}},{"type":"Feature","geometry":{"type":"Point","coordinates":[25.462222,45.59243]},"properties":{"name":"Florilor","lines":"130","arr":["130"],"terminus":0,"mode":"bus","color":"#0059a9","colorDark":"#00294f","angle":290.6,"snapDist":7,"label":1}},{"type":"Feature","geometry":{"type":"Point","coordinates":[25.463621,45.590223]},"properties":{"name":"Mihai Viteazul","lines":"130","arr":["130"],"terminus":0,"mode":"bus","color":"#0059a9","colorDark":"#00294f","angle":207.8,"snapDist":7,"label":0}},{"type":"Feature","geometry":{"type":"Point","coordinates":[25.46262,45.588004]},"properties":{"name":"Primăria Veche","lines":"130","arr":["130"],"terminus":0,"mode":"bus","color":"#0059a9","colorDark":"#00294f","angle":309.2,"snapDist":3,"label":0}},{"type":"Feature","geometry":{"type":"Point","coordinates":[25.461339,45.583627]},"properties":{"name":"Biserica","lines":"130","arr":["130"],"terminus":0,"mode":"bus","color":"#0059a9","colorDark":"#00294f","angle":290.6,"snapDist":4,"label":0}},{"type":"Feature","geometry":{"type":"Point","coordinates":[25.43744,45.58754]},"properties":{"name":"Romacril","lines":"131, 140","arr":["131","140"],"terminus":1,"mode":"bus","color":"#0059a9","colorDark":"#00294f","angle":147.4,"snapDist":10,"label":1}},{"type":"Feature","geometry":{"type":"Point","coordinates":[25.441134,45.589112]},"properties":{"name":"Halta Romacril","lines":"131, 140","arr":["131","140"],"terminus":0,"mode":"bus","color":"#0059a9","colorDark":"#00294f","angle":146.9,"snapDist":7,"label":1}},{"type":"Feature","geometry":{"type":"Point","coordinates":[25.45268,45.589439]},"properties":{"name":"Alexandru Sahia","lines":"131, 140","arr":["131","140"],"terminus":0,"mode":"bus","color":"#0059a9","colorDark":"#00294f","angle":186.4,"snapDist":9,"label":1}},{"type":"Feature","geometry":{"type":"Point","coordinates":[25.452555,45.586366]},"properties":{"name":"Vasile Alecsandri","lines":"131","arr":["131"],"terminus":0,"mode":"bus","color":"#0059a9","colorDark":"#00294f","angle":297.5,"snapDist":6,"label":1}},{"type":"Feature","geometry":{"type":"Point","coordinates":[25.448795,45.580228]},"properties":{"name":"Complex Comercial","lines":"131","arr":["131"],"terminus":0,"mode":"bus","color":"#0059a9","colorDark":"#00294f","angle":180.1,"snapDist":14,"label":1}},{"type":"Feature","geometry":{"type":"Point","coordinates":[25.452164,45.58584]},"properties":{"name":"Șoseaua Branului","lines":"131","arr":["131"],"terminus":0,"mode":"bus","color":"#0059a9","colorDark":"#00294f","angle":116.7,"snapDist":7,"label":1}},{"type":"Feature","geometry":{"type":"Point","coordinates":[25.458315,45.59269]},"properties":{"name":"F.S.R.","lines":"131, 140","arr":["131","140"],"terminus":0,"mode":"bus","color":"#0059a9","colorDark":"#00294f","angle":291,"snapDist":8,"label":1}},{"type":"Feature","geometry":{"type":"Point","coordinates":[25.440414,45.588805]},"properties":{"name":"Halta Romacril","lines":"131, 140","arr":["131","140"],"terminus":0,"mode":"bus","color":"#0059a9","colorDark":"#00294f","angle":329.9,"snapDist":3,"label":0}},{"type":"Feature","geometry":{"type":"Point","coordinates":[25.313638,45.559098]},"properties":{"name":"CEC Zărnești","lines":"140","arr":["140"],"terminus":1,"mode":"bus","color":"#0059a9","colorDark":"#00294f","angle":94.5,"snapDist":5,"label":1}},{"type":"Feature","geometry":{"type":"Point","coordinates":[25.320683,45.559333]},"properties":{"name":"Catedrala","lines":"140","arr":["140"],"terminus":0,"mode":"bus","color":"#0059a9","colorDark":"#00294f","angle":177.6,"snapDist":4,"label":1}},{"type":"Feature","geometry":{"type":"Point","coordinates":[25.325109,45.562489]},"properties":{"name":"13 Decembrie","lines":"140","arr":["140"],"terminus":0,"mode":"bus","color":"#0059a9","colorDark":"#00294f","angle":76.2,"snapDist":4,"label":1}},{"type":"Feature","geometry":{"type":"Point","coordinates":[25.328209,45.566438]},"properties":{"name":"Celulozei","lines":"140","arr":["140"],"terminus":0,"mode":"bus","color":"#0059a9","colorDark":"#00294f","angle":132,"snapDist":4,"label":1}},{"type":"Feature","geometry":{"type":"Point","coordinates":[25.339508,45.570031]},"properties":{"name":"BRD","lines":"140","arr":["140"],"terminus":0,"mode":"bus","color":"#0059a9","colorDark":"#00294f","angle":138.7,"snapDist":9,"label":1}},{"type":"Feature","geometry":{"type":"Point","coordinates":[25.345103,45.572463]},"properties":{"name":"Transilvania","lines":"140","arr":["140"],"terminus":0,"mode":"bus","color":"#0059a9","colorDark":"#00294f","angle":150.1,"snapDist":6,"label":1}},{"type":"Feature","geometry":{"type":"Point","coordinates":[25.35347,45.571661]},"properties":{"name":"Monumentul Eroilor","lines":"140","arr":["140"],"terminus":0,"mode":"bus","color":"#0059a9","colorDark":"#00294f","angle":199.5,"snapDist":4,"label":1}},{"type":"Feature","geometry":{"type":"Point","coordinates":[25.36247,45.574793]},"properties":{"name":"Complex Comercial","lines":"140","arr":["140"],"terminus":0,"mode":"bus","color":"#0059a9","colorDark":"#00294f","angle":158.2,"snapDist":5,"label":1}},{"type":"Feature","geometry":{"type":"Point","coordinates":[25.374218,45.57611]},"properties":{"name":"Gara Tohanul Vechi","lines":"140","arr":["140"],"terminus":0,"mode":"bus","color":"#0059a9","colorDark":"#00294f","angle":180.2,"snapDist":5,"label":1}},{"type":"Feature","geometry":{"type":"Point","coordinates":[25.38139,45.577365]},"properties":{"name":"Strada Mare","lines":"140","arr":["140"],"terminus":0,"mode":"bus","color":"#0059a9","colorDark":"#00294f","angle":160.2,"snapDist":7,"label":1}},{"type":"Feature","geometry":{"type":"Point","coordinates":[25.396732,45.576933]},"properties":{"name":"Canton Zărnești","lines":"140","arr":["140"],"terminus":0,"mode":"bus","color":"#0059a9","colorDark":"#00294f","angle":173.8,"snapDist":5,"label":1}},{"type":"Feature","geometry":{"type":"Point","coordinates":[25.437413,45.587528]},"properties":{"name":"Romacril","lines":"140","arr":["140"],"terminus":0,"mode":"bus","color":"#0059a9","colorDark":"#00294f","angle":327.3,"snapDist":5,"label":0}},{"type":"Feature","geometry":{"type":"Point","coordinates":[25.396163,45.576896]},"properties":{"name":"Canton Zărnești","lines":"140","arr":["140"],"terminus":0,"mode":"bus","color":"#0059a9","colorDark":"#00294f","angle":355.7,"snapDist":6,"label":0}},{"type":"Feature","geometry":{"type":"Point","coordinates":[25.381507,45.577394]},"properties":{"name":"Strada Mare","lines":"140","arr":["140"],"terminus":0,"mode":"bus","color":"#0059a9","colorDark":"#00294f","angle":340.2,"snapDist":5,"label":0}},{"type":"Feature","geometry":{"type":"Point","coordinates":[25.373856,45.576117]},"properties":{"name":"Gara Tohanul Vechi","lines":"140","arr":["140"],"terminus":0,"mode":"bus","color":"#0059a9","colorDark":"#00294f","angle":3.8,"snapDist":3,"label":0}},{"type":"Feature","geometry":{"type":"Point","coordinates":[25.362529,45.57481]},"properties":{"name":"Complex Comercial","lines":"140","arr":["140"],"terminus":0,"mode":"bus","color":"#0059a9","colorDark":"#00294f","angle":338.2,"snapDist":5,"label":0}},{"type":"Feature","geometry":{"type":"Point","coordinates":[25.35358,45.571634]},"properties":{"name":"Monumentul Eroilor","lines":"140","arr":["140"],"terminus":0,"mode":"bus","color":"#0059a9","colorDark":"#00294f","angle":22.3,"snapDist":4,"label":0}},{"type":"Feature","geometry":{"type":"Point","coordinates":[25.345005,45.572424]},"properties":{"name":"Transilvania","lines":"140","arr":["140"],"terminus":0,"mode":"bus","color":"#0059a9","colorDark":"#00294f","angle":330.1,"snapDist":4,"label":0}},{"type":"Feature","geometry":{"type":"Point","coordinates":[25.339422,45.569978]},"properties":{"name":"BRD","lines":"140","arr":["140"],"terminus":0,"mode":"bus","color":"#0059a9","colorDark":"#00294f","angle":318.7,"snapDist":9,"label":0}},{"type":"Feature","geometry":{"type":"Point","coordinates":[25.328147,45.566389]},"properties":{"name":"Celulozei","lines":"140","arr":["140"],"terminus":0,"mode":"bus","color":"#0059a9","colorDark":"#00294f","angle":312,"snapDist":4,"label":0}},{"type":"Feature","geometry":{"type":"Point","coordinates":[25.325123,45.562449]},"properties":{"name":"13 Decembrie","lines":"140","arr":["140"],"terminus":0,"mode":"bus","color":"#0059a9","colorDark":"#00294f","angle":256.2,"snapDist":5,"label":0}},{"type":"Feature","geometry":{"type":"Point","coordinates":[25.32063,45.559332]},"properties":{"name":"Catedrala","lines":"140","arr":["140"],"terminus":0,"mode":"bus","color":"#0059a9","colorDark":"#00294f","angle":358.8,"snapDist":3,"label":0}},{"type":"Feature","geometry":{"type":"Point","coordinates":[25.503645,45.654824]},"properties":{"name":"Ghimbav Cap Linie","lines":"210","arr":["210"],"terminus":1,"mode":"bus","color":"#0059a9","colorDark":"#00294f","angle":222,"snapDist":5,"label":1}},{"type":"Feature","geometry":{"type":"Point","coordinates":[25.508448,45.658488]},"properties":{"name":"Crizantemei","lines":"210","arr":["210"],"terminus":0,"mode":"bus","color":"#0059a9","colorDark":"#00294f","angle":146.9,"snapDist":9,"label":1}},{"type":"Feature","geometry":{"type":"Point","coordinates":[25.512886,45.661319]},"properties":{"name":"Gențianei","lines":"210","arr":["210"],"terminus":0,"mode":"bus","color":"#0059a9","colorDark":"#00294f","angle":60.2,"snapDist":4,"label":1}},{"type":"Feature","geometry":{"type":"Point","coordinates":[25.512945,45.662994]},"properties":{"name":"Tess","lines":"210","arr":["210"],"terminus":0,"mode":"bus","color":"#0059a9","colorDark":"#00294f","angle":127.6,"snapDist":6,"label":1}},{"type":"Feature","geometry":{"type":"Point","coordinates":[25.518457,45.662527]},"properties":{"name":"Metro","lines":"210, 220","arr":["210","220"],"terminus":0,"mode":"bus","color":"#0059a9","colorDark":"#00294f","angle":3.5,"snapDist":52,"label":1}},{"type":"Feature","geometry":{"type":"Point","coordinates":[25.512779,45.664798]},"properties":{"name":"Diamant","lines":"210, 220","arr":["210","220"],"terminus":0,"mode":"bus","color":"#0059a9","colorDark":"#00294f","angle":64.6,"snapDist":12,"label":1}},{"type":"Feature","geometry":{"type":"Point","coordinates":[25.507725,45.667491]},"properties":{"name":"Făgărașului","lines":"210, 220","arr":["210","220"],"terminus":0,"mode":"bus","color":"#0059a9","colorDark":"#00294f","angle":30.3,"snapDist":5,"label":1}},{"type":"Feature","geometry":{"type":"Point","coordinates":[25.50364,45.669089]},"properties":{"name":"Troița Unirii","lines":"210","arr":["210"],"terminus":0,"mode":"bus","color":"#0059a9","colorDark":"#00294f","angle":209.8,"snapDist":5,"label":1}},{"type":"Feature","geometry":{"type":"Point","coordinates":[25.508545,45.667129]},"properties":{"name":"Făgărașului","lines":"210, 220","arr":["210","220"],"terminus":0,"mode":"bus","color":"#0059a9","colorDark":"#00294f","angle":205,"snapDist":5,"label":0}},{"type":"Feature","geometry":{"type":"Point","coordinates":[25.506819,45.663161]},"properties":{"name":"Morii","lines":"210","arr":["210"],"terminus":0,"mode":"bus","color":"#0059a9","colorDark":"#00294f","angle":342.9,"snapDist":3,"label":1}},{"type":"Feature","geometry":{"type":"Point","coordinates":[25.501759,45.661002]},"properties":{"name":"Troița Morii","lines":"210","arr":["210"],"terminus":0,"mode":"bus","color":"#0059a9","colorDark":"#00294f","angle":280.4,"snapDist":3,"label":1}},{"type":"Feature","geometry":{"type":"Point","coordinates":[25.501848,45.657577]},"properties":{"name":"Piateța Ștefan Cel Mare","lines":"210","arr":["210"],"terminus":0,"mode":"bus","color":"#0059a9","colorDark":"#00294f","angle":203.2,"snapDist":5,"label":1}},{"type":"Feature","geometry":{"type":"Point","coordinates":[25.452726,45.706897]},"properties":{"name":"Codlea Nord","lines":"220","arr":["220"],"terminus":1,"mode":"bus","color":"#0059a9","colorDark":"#00294f","angle":109.9,"snapDist":7,"label":1}},{"type":"Feature","geometry":{"type":"Point","coordinates":[25.448796,45.70226]},"properties":{"name":"Electrica","lines":"220","arr":["220"],"terminus":0,"mode":"bus","color":"#0059a9","colorDark":"#00294f","angle":296.8,"snapDist":9,"label":1}},{"type":"Feature","geometry":{"type":"Point","coordinates":[25.446974,45.699532]},"properties":{"name":"Muzeu","lines":"220","arr":["220"],"terminus":0,"mode":"bus","color":"#0059a9","colorDark":"#00294f","angle":302.1,"snapDist":7,"label":1}},{"type":"Feature","geometry":{"type":"Point","coordinates":[25.447982,45.692409]},"properties":{"name":"Primărie","lines":"220","arr":["220"],"terminus":0,"mode":"bus","color":"#0059a9","colorDark":"#00294f","angle":272.2,"snapDist":12,"label":1}},{"type":"Feature","geometry":{"type":"Point","coordinates":[25.453104,45.688669]},"properties":{"name":"Colorom","lines":"220","arr":["220"],"terminus":0,"mode":"bus","color":"#0059a9","colorDark":"#00294f","angle":209.7,"snapDist":13,"label":1}},{"type":"Feature","geometry":{"type":"Point","coordinates":[25.453018,45.688704]},"properties":{"name":"Colorom","lines":"220","arr":["220"],"terminus":0,"mode":"bus","color":"#0059a9","colorDark":"#00294f","angle":30.4,"snapDist":10,"label":0}},{"type":"Feature","geometry":{"type":"Point","coordinates":[25.448453,45.691499]},"properties":{"name":"Stadion","lines":"220","arr":["220"],"terminus":0,"mode":"bus","color":"#0059a9","colorDark":"#00294f","angle":66.6,"snapDist":9,"label":1}},{"type":"Feature","geometry":{"type":"Point","coordinates":[25.446614,45.699191]},"properties":{"name":"Centrul Istoric","lines":"220","arr":["220"],"terminus":0,"mode":"bus","color":"#0059a9","colorDark":"#00294f","angle":129.9,"snapDist":8,"label":1}},{"type":"Feature","geometry":{"type":"Point","coordinates":[25.44897,45.702481]},"properties":{"name":"Electrica","lines":"220","arr":["220"],"terminus":0,"mode":"bus","color":"#0059a9","colorDark":"#00294f","angle":121.3,"snapDist":6,"label":0}},{"type":"Feature","geometry":{"type":"Point","coordinates":[25.51049,45.775973]},"properties":{"name":"Satu Nou cap linie","lines":"310","arr":["310"],"terminus":1,"mode":"bus","color":"#0059a9","colorDark":"#00294f","angle":302.3,"snapDist":2,"label":1}},{"type":"Feature","geometry":{"type":"Point","coordinates":[25.512897,45.77309]},"properties":{"name":"Satu Nou centru","lines":"310","arr":["310"],"terminus":0,"mode":"bus","color":"#0059a9","colorDark":"#00294f","angle":287.6,"snapDist":7,"label":1}},{"type":"Feature","geometry":{"type":"Point","coordinates":[25.520708,45.77061]},"properties":{"name":"Poligonului","lines":"310","arr":["310"],"terminus":0,"mode":"bus","color":"#0059a9","colorDark":"#00294f","angle":221.3,"snapDist":9,"label":1}},{"type":"Feature","geometry":{"type":"Point","coordinates":[25.528926,45.765846]},"properties":{"name":"Brândușelor Hălchiu","lines":"310","arr":["310"],"terminus":0,"mode":"bus","color":"#0059a9","colorDark":"#00294f","angle":217.7,"snapDist":19,"label":1}},{"type":"Feature","geometry":{"type":"Point","coordinates":[25.543039,45.760877]},"properties":{"name":"Hălchiu Centru","lines":"310","arr":["310"],"terminus":0,"mode":"bus","color":"#0059a9","colorDark":"#00294f","angle":193.6,"snapDist":5,"label":1}},{"type":"Feature","geometry":{"type":"Point","coordinates":[25.558959,45.758512]},"properties":{"name":"Avicola","lines":"310","arr":["310"],"terminus":0,"mode":"bus","color":"#0059a9","colorDark":"#00294f","angle":200.5,"snapDist":4,"label":1}},{"type":"Feature","geometry":{"type":"Point","coordinates":[25.573562,45.754161]},"properties":{"name":"Privighetorii","lines":"310","arr":["310"],"terminus":0,"mode":"bus","color":"#0059a9","colorDark":"#00294f","angle":214.9,"snapDist":9,"label":1}},{"type":"Feature","geometry":{"type":"Point","coordinates":[25.581125,45.750467]},"properties":{"name":"Pod Bârsa Hălchiu","lines":"310","arr":["310"],"terminus":0,"mode":"bus","color":"#0059a9","colorDark":"#00294f","angle":215.2,"snapDist":9,"label":1}},{"type":"Feature","geometry":{"type":"Point","coordinates":[25.577454,45.729211]},"properties":{"name":"Ferma Asfalt","lines":"310, 320","arr":["310","320"],"terminus":0,"mode":"bus","color":"#0059a9","colorDark":"#00294f","angle":260.5,"snapDist":6,"label":1}},{"type":"Feature","geometry":{"type":"Point","coordinates":[25.612597,45.660712]},"properties":{"name":"Terminal Gară","lines":"310, 511","arr":["310","511"],"terminus":1,"mode":"bus","color":"#0059a9","colorDark":"#00294f","angle":345,"snapDist":2,"label":0}},{"type":"Feature","geometry":{"type":"Point","coordinates":[25.577295,45.731183]},"properties":{"name":"Ferma Asfalt","lines":"310, 320","arr":["310","320"],"terminus":0,"mode":"bus","color":"#0059a9","colorDark":"#00294f","angle":93.7,"snapDist":6,"label":0}},{"type":"Feature","geometry":{"type":"Point","coordinates":[25.580655,45.750699]},"properties":{"name":"Pod Bârsa Hălchiu","lines":"310","arr":["310"],"terminus":0,"mode":"bus","color":"#0059a9","colorDark":"#00294f","angle":35.2,"snapDist":7,"label":0}},{"type":"Feature","geometry":{"type":"Point","coordinates":[25.573945,45.753975]},"properties":{"name":"Privighetorii","lines":"310","arr":["310"],"terminus":0,"mode":"bus","color":"#0059a9","colorDark":"#00294f","angle":34.8,"snapDist":5,"label":0}},{"type":"Feature","geometry":{"type":"Point","coordinates":[25.558388,45.758658]},"properties":{"name":"Avicola","lines":"310","arr":["310"],"terminus":0,"mode":"bus","color":"#0059a9","colorDark":"#00294f","angle":19.6,"snapDist":4,"label":0}},{"type":"Feature","geometry":{"type":"Point","coordinates":[25.542672,45.760956]},"properties":{"name":"Hălchiu Centru","lines":"310","arr":["310"],"terminus":0,"mode":"bus","color":"#0059a9","colorDark":"#00294f","angle":17,"snapDist":4,"label":0}},{"type":"Feature","geometry":{"type":"Point","coordinates":[25.529233,45.765682]},"properties":{"name":"Brândușelor Hălchiu","lines":"310","arr":["310"],"terminus":0,"mode":"bus","color":"#0059a9","colorDark":"#00294f","angle":36.9,"snapDist":7,"label":0}},{"type":"Feature","geometry":{"type":"Point","coordinates":[25.520967,45.770451]},"properties":{"name":"Poligonului","lines":"310","arr":["310"],"terminus":0,"mode":"bus","color":"#0059a9","colorDark":"#00294f","angle":41.4,"snapDist":3,"label":0}},{"type":"Feature","geometry":{"type":"Point","coordinates":[25.512955,45.773228]},"properties":{"name":"Satu Nou centru","lines":"310","arr":["310"],"terminus":0,"mode":"bus","color":"#0059a9","colorDark":"#00294f","angle":106.2,"snapDist":6,"label":0}},{"type":"Feature","geometry":{"type":"Point","coordinates":[25.557368,45.837389]},"properties":{"name":"Rotbav","lines":"320","arr":["320"],"terminus":1,"mode":"bus","color":"#0059a9","colorDark":"#00294f","angle":346.9,"snapDist":6,"label":1}},{"type":"Feature","geometry":{"type":"Point","coordinates":[25.570686,45.825634]},"properties":{"name":"Reconstrucția","lines":"320","arr":["320"],"terminus":0,"mode":"bus","color":"#0059a9","colorDark":"#00294f","angle":225.3,"snapDist":10,"label":1}},{"type":"Feature","geometry":{"type":"Point","coordinates":[25.589223,45.81732]},"properties":{"name":"Troiță","lines":"320","arr":["320"],"terminus":0,"mode":"bus","color":"#0059a9","colorDark":"#00294f","angle":176.6,"snapDist":8,"label":1}},{"type":"Feature","geometry":{"type":"Point","coordinates":[25.593504,45.818853]},"properties":{"name":"Centru","lines":"320","arr":["320"],"terminus":0,"mode":"bus","color":"#0059a9","colorDark":"#00294f","angle":338,"snapDist":9,"label":1}},{"type":"Feature","geometry":{"type":"Point","coordinates":[25.593004,45.809534]},"properties":{"name":"Agromec","lines":"320","arr":["320"],"terminus":0,"mode":"bus","color":"#0059a9","colorDark":"#00294f","angle":255.8,"snapDist":8,"label":1}},{"type":"Feature","geometry":{"type":"Point","coordinates":[25.586745,45.766345]},"properties":{"name":"Ferma 11","lines":"320","arr":["320"],"terminus":0,"mode":"bus","color":"#0059a9","colorDark":"#00294f","angle":281.9,"snapDist":7,"label":1}},{"type":"Feature","geometry":{"type":"Point","coordinates":[25.612602,45.660771]},"properties":{"name":"Terminal Gară","lines":"320","arr":["320"],"terminus":1,"mode":"bus","color":"#0059a9","colorDark":"#00294f","angle":345.7,"snapDist":4,"label":0}},{"type":"Feature","geometry":{"type":"Point","coordinates":[25.586896,45.766816]},"properties":{"name":"Ferma 11","lines":"320","arr":["320"],"terminus":0,"mode":"bus","color":"#0059a9","colorDark":"#00294f","angle":101.9,"snapDist":6,"label":0}},{"type":"Feature","geometry":{"type":"Point","coordinates":[25.593443,45.808271]},"properties":{"name":"Agromec","lines":"320","arr":["320"],"terminus":0,"mode":"bus","color":"#0059a9","colorDark":"#00294f","angle":76.7,"snapDist":4,"label":0}},{"type":"Feature","geometry":{"type":"Point","coordinates":[25.600856,45.820124]},"properties":{"name":"Cetate","lines":"320","arr":["320"],"terminus":0,"mode":"bus","color":"#0059a9","colorDark":"#00294f","angle":161.6,"snapDist":7,"label":1}},{"type":"Feature","geometry":{"type":"Point","coordinates":[25.570395,45.825852]},"properties":{"name":"Reconstrucția","lines":"320","arr":["320"],"terminus":0,"mode":"bus","color":"#0059a9","colorDark":"#00294f","angle":47.3,"snapDist":5,"label":0}},{"type":"Feature","geometry":{"type":"Point","coordinates":[25.610733,45.700495]},"properties":{"name":"Subcetate","lines":"410","arr":["410"],"terminus":1,"mode":"bus","color":"#0059a9","colorDark":"#00294f","angle":235.1,"snapDist":7,"label":1}},{"type":"Feature","geometry":{"type":"Point","coordinates":[25.614771,45.696541]},"properties":{"name":"Subcetate 2","lines":"410","arr":["410"],"terminus":0,"mode":"bus","color":"#0059a9","colorDark":"#00294f","angle":235.2,"snapDist":6,"label":1}},{"type":"Feature","geometry":{"type":"Point","coordinates":[25.617796,45.693586]},"properties":{"name":"Aleea Păcii","lines":"410","arr":["410"],"terminus":0,"mode":"bus","color":"#0059a9","colorDark":"#00294f","angle":234,"snapDist":7,"label":1}},{"type":"Feature","geometry":{"type":"Point","coordinates":[25.615089,45.682095]},"properties":{"name":"Rulmentul","lines":"410, 411, 412","arr":["410","411","412"],"terminus":1,"mode":"bus","color":"#0059a9","colorDark":"#00294f","angle":229.1,"snapDist":10,"label":0}},{"type":"Feature","geometry":{"type":"Point","coordinates":[25.620356,45.691142]},"properties":{"name":"Aleea Păcii","lines":"410","arr":["410"],"terminus":0,"mode":"bus","color":"#0059a9","colorDark":"#00294f","angle":54.3,"snapDist":2,"label":1}},{"type":"Feature","geometry":{"type":"Point","coordinates":[25.61491,45.696401]},"properties":{"name":"Subcetate 2","lines":"410","arr":["410"],"terminus":0,"mode":"bus","color":"#0059a9","colorDark":"#00294f","angle":55.2,"snapDist":4,"label":0}},{"type":"Feature","geometry":{"type":"Point","coordinates":[25.639349,45.696232]},"properties":{"name":"Residence (capăt)","lines":"411, TE7S","arr":["411","TE7S"],"terminus":1,"mode":"bus","color":"#0059a9","colorDark":"#00294f","angle":67.4,"snapDist":3,"label":1}},{"type":"Feature","geometry":{"type":"Point","coordinates":[25.636392,45.701196]},"properties":{"name":"Galaxiei 1","lines":"411, TE7S","arr":["411","TE7S"],"terminus":0,"mode":"bus","color":"#0059a9","colorDark":"#00294f","angle":68.7,"snapDist":5,"label":1}},{"type":"Feature","geometry":{"type":"Point","coordinates":[25.633935,45.702568]},"properties":{"name":"Calea Hărmanului 2","lines":"411, TE7S","arr":["411","TE7S"],"terminus":0,"mode":"bus","color":"#0059a9","colorDark":"#00294f","angle":337.3,"snapDist":2,"label":1}},{"type":"Feature","geometry":{"type":"Point","coordinates":[25.629679,45.701313]},"properties":{"name":"Calea Hărmanului 1","lines":"411, TE7S","arr":["411","TE7S"],"terminus":0,"mode":"bus","color":"#0059a9","colorDark":"#00294f","angle":336.4,"snapDist":3,"label":1}},{"type":"Feature","geometry":{"type":"Point","coordinates":[25.625733,45.697205]},"properties":{"name":"Triajului","lines":"411, 412, 420, TE7S","arr":["411","412","420","TE7S"],"terminus":0,"mode":"bus","color":"#0059a9","colorDark":"#00294f","angle":296.2,"snapDist":5,"label":1}},{"type":"Feature","geometry":{"type":"Point","coordinates":[25.623026,45.693285]},"properties":{"name":"Sfântul Andrei","lines":"411, 412, 420, TE7S","arr":["411","412","420","TE7S"],"terminus":0,"mode":"bus","color":"#0059a9","colorDark":"#00294f","angle":293,"snapDist":9,"label":1}},{"type":"Feature","geometry":{"type":"Point","coordinates":[25.623543,45.694076]},"properties":{"name":"Sfântul Andrei","lines":"411, 412, 420, TE7S","arr":["411","412","420","TE7S"],"terminus":0,"mode":"bus","color":"#0059a9","colorDark":"#00294f","angle":116.3,"snapDist":6,"label":0}},{"type":"Feature","geometry":{"type":"Point","coordinates":[25.625976,45.697545]},"properties":{"name":"Triajului","lines":"411, 412, 420, TE7S","arr":["411","412","420","TE7S"],"terminus":0,"mode":"bus","color":"#0059a9","colorDark":"#00294f","angle":117.3,"snapDist":5,"label":0}},{"type":"Feature","geometry":{"type":"Point","coordinates":[25.630466,45.703318]},"properties":{"name":"Cartier","lines":"411, 412, 420, TE7S","arr":["411","412","420","TE7S"],"terminus":0,"mode":"bus","color":"#0059a9","colorDark":"#00294f","angle":118.9,"snapDist":9,"label":1}},{"type":"Feature","geometry":{"type":"Point","coordinates":[25.633716,45.708583]},"properties":{"name":"Biserica Ortodoxă","lines":"411, 412, 420, TE7S","arr":["411","412","420","TE7S"],"terminus":0,"mode":"bus","color":"#0059a9","colorDark":"#00294f","angle":103.6,"snapDist":7,"label":1}},{"type":"Feature","geometry":{"type":"Point","coordinates":[25.63537,45.710364]},"properties":{"name":"Ghiscan","lines":"411, TE7S","arr":["411","TE7S"],"terminus":0,"mode":"bus","color":"#0059a9","colorDark":"#00294f","angle":226.8,"snapDist":6,"label":1}},{"type":"Feature","geometry":{"type":"Point","coordinates":[25.639938,45.705482]},"properties":{"name":"Dealului","lines":"411, TE7S","arr":["411","TE7S"],"terminus":0,"mode":"bus","color":"#0059a9","colorDark":"#00294f","angle":247.7,"snapDist":6,"label":1}},{"type":"Feature","geometry":{"type":"Point","coordinates":[25.636973,45.700211]},"properties":{"name":"Galaxiei 1","lines":"411, TE7S","arr":["411","TE7S"],"terminus":0,"mode":"bus","color":"#0059a9","colorDark":"#00294f","angle":246.5,"snapDist":6,"label":0}},{"type":"Feature","geometry":{"type":"Point","coordinates":[25.637652,45.698264]},"properties":{"name":"Galaxiei 2","lines":"411, TE7S","arr":["411","TE7S"],"terminus":0,"mode":"bus","color":"#0059a9","colorDark":"#00294f","angle":247.7,"snapDist":5,"label":1}},{"type":"Feature","geometry":{"type":"Point","coordinates":[25.647424,45.722389]},"properties":{"name":"Spital","lines":"412","arr":["412"],"terminus":1,"mode":"bus","color":"#0059a9","colorDark":"#00294f","angle":350.4,"snapDist":5,"label":1}},{"type":"Feature","geometry":{"type":"Point","coordinates":[25.63217,45.717749]},"properties":{"name":"Aerodrom","lines":"412","arr":["412"],"terminus":0,"mode":"bus","color":"#0059a9","colorDark":"#00294f","angle":58.2,"snapDist":5,"label":1}},{"type":"Feature","geometry":{"type":"Point","coordinates":[25.627764,45.719518]},"properties":{"name":"Lacurilor","lines":"412","arr":["412"],"terminus":0,"mode":"bus","color":"#0059a9","colorDark":"#00294f","angle":1,"snapDist":3,"label":1}},{"type":"Feature","geometry":{"type":"Point","coordinates":[25.627202,45.717029]},"properties":{"name":"Morii Sânpetru","lines":"412, TE7S","arr":["412","TE7S"],"terminus":0,"mode":"bus","color":"#0059a9","colorDark":"#00294f","angle":266.5,"snapDist":7,"label":1}},{"type":"Feature","geometry":{"type":"Point","coordinates":[25.630318,45.715318]},"properties":{"name":"Rahovei","lines":"412, 420, TE7S","arr":["412","420","TE7S"],"terminus":0,"mode":"bus","color":"#0059a9","colorDark":"#00294f","angle":235.9,"snapDist":9,"label":1}},{"type":"Feature","geometry":{"type":"Point","coordinates":[25.633987,45.711707]},"properties":{"name":"Centru Sânpetru","lines":"412, 420, TE7S","arr":["412","420","TE7S"],"terminus":0,"mode":"bus","color":"#0059a9","colorDark":"#00294f","angle":235.1,"snapDist":6,"label":1}},{"type":"Feature","geometry":{"type":"Point","coordinates":[25.633508,45.707985]},"properties":{"name":"Biserica Ortodoxă","lines":"412, 420","arr":["412","420"],"terminus":0,"mode":"bus","color":"#0059a9","colorDark":"#00294f","angle":284.2,"snapDist":4,"label":0}},{"type":"Feature","geometry":{"type":"Point","coordinates":[25.630967,45.703957]},"properties":{"name":"Cartier","lines":"412, 420","arr":["412","420"],"terminus":0,"mode":"bus","color":"#0059a9","colorDark":"#00294f","angle":298.7,"snapDist":9,"label":0}},{"type":"Feature","geometry":{"type":"Point","coordinates":[25.633731,45.711972]},"properties":{"name":"Centru Sânpetru","lines":"412, 420, TE7S","arr":["412","420","TE7S"],"terminus":0,"mode":"bus","color":"#0059a9","colorDark":"#00294f","angle":56,"snapDist":6,"label":0}},{"type":"Feature","geometry":{"type":"Point","coordinates":[25.62954,45.716069]},"properties":{"name":"Rahovei","lines":"412, 420, TE7S","arr":["412","420","TE7S"],"terminus":0,"mode":"bus","color":"#0059a9","colorDark":"#00294f","angle":46.4,"snapDist":7,"label":0}},{"type":"Feature","geometry":{"type":"Point","coordinates":[25.627913,45.719516]},"properties":{"name":"Lacurilor","lines":"412","arr":["412"],"terminus":0,"mode":"bus","color":"#0059a9","colorDark":"#00294f","angle":181.6,"snapDist":6,"label":0}},{"type":"Feature","geometry":{"type":"Point","coordinates":[25.632281,45.717623]},"properties":{"name":"Aerodrom","lines":"412","arr":["412"],"terminus":0,"mode":"bus","color":"#0059a9","colorDark":"#00294f","angle":238.2,"snapDist":9,"label":0}},{"type":"Feature","geometry":{"type":"Point","coordinates":[25.598051,45.755461]},"properties":{"name":"Bod Colonie","lines":"420","arr":["420"],"terminus":1,"mode":"bus","color":"#0059a9","colorDark":"#00294f","angle":155.7,"snapDist":7,"label":1}},{"type":"Feature","geometry":{"type":"Point","coordinates":[25.607011,45.758285]},"properties":{"name":"Stația Radio","lines":"420","arr":["420"],"terminus":0,"mode":"bus","color":"#0059a9","colorDark":"#00294f","angle":156.1,"snapDist":5,"label":1}},{"type":"Feature","geometry":{"type":"Point","coordinates":[25.612994,45.760129]},"properties":{"name":"Lalelelor","lines":"420","arr":["420"],"terminus":0,"mode":"bus","color":"#0059a9","colorDark":"#00294f","angle":156.2,"snapDist":6,"label":1}},{"type":"Feature","geometry":{"type":"Point","coordinates":[25.62195,45.762881]},"properties":{"name":"Mihai Eminescu","lines":"420","arr":["420"],"terminus":0,"mode":"bus","color":"#0059a9","colorDark":"#00294f","angle":164.8,"snapDist":7,"label":1}},{"type":"Feature","geometry":{"type":"Point","coordinates":[25.628142,45.763758]},"properties":{"name":"Gării Bod","lines":"420","arr":["420"],"terminus":0,"mode":"bus","color":"#0059a9","colorDark":"#00294f","angle":168.2,"snapDist":6,"label":1}},{"type":"Feature","geometry":{"type":"Point","coordinates":[25.633107,45.764478]},"properties":{"name":"Avram Iancu","lines":"420","arr":["420"],"terminus":0,"mode":"bus","color":"#0059a9","colorDark":"#00294f","angle":169.1,"snapDist":7,"label":1}},{"type":"Feature","geometry":{"type":"Point","coordinates":[25.639887,45.7638]},"properties":{"name":"Primăria Bod","lines":"420","arr":["420"],"terminus":0,"mode":"bus","color":"#0059a9","colorDark":"#00294f","angle":37.5,"snapDist":11,"label":1}},{"type":"Feature","geometry":{"type":"Point","coordinates":[25.638809,45.757203]},"properties":{"name":"Brașovului","lines":"420","arr":["420"],"terminus":0,"mode":"bus","color":"#0059a9","colorDark":"#00294f","angle":285.2,"snapDist":6,"label":1}},{"type":"Feature","geometry":{"type":"Point","coordinates":[25.633667,45.744823]},"properties":{"name":"Matei Basarab","lines":"420","arr":["420"],"terminus":0,"mode":"bus","color":"#0059a9","colorDark":"#00294f","angle":286.3,"snapDist":5,"label":1}},{"type":"Feature","geometry":{"type":"Point","coordinates":[25.631764,45.740276]},"properties":{"name":"Barbu Știrbei","lines":"420","arr":["420"],"terminus":0,"mode":"bus","color":"#0059a9","colorDark":"#00294f","angle":286.1,"snapDist":6,"label":1}},{"type":"Feature","geometry":{"type":"Point","coordinates":[25.629954,45.735871]},"properties":{"name":"Voievozi","lines":"420","arr":["420"],"terminus":0,"mode":"bus","color":"#0059a9","colorDark":"#00294f","angle":286.4,"snapDist":5,"label":1}},{"type":"Feature","geometry":{"type":"Point","coordinates":[25.628096,45.728801]},"properties":{"name":"Spital Maria","lines":"420","arr":["420"],"terminus":0,"mode":"bus","color":"#0059a9","colorDark":"#00294f","angle":272,"snapDist":5,"label":1}},{"type":"Feature","geometry":{"type":"Point","coordinates":[25.627603,45.719671]},"properties":{"name":"Pășunii","lines":"420","arr":["420"],"terminus":0,"mode":"bus","color":"#0059a9","colorDark":"#00294f","angle":271.9,"snapDist":8,"label":1}},{"type":"Feature","geometry":{"type":"Point","coordinates":[25.614966,45.682288]},"properties":{"name":"Rulmentul","lines":"420, TE7, TE7S, TE8, TE9","arr":["420","TE7","TE7S","TE8","TE9"],"terminus":1,"mode":"bus","color":"#0059a9","colorDark":"#00294f","angle":229.2,"snapDist":9,"label":0}},{"type":"Feature","geometry":{"type":"Point","coordinates":[25.627627,45.720098]},"properties":{"name":"Pășunii","lines":"420","arr":["420"],"terminus":0,"mode":"bus","color":"#0059a9","colorDark":"#00294f","angle":92.3,"snapDist":5,"label":0}},{"type":"Feature","geometry":{"type":"Point","coordinates":[25.628083,45.728565]},"properties":{"name":"Spital Maria","lines":"420","arr":["420"],"terminus":0,"mode":"bus","color":"#0059a9","colorDark":"#00294f","angle":92.5,"snapDist":6,"label":0}},{"type":"Feature","geometry":{"type":"Point","coordinates":[25.629659,45.735173]},"properties":{"name":"Voievozi","lines":"420","arr":["420"],"terminus":0,"mode":"bus","color":"#0059a9","colorDark":"#00294f","angle":106.4,"snapDist":8,"label":0}},{"type":"Feature","geometry":{"type":"Point","coordinates":[25.631515,45.739671]},"properties":{"name":"Barbu Știrbei","lines":"420","arr":["420"],"terminus":0,"mode":"bus","color":"#0059a9","colorDark":"#00294f","angle":106,"snapDist":7,"label":0}},{"type":"Feature","geometry":{"type":"Point","coordinates":[25.633521,45.744477]},"properties":{"name":"Matei Basarab","lines":"420","arr":["420"],"terminus":0,"mode":"bus","color":"#0059a9","colorDark":"#00294f","angle":106.5,"snapDist":6,"label":0}},{"type":"Feature","geometry":{"type":"Point","coordinates":[25.638962,45.757559]},"properties":{"name":"Brașovului","lines":"420","arr":["420"],"terminus":0,"mode":"bus","color":"#0059a9","colorDark":"#00294f","angle":107.5,"snapDist":8,"label":0}},{"type":"Feature","geometry":{"type":"Point","coordinates":[25.632495,45.764392]},"properties":{"name":"Avram Iancu","lines":"420","arr":["420"],"terminus":0,"mode":"bus","color":"#0059a9","colorDark":"#00294f","angle":348,"snapDist":4,"label":0}},{"type":"Feature","geometry":{"type":"Point","coordinates":[25.627353,45.763651]},"properties":{"name":"Gării Bod","lines":"420","arr":["420"],"terminus":0,"mode":"bus","color":"#0059a9","colorDark":"#00294f","angle":348.1,"snapDist":4,"label":0}},{"type":"Feature","geometry":{"type":"Point","coordinates":[25.621521,45.76277]},"properties":{"name":"Mihai Eminescu","lines":"420","arr":["420"],"terminus":0,"mode":"bus","color":"#0059a9","colorDark":"#00294f","angle":336.2,"snapDist":4,"label":0}},{"type":"Feature","geometry":{"type":"Point","coordinates":[25.611954,45.759809]},"properties":{"name":"Lalelelor","lines":"420","arr":["420"],"terminus":0,"mode":"bus","color":"#0059a9","colorDark":"#00294f","angle":336.3,"snapDist":4,"label":0}},{"type":"Feature","geometry":{"type":"Point","coordinates":[25.606516,45.758133]},"properties":{"name":"Stația Radio","lines":"420","arr":["420"],"terminus":0,"mode":"bus","color":"#0059a9","colorDark":"#00294f","angle":336.8,"snapDist":5,"label":0}},{"type":"Feature","geometry":{"type":"Point","coordinates":[25.733987,45.766691]},"properties":{"name":"Cap Linie Podu Oltului","lines":"511","arr":["511"],"terminus":1,"mode":"bus","color":"#0059a9","colorDark":"#00294f","angle":330.9,"snapDist":5,"label":1}},{"type":"Feature","geometry":{"type":"Point","coordinates":[25.726939,45.764217]},"properties":{"name":"La Troița","lines":"511","arr":["511"],"terminus":0,"mode":"bus","color":"#0059a9","colorDark":"#00294f","angle":332.3,"snapDist":8,"label":1}},{"type":"Feature","geometry":{"type":"Point","coordinates":[25.721746,45.760116]},"properties":{"name":"Centru Podu Oltului","lines":"511","arr":["511"],"terminus":0,"mode":"bus","color":"#0059a9","colorDark":"#00294f","angle":300.1,"snapDist":8,"label":1}},{"type":"Feature","geometry":{"type":"Point","coordinates":[25.71505,45.755215]},"properties":{"name":"Oltului","lines":"511","arr":["511"],"terminus":0,"mode":"bus","color":"#0059a9","colorDark":"#00294f","angle":326.6,"snapDist":7,"label":1}},{"type":"Feature","geometry":{"type":"Point","coordinates":[25.701545,45.733533]},"properties":{"name":"Kogălniceanu Hărman","lines":"511","arr":["511"],"terminus":0,"mode":"bus","color":"#0059a9","colorDark":"#00294f","angle":289.5,"snapDist":8,"label":1}},{"type":"Feature","geometry":{"type":"Point","coordinates":[25.694326,45.718462]},"properties":{"name":"Dor Mărunt","lines":"511","arr":["511"],"terminus":0,"mode":"bus","color":"#0059a9","colorDark":"#00294f","angle":288.1,"snapDist":6,"label":1}},{"type":"Feature","geometry":{"type":"Point","coordinates":[25.693808,45.71526]},"properties":{"name":"Troița Mihai Viteazul","lines":"511","arr":["511"],"terminus":0,"mode":"bus","color":"#0059a9","colorDark":"#00294f","angle":354,"snapDist":8,"label":1}},{"type":"Feature","geometry":{"type":"Point","coordinates":[25.684442,45.714086]},"properties":{"name":"Muzeu Hărman","lines":"511","arr":["511"],"terminus":0,"mode":"bus","color":"#0059a9","colorDark":"#00294f","angle":91.8,"snapDist":4,"label":1}},{"type":"Feature","geometry":{"type":"Point","coordinates":[25.674705,45.719554]},"properties":{"name":"Tineretului (Hărman)","lines":"511","arr":["511"],"terminus":0,"mode":"bus","color":"#0059a9","colorDark":"#00294f","angle":328.9,"snapDist":4,"label":1}},{"type":"Feature","geometry":{"type":"Point","coordinates":[25.676406,45.713433]},"properties":{"name":"Troița Avram Iancu","lines":"511","arr":["511"],"terminus":0,"mode":"bus","color":"#0059a9","colorDark":"#00294f","angle":121.6,"snapDist":8,"label":1}},{"type":"Feature","geometry":{"type":"Point","coordinates":[25.684433,45.713882]},"properties":{"name":"Centru Hărman","lines":"511","arr":["511"],"terminus":0,"mode":"bus","color":"#0059a9","colorDark":"#00294f","angle":-88.3,"snapDist":9,"label":1}},{"type":"Feature","geometry":{"type":"Point","coordinates":[25.687567,45.706159]},"properties":{"name":"Preot Dimitrie Greceanu","lines":"511","arr":["511"],"terminus":0,"mode":"bus","color":"#0059a9","colorDark":"#00294f","angle":252.4,"snapDist":6,"label":1}},{"type":"Feature","geometry":{"type":"Point","coordinates":[25.689758,45.701984]},"properties":{"name":"Strada Daliei","lines":"511","arr":["511"],"terminus":0,"mode":"bus","color":"#0059a9","colorDark":"#00294f","angle":246.7,"snapDist":6,"label":1}},{"type":"Feature","geometry":{"type":"Point","coordinates":[25.647905,45.675804]},"properties":{"name":"Triaj","lines":"511, 540","arr":["511","540"],"terminus":0,"mode":"bus","color":"#0059a9","colorDark":"#00294f","angle":271.1,"snapDist":2,"label":0}},{"type":"Feature","geometry":{"type":"Point","coordinates":[25.689723,45.702042]},"properties":{"name":"Strada Daliei","lines":"511","arr":["511"],"terminus":0,"mode":"bus","color":"#0059a9","colorDark":"#00294f","angle":66.7,"snapDist":5,"label":0}},{"type":"Feature","geometry":{"type":"Point","coordinates":[25.68736,45.70661]},"properties":{"name":"Preot Dimitrie Greceanu","lines":"511","arr":["511"],"terminus":0,"mode":"bus","color":"#0059a9","colorDark":"#00294f","angle":72.2,"snapDist":9,"label":0}},{"type":"Feature","geometry":{"type":"Point","coordinates":[25.685359,45.713822]},"properties":{"name":"Centru","lines":"511","arr":["511"],"terminus":0,"mode":"bus","color":"#0059a9","colorDark":"#00294f","angle":167.6,"snapDist":6,"label":1}},{"type":"Feature","geometry":{"type":"Point","coordinates":[25.694684,45.715498]},"properties":{"name":"Troița Mihai Viteazul","lines":"511","arr":["511"],"terminus":0,"mode":"bus","color":"#0059a9","colorDark":"#00294f","angle":101.3,"snapDist":13,"label":0}},{"type":"Feature","geometry":{"type":"Point","coordinates":[25.694516,45.718853]},"properties":{"name":"Dor Mărunt","lines":"511","arr":["511"],"terminus":0,"mode":"bus","color":"#0059a9","colorDark":"#00294f","angle":113.3,"snapDist":4,"label":0}},{"type":"Feature","geometry":{"type":"Point","coordinates":[25.701717,45.733828]},"properties":{"name":"Kogălniceanu Hărman","lines":"511","arr":["511"],"terminus":0,"mode":"bus","color":"#0059a9","colorDark":"#00294f","angle":113,"snapDist":9,"label":0}},{"type":"Feature","geometry":{"type":"Point","coordinates":[25.715602,45.755436]},"properties":{"name":"Oltului","lines":"511","arr":["511"],"terminus":0,"mode":"bus","color":"#0059a9","colorDark":"#00294f","angle":150.7,"snapDist":3,"label":0}},{"type":"Feature","geometry":{"type":"Point","coordinates":[25.722532,45.761011]},"properties":{"name":"Centru Podu Oltului","lines":"511","arr":["511"],"terminus":0,"mode":"bus","color":"#0059a9","colorDark":"#00294f","angle":121.3,"snapDist":7,"label":0}},{"type":"Feature","geometry":{"type":"Point","coordinates":[25.727397,45.764379]},"properties":{"name":"La Troița","lines":"511","arr":["511"],"terminus":0,"mode":"bus","color":"#0059a9","colorDark":"#00294f","angle":154.9,"snapDist":4,"label":0}},{"type":"Feature","geometry":{"type":"Point","coordinates":[25.783488,45.759397]},"properties":{"name":"Lunca Câlnicului (Vizaviu)","lines":"520","arr":["520"],"terminus":1,"mode":"bus","color":"#0059a9","colorDark":"#00294f","angle":325.4,"snapDist":6,"label":1}},{"type":"Feature","geometry":{"type":"Point","coordinates":[25.776882,45.755202]},"properties":{"name":"Pictor A. Boanc","lines":"520","arr":["520"],"terminus":0,"mode":"bus","color":"#0059a9","colorDark":"#00294f","angle":312.2,"snapDist":6,"label":1}},{"type":"Feature","geometry":{"type":"Point","coordinates":[25.771779,45.750458]},"properties":{"name":"Școala Gimnazială Lunca Câlnicului","lines":"520","arr":["520"],"terminus":0,"mode":"bus","color":"#0059a9","colorDark":"#00294f","angle":201.9,"snapDist":7,"label":1}},{"type":"Feature","geometry":{"type":"Point","coordinates":[25.775978,45.749336]},"properties":{"name":"Grădiniță","lines":"520","arr":["520"],"terminus":0,"mode":"bus","color":"#0059a9","colorDark":"#00294f","angle":200.3,"snapDist":5,"label":1}},{"type":"Feature","geometry":{"type":"Point","coordinates":[25.779861,45.745433]},"properties":{"name":"Târg","lines":"520","arr":["520"],"terminus":0,"mode":"bus","color":"#0059a9","colorDark":"#00294f","angle":250.2,"snapDist":5,"label":1}},{"type":"Feature","geometry":{"type":"Point","coordinates":[25.780828,45.741993]},"properties":{"name":"Pista Carting","lines":"520","arr":["520"],"terminus":0,"mode":"bus","color":"#0059a9","colorDark":"#00294f","angle":277,"snapDist":4,"label":1}},{"type":"Feature","geometry":{"type":"Point","coordinates":[25.779557,45.738273]},"properties":{"name":"Gara Mare","lines":"520","arr":["520"],"terminus":0,"mode":"bus","color":"#0059a9","colorDark":"#00294f","angle":264.4,"snapDist":6,"label":1}},{"type":"Feature","geometry":{"type":"Point","coordinates":[25.779535,45.736016]},"properties":{"name":"Izvorul Cucu","lines":"520","arr":["520"],"terminus":0,"mode":"bus","color":"#0059a9","colorDark":"#00294f","angle":276.4,"snapDist":6,"label":1}},{"type":"Feature","geometry":{"type":"Point","coordinates":[25.77828,45.727704]},"properties":{"name":"Grindul Morii Mare","lines":"520","arr":["520"],"terminus":0,"mode":"bus","color":"#0059a9","colorDark":"#00294f","angle":289.1,"snapDist":7,"label":1}},{"type":"Feature","geometry":{"type":"Point","coordinates":[25.774607,45.722327]},"properties":{"name":"Primăria Prejmer","lines":"520","arr":["520"],"terminus":0,"mode":"bus","color":"#0059a9","colorDark":"#00294f","angle":286.8,"snapDist":11,"label":1}},{"type":"Feature","geometry":{"type":"Point","coordinates":[25.772984,45.720433]},"properties":{"name":"Biserica Fortificată","lines":"520","arr":["520"],"terminus":0,"mode":"bus","color":"#0059a9","colorDark":"#00294f","angle":304.1,"snapDist":4,"label":1}},{"type":"Feature","geometry":{"type":"Point","coordinates":[25.766865,45.718783]},"properties":{"name":"Colegiul Țara Bârsei","lines":"520, 540","arr":["520","540"],"terminus":0,"mode":"bus","color":"#0059a9","colorDark":"#00294f","angle":348,"snapDist":5,"label":1}},{"type":"Feature","geometry":{"type":"Point","coordinates":[25.757453,45.716937]},"properties":{"name":"Inginer Ioan Toma","lines":"520","arr":["520"],"terminus":0,"mode":"bus","color":"#0059a9","colorDark":"#00294f","angle":353.3,"snapDist":9,"label":1}},{"type":"Feature","geometry":{"type":"Point","coordinates":[25.737247,45.715191]},"properties":{"name":"Parc Industrial","lines":"520, 540","arr":["520","540"],"terminus":0,"mode":"bus","color":"#0059a9","colorDark":"#00294f","angle":259.9,"snapDist":5,"label":1}},{"type":"Feature","geometry":{"type":"Point","coordinates":[25.689824,45.700556]},"properties":{"name":"Hărman Gară","lines":"520, 540","arr":["520","540"],"terminus":0,"mode":"bus","color":"#0059a9","colorDark":"#00294f","angle":317,"snapDist":8,"label":1}},{"type":"Feature","geometry":{"type":"Point","coordinates":[25.647824,45.675762]},"properties":{"name":"Triaj","lines":"520","arr":["520"],"terminus":0,"mode":"bus","color":"#0059a9","colorDark":"#00294f","angle":272.8,"snapDist":2,"label":0}},{"type":"Feature","geometry":{"type":"Point","coordinates":[25.612588,45.660653]},"properties":{"name":"Terminal Gară","lines":"520","arr":["520"],"terminus":1,"mode":"bus","color":"#0059a9","colorDark":"#00294f","angle":342.7,"snapDist":2,"label":0}},{"type":"Feature","geometry":{"type":"Point","coordinates":[25.69114,45.701236]},"properties":{"name":"Hărman Gară","lines":"520, 540","arr":["520","540"],"terminus":0,"mode":"bus","color":"#0059a9","colorDark":"#00294f","angle":137.9,"snapDist":6,"label":0}},{"type":"Feature","geometry":{"type":"Point","coordinates":[25.737399,45.715202]},"properties":{"name":"Parc Industrial","lines":"520, 540","arr":["520","540"],"terminus":0,"mode":"bus","color":"#0059a9","colorDark":"#00294f","angle":77,"snapDist":11,"label":0}},{"type":"Feature","geometry":{"type":"Point","coordinates":[25.757158,45.71691]},"properties":{"name":"Inginer Ioan Toma","lines":"520","arr":["520"],"terminus":0,"mode":"bus","color":"#0059a9","colorDark":"#00294f","angle":171.7,"snapDist":10,"label":0}},{"type":"Feature","geometry":{"type":"Point","coordinates":[25.766677,45.718754]},"properties":{"name":"Colegiul Țara Bârsei","lines":"520, 540","arr":["520","540"],"terminus":0,"mode":"bus","color":"#0059a9","colorDark":"#00294f","angle":165.2,"snapDist":9,"label":0}},{"type":"Feature","geometry":{"type":"Point","coordinates":[25.772715,45.719868]},"properties":{"name":"Monumentul Eroilor 2","lines":"520","arr":["520"],"terminus":0,"mode":"bus","color":"#0059a9","colorDark":"#00294f","angle":86.4,"snapDist":6,"label":1}},{"type":"Feature","geometry":{"type":"Point","coordinates":[25.774859,45.722889]},"properties":{"name":"Biserica Sfinții Trei Ierarhi","lines":"520","arr":["520"],"terminus":0,"mode":"bus","color":"#0059a9","colorDark":"#00294f","angle":109.3,"snapDist":13,"label":1}},{"type":"Feature","geometry":{"type":"Point","coordinates":[25.778394,45.727979]},"properties":{"name":"Grindul Morii Mare","lines":"520","arr":["520"],"terminus":0,"mode":"bus","color":"#0059a9","colorDark":"#00294f","angle":105.5,"snapDist":11,"label":0}},{"type":"Feature","geometry":{"type":"Point","coordinates":[25.779575,45.736271]},"properties":{"name":"Izvorul Cucu","lines":"520","arr":["520"],"terminus":0,"mode":"bus","color":"#0059a9","colorDark":"#00294f","angle":96.4,"snapDist":3,"label":0}},{"type":"Feature","geometry":{"type":"Point","coordinates":[25.779542,45.738367]},"properties":{"name":"Gara Mare","lines":"520","arr":["520"],"terminus":0,"mode":"bus","color":"#0059a9","colorDark":"#00294f","angle":82.9,"snapDist":6,"label":0}},{"type":"Feature","geometry":{"type":"Point","coordinates":[25.780796,45.741862]},"properties":{"name":"Pista Carting","lines":"520","arr":["520"],"terminus":0,"mode":"bus","color":"#0059a9","colorDark":"#00294f","angle":103.8,"snapDist":5,"label":0}},{"type":"Feature","geometry":{"type":"Point","coordinates":[25.779791,45.745575]},"properties":{"name":"Târg","lines":"520","arr":["520"],"terminus":0,"mode":"bus","color":"#0059a9","colorDark":"#00294f","angle":70.9,"snapDist":5,"label":0}},{"type":"Feature","geometry":{"type":"Point","coordinates":[25.776233,45.74927]},"properties":{"name":"Grădiniță","lines":"520","arr":["520"],"terminus":0,"mode":"bus","color":"#0059a9","colorDark":"#00294f","angle":20.3,"snapDist":10,"label":0}},{"type":"Feature","geometry":{"type":"Point","coordinates":[25.772053,45.750383]},"properties":{"name":"Școala Gimnazială Lunca Câlnicului","lines":"520","arr":["520"],"terminus":0,"mode":"bus","color":"#0059a9","colorDark":"#00294f","angle":21.1,"snapDist":7,"label":0}},{"type":"Feature","geometry":{"type":"Point","coordinates":[25.77664,45.755016]},"properties":{"name":"Pictor A. Boanc","lines":"520","arr":["520"],"terminus":0,"mode":"bus","color":"#0059a9","colorDark":"#00294f","angle":132.4,"snapDist":10,"label":0}},{"type":"Feature","geometry":{"type":"Point","coordinates":[25.980834,45.578803]},"properties":{"name":"Vama de Sus","lines":"540, 541","arr":["540","541"],"terminus":1,"mode":"bus","color":"#0059a9","colorDark":"#00294f","angle":145.2,"snapDist":4,"label":1}},{"type":"Feature","geometry":{"type":"Point","coordinates":[25.988283,45.583403]},"properties":{"name":"Pensiunea Alina","lines":"540, 541","arr":["540","541"],"terminus":0,"mode":"bus","color":"#0059a9","colorDark":"#00294f","angle":101.3,"snapDist":6,"label":1}},{"type":"Feature","geometry":{"type":"Point","coordinates":[25.989591,45.587276]},"properties":{"name":"La Vlad","lines":"540, 541","arr":["540","541"],"terminus":0,"mode":"bus","color":"#0059a9","colorDark":"#00294f","angle":97.8,"snapDist":6,"label":1}},{"type":"Feature","geometry":{"type":"Point","coordinates":[25.991994,45.595564]},"properties":{"name":"Primărie Vama Buzăului","lines":"540, 541","arr":["540","541"],"terminus":0,"mode":"bus","color":"#0059a9","colorDark":"#00294f","angle":90.2,"snapDist":6,"label":1}},{"type":"Feature","geometry":{"type":"Point","coordinates":[25.99359,45.603109]},"properties":{"name":"Complex Cultural","lines":"540, 541","arr":["540","541"],"terminus":0,"mode":"bus","color":"#0059a9","colorDark":"#00294f","angle":107.4,"snapDist":7,"label":1}},{"type":"Feature","geometry":{"type":"Point","coordinates":[25.996699,45.610473]},"properties":{"name":"Gura Buzaielului","lines":"540","arr":["540"],"terminus":0,"mode":"bus","color":"#0059a9","colorDark":"#00294f","angle":100.9,"snapDist":6,"label":1}},{"type":"Feature","geometry":{"type":"Point","coordinates":[25.998289,45.617071]},"properties":{"name":"La Fabricuța","lines":"540","arr":["540"],"terminus":0,"mode":"bus","color":"#0059a9","colorDark":"#00294f","angle":92.9,"snapDist":8,"label":1}},{"type":"Feature","geometry":{"type":"Point","coordinates":[25.992926,45.629627]},"properties":{"name":"Rezervația de Zimbri","lines":"540","arr":["540"],"terminus":0,"mode":"bus","color":"#0059a9","colorDark":"#00294f","angle":106.2,"snapDist":7,"label":1}},{"type":"Feature","geometry":{"type":"Point","coordinates":[25.997319,45.64091]},"properties":{"name":"Acriș","lines":"540","arr":["540"],"terminus":0,"mode":"bus","color":"#0059a9","colorDark":"#00294f","angle":105.7,"snapDist":7,"label":1}},{"type":"Feature","geometry":{"type":"Point","coordinates":[25.999357,45.645475]},"properties":{"name":"Acriș Ieșire","lines":"540","arr":["540"],"terminus":0,"mode":"bus","color":"#0059a9","colorDark":"#00294f","angle":101.7,"snapDist":5,"label":1}},{"type":"Feature","geometry":{"type":"Point","coordinates":[25.930536,45.681512]},"properties":{"name":"Poiana Florilor","lines":"540","arr":["540"],"terminus":0,"mode":"bus","color":"#0059a9","colorDark":"#00294f","angle":23,"snapDist":4,"label":1}},{"type":"Feature","geometry":{"type":"Point","coordinates":[25.9207,45.681127]},"properties":{"name":"Viaduct","lines":"540","arr":["540"],"terminus":0,"mode":"bus","color":"#0059a9","colorDark":"#00294f","angle":14.9,"snapDist":4,"label":1}},{"type":"Feature","geometry":{"type":"Point","coordinates":[25.898343,45.686196]},"properties":{"name":"Pârâu Bozia","lines":"540","arr":["540"],"terminus":0,"mode":"bus","color":"#0059a9","colorDark":"#00294f","angle":30.5,"snapDist":7,"label":1}},{"type":"Feature","geometry":{"type":"Point","coordinates":[25.887906,45.689438]},"properties":{"name":"Școala Teliu","lines":"540","arr":["540"],"terminus":0,"mode":"bus","color":"#0059a9","colorDark":"#00294f","angle":30.2,"snapDist":6,"label":1}},{"type":"Feature","geometry":{"type":"Point","coordinates":[25.874039,45.693061]},"properties":{"name":"Lupu","lines":"540","arr":["540"],"terminus":0,"mode":"bus","color":"#0059a9","colorDark":"#00294f","angle":31.1,"snapDist":1,"label":1}},{"type":"Feature","geometry":{"type":"Point","coordinates":[25.857432,45.698425]},"properties":{"name":"Primăria Teliu","lines":"540","arr":["540"],"terminus":0,"mode":"bus","color":"#0059a9","colorDark":"#00294f","angle":30.7,"snapDist":5,"label":1}},{"type":"Feature","geometry":{"type":"Point","coordinates":[25.843987,45.70416]},"properties":{"name":"Peco Teliu","lines":"540","arr":["540"],"terminus":0,"mode":"bus","color":"#0059a9","colorDark":"#00294f","angle":28.2,"snapDist":7,"label":1}},{"type":"Feature","geometry":{"type":"Point","coordinates":[25.815402,45.713162]},"properties":{"name":"Rura Mare","lines":"540","arr":["540"],"terminus":0,"mode":"bus","color":"#0059a9","colorDark":"#00294f","angle":348.3,"snapDist":6,"label":1}},{"type":"Feature","geometry":{"type":"Point","coordinates":[25.806869,45.713048]},"properties":{"name":"Bisericii","lines":"540","arr":["540"],"terminus":0,"mode":"bus","color":"#0059a9","colorDark":"#00294f","angle":1.7,"snapDist":5,"label":1}},{"type":"Feature","geometry":{"type":"Point","coordinates":[25.779038,45.714286]},"properties":{"name":"Mitropolit Andrei Șaguna","lines":"540","arr":["540"],"terminus":0,"mode":"bus","color":"#0059a9","colorDark":"#00294f","angle":18.2,"snapDist":4,"label":1}},{"type":"Feature","geometry":{"type":"Point","coordinates":[25.772448,45.719407]},"properties":{"name":"Monument","lines":"540","arr":["540"],"terminus":0,"mode":"bus","color":"#0059a9","colorDark":"#00294f","angle":4.8,"snapDist":5,"label":1}},{"type":"Feature","geometry":{"type":"Point","coordinates":[25.612578,45.660585]},"properties":{"name":"Terminal Gară","lines":"540","arr":["540"],"terminus":1,"mode":"bus","color":"#0059a9","colorDark":"#00294f","angle":342,"snapDist":2,"label":0}},{"type":"Feature","geometry":{"type":"Point","coordinates":[25.772673,45.719387]},"properties":{"name":"Monument","lines":"540","arr":["540"],"terminus":0,"mode":"bus","color":"#0059a9","colorDark":"#00294f","angle":191.6,"snapDist":6,"label":0}},{"type":"Feature","geometry":{"type":"Point","coordinates":[25.779553,45.714167]},"properties":{"name":"Mitropolit Andrei Șaguna","lines":"540","arr":["540"],"terminus":0,"mode":"bus","color":"#0059a9","colorDark":"#00294f","angle":199,"snapDist":10,"label":0}},{"type":"Feature","geometry":{"type":"Point","coordinates":[25.80735,45.713037]},"properties":{"name":"Bisericii","lines":"540","arr":["540"],"terminus":0,"mode":"bus","color":"#0059a9","colorDark":"#00294f","angle":181.9,"snapDist":10,"label":0}},{"type":"Feature","geometry":{"type":"Point","coordinates":[25.844223,45.704087]},"properties":{"name":"Peco Teliu","lines":"540","arr":["540"],"terminus":0,"mode":"bus","color":"#0059a9","colorDark":"#00294f","angle":208.4,"snapDist":7,"label":0}},{"type":"Feature","geometry":{"type":"Point","coordinates":[25.852565,45.700986]},"properties":{"name":"Facultativă Nicolae Bălcescu","lines":"540","arr":["540"],"terminus":0,"mode":"bus","color":"#0059a9","colorDark":"#00294f","angle":215.5,"snapDist":6,"label":1}},{"type":"Feature","geometry":{"type":"Point","coordinates":[25.857728,45.698303]},"properties":{"name":"Primăria Teliu","lines":"540","arr":["540"],"terminus":0,"mode":"bus","color":"#0059a9","colorDark":"#00294f","angle":208.2,"snapDist":5,"label":0}},{"type":"Feature","geometry":{"type":"Point","coordinates":[25.87474,45.692761]},"properties":{"name":"Lupu","lines":"540","arr":["540"],"terminus":0,"mode":"bus","color":"#0059a9","colorDark":"#00294f","angle":210.6,"snapDist":11,"label":0}},{"type":"Feature","geometry":{"type":"Point","coordinates":[25.888896,45.689037]},"properties":{"name":"Școala Teliu","lines":"540","arr":["540"],"terminus":0,"mode":"bus","color":"#0059a9","colorDark":"#00294f","angle":207.2,"snapDist":12,"label":0}},{"type":"Feature","geometry":{"type":"Point","coordinates":[25.898425,45.686162]},"properties":{"name":"Pârâu Bozia","lines":"540","arr":["540"],"terminus":0,"mode":"bus","color":"#0059a9","colorDark":"#00294f","angle":210.5,"snapDist":8,"label":0}},{"type":"Feature","geometry":{"type":"Point","coordinates":[25.920909,45.681088]},"properties":{"name":"Viaduct","lines":"540","arr":["540"],"terminus":0,"mode":"bus","color":"#0059a9","colorDark":"#00294f","angle":195.2,"snapDist":8,"label":0}},{"type":"Feature","geometry":{"type":"Point","coordinates":[25.930724,45.681456]},"properties":{"name":"Poiana Florilor","lines":"540","arr":["540"],"terminus":0,"mode":"bus","color":"#0059a9","colorDark":"#00294f","angle":203.3,"snapDist":7,"label":0}},{"type":"Feature","geometry":{"type":"Point","coordinates":[25.999336,45.645408]},"properties":{"name":"Acriș Intrare","lines":"540","arr":["540"],"terminus":0,"mode":"bus","color":"#0059a9","colorDark":"#00294f","angle":283.1,"snapDist":8,"label":1}},{"type":"Feature","geometry":{"type":"Point","coordinates":[25.997286,45.640827]},"properties":{"name":"Acriș","lines":"540","arr":["540"],"terminus":0,"mode":"bus","color":"#0059a9","colorDark":"#00294f","angle":285.7,"snapDist":6,"label":0}},{"type":"Feature","geometry":{"type":"Point","coordinates":[25.993003,45.629813]},"properties":{"name":"Rezervația de Zimbri","lines":"540","arr":["540"],"terminus":0,"mode":"bus","color":"#0059a9","colorDark":"#00294f","angle":285.6,"snapDist":4,"label":0}},{"type":"Feature","geometry":{"type":"Point","coordinates":[25.998293,45.617122]},"properties":{"name":"La Fabricuța","lines":"540","arr":["540"],"terminus":0,"mode":"bus","color":"#0059a9","colorDark":"#00294f","angle":272.9,"snapDist":4,"label":0}},{"type":"Feature","geometry":{"type":"Point","coordinates":[25.996744,45.610634]},"properties":{"name":"Gura Buzaielului","lines":"540","arr":["540"],"terminus":0,"mode":"bus","color":"#0059a9","colorDark":"#00294f","angle":280.9,"snapDist":6,"label":0}},{"type":"Feature","geometry":{"type":"Point","coordinates":[25.99357,45.603063]},"properties":{"name":"Complex Cultural","lines":"540, 541","arr":["540","541"],"terminus":0,"mode":"bus","color":"#0059a9","colorDark":"#00294f","angle":285.3,"snapDist":5,"label":0}},{"type":"Feature","geometry":{"type":"Point","coordinates":[25.991994,45.59546]},"properties":{"name":"Primărie Vama Buzăului","lines":"540, 541","arr":["540","541"],"terminus":0,"mode":"bus","color":"#0059a9","colorDark":"#00294f","angle":270.8,"snapDist":6,"label":0}},{"type":"Feature","geometry":{"type":"Point","coordinates":[25.989589,45.587263]},"properties":{"name":"La Vlad","lines":"540, 541","arr":["540","541"],"terminus":0,"mode":"bus","color":"#0059a9","colorDark":"#00294f","angle":276.7,"snapDist":4,"label":0}},{"type":"Feature","geometry":{"type":"Point","coordinates":[25.988306,45.58348]},"properties":{"name":"Pensiunea Alina","lines":"540, 541","arr":["540","541"],"terminus":0,"mode":"bus","color":"#0059a9","colorDark":"#00294f","angle":282,"snapDist":6,"label":0}},{"type":"Feature","geometry":{"type":"Point","coordinates":[26.040765,45.563611]},"properties":{"name":"Buzăielul de Sus","lines":"541","arr":["541"],"terminus":1,"mode":"bus","color":"#0059a9","colorDark":"#00294f","angle":5.5,"snapDist":3,"label":1}},{"type":"Feature","geometry":{"type":"Point","coordinates":[26.03606,45.570307]},"properties":{"name":"Filip","lines":"541","arr":["541"],"terminus":0,"mode":"bus","color":"#0059a9","colorDark":"#00294f","angle":58.3,"snapDist":7,"label":1}},{"type":"Feature","geometry":{"type":"Point","coordinates":[26.032344,45.576999]},"properties":{"name":"Pod Budileni","lines":"541","arr":["541"],"terminus":0,"mode":"bus","color":"#0059a9","colorDark":"#00294f","angle":101.8,"snapDist":5,"label":1}},{"type":"Feature","geometry":{"type":"Point","coordinates":[26.031911,45.580009]},"properties":{"name":"Furnicar","lines":"541","arr":["541"],"terminus":0,"mode":"bus","color":"#0059a9","colorDark":"#00294f","angle":74.2,"snapDist":8,"label":1}},{"type":"Feature","geometry":{"type":"Point","coordinates":[26.030629,45.586549]},"properties":{"name":"Popica","lines":"541","arr":["541"],"terminus":0,"mode":"bus","color":"#0059a9","colorDark":"#00294f","angle":91.1,"snapDist":6,"label":1}},{"type":"Feature","geometry":{"type":"Point","coordinates":[26.030799,45.590325]},"properties":{"name":"Podar","lines":"541","arr":["541"],"terminus":0,"mode":"bus","color":"#0059a9","colorDark":"#00294f","angle":86,"snapDist":6,"label":1}},{"type":"Feature","geometry":{"type":"Point","coordinates":[26.025237,45.602095]},"properties":{"name":"Biserica Ortodoxă Buzăiel","lines":"541","arr":["541"],"terminus":0,"mode":"bus","color":"#0059a9","colorDark":"#00294f","angle":44.6,"snapDist":4,"label":1}},{"type":"Feature","geometry":{"type":"Point","coordinates":[26.020987,45.605462]},"properties":{"name":"Școala Buzăiel","lines":"541","arr":["541"],"terminus":0,"mode":"bus","color":"#0059a9","colorDark":"#00294f","angle":33.5,"snapDist":5,"label":1}},{"type":"Feature","geometry":{"type":"Point","coordinates":[26.015379,45.606327]},"properties":{"name":"Aldești","lines":"541","arr":["541"],"terminus":0,"mode":"bus","color":"#0059a9","colorDark":"#00294f","angle":10.4,"snapDist":5,"label":1}},{"type":"Feature","geometry":{"type":"Point","coordinates":[26.001407,45.608832]},"properties":{"name":"Pod Buzăiel","lines":"541","arr":["541"],"terminus":0,"mode":"bus","color":"#0059a9","colorDark":"#00294f","angle":349.9,"snapDist":4,"label":1}},{"type":"Feature","geometry":{"type":"Point","coordinates":[25.996806,45.610027]},"properties":{"name":"Buzăiel Ieșire","lines":"541","arr":["541"],"terminus":0,"mode":"bus","color":"#0059a9","colorDark":"#00294f","angle":12.5,"snapDist":5,"label":1}},{"type":"Feature","geometry":{"type":"Point","coordinates":[25.996914,45.61001]},"properties":{"name":"Buzăiel Intrare","lines":"541","arr":["541"],"terminus":0,"mode":"bus","color":"#0059a9","colorDark":"#00294f","angle":192.5,"snapDist":13,"label":1}},{"type":"Feature","geometry":{"type":"Point","coordinates":[26.001876,45.608871]},"properties":{"name":"Pod Buzăiel","lines":"541","arr":["541"],"terminus":0,"mode":"bus","color":"#0059a9","colorDark":"#00294f","angle":173.5,"snapDist":7,"label":0}},{"type":"Feature","geometry":{"type":"Point","coordinates":[26.015985,45.606251]},"properties":{"name":"Aldești","lines":"541","arr":["541"],"terminus":0,"mode":"bus","color":"#0059a9","colorDark":"#00294f","angle":189.8,"snapDist":11,"label":0}},{"type":"Feature","geometry":{"type":"Point","coordinates":[26.021233,45.605304]},"properties":{"name":"Școala Buzăiel","lines":"541","arr":["541"],"terminus":0,"mode":"bus","color":"#0059a9","colorDark":"#00294f","angle":236.1,"snapDist":10,"label":0}},{"type":"Feature","geometry":{"type":"Point","coordinates":[26.025611,45.601836]},"properties":{"name":"Biserica Ortodoxă Buzăiel","lines":"541","arr":["541"],"terminus":0,"mode":"bus","color":"#0059a9","colorDark":"#00294f","angle":227.2,"snapDist":4,"label":0}},{"type":"Feature","geometry":{"type":"Point","coordinates":[26.030827,45.590093]},"properties":{"name":"Podar","lines":"541","arr":["541"],"terminus":0,"mode":"bus","color":"#0059a9","colorDark":"#00294f","angle":262,"snapDist":6,"label":0}},{"type":"Feature","geometry":{"type":"Point","coordinates":[26.030628,45.586294]},"properties":{"name":"Popica","lines":"541","arr":["541"],"terminus":0,"mode":"bus","color":"#0059a9","colorDark":"#00294f","angle":267.7,"snapDist":7,"label":0}},{"type":"Feature","geometry":{"type":"Point","coordinates":[26.031944,45.579927]},"properties":{"name":"Furnicar","lines":"541","arr":["541"],"terminus":0,"mode":"bus","color":"#0059a9","colorDark":"#00294f","angle":254.2,"snapDist":8,"label":0}},{"type":"Feature","geometry":{"type":"Point","coordinates":[26.032361,45.577109]},"properties":{"name":"Pod Budileni","lines":"541","arr":["541"],"terminus":0,"mode":"bus","color":"#0059a9","colorDark":"#00294f","angle":275.8,"snapDist":5,"label":0}},{"type":"Feature","geometry":{"type":"Point","coordinates":[26.036211,45.570136]},"properties":{"name":"Filip","lines":"541","arr":["541"],"terminus":0,"mode":"bus","color":"#0059a9","colorDark":"#00294f","angle":238.2,"snapDist":9,"label":0}},{"type":"Feature","geometry":{"type":"Point","coordinates":[25.792129,45.64446]},"properties":{"name":"Cap Linie Purcăreni","lines":"610, 612","arr":["610","612"],"terminus":1,"mode":"bus","color":"#0059a9","colorDark":"#00294f","angle":169.3,"snapDist":6,"label":1}},{"type":"Feature","geometry":{"type":"Point","coordinates":[25.786497,45.647367]},"properties":{"name":"Școala Purcăreni","lines":"610, 612","arr":["610","612"],"terminus":0,"mode":"bus","color":"#0059a9","colorDark":"#00294f","angle":7.3,"snapDist":3,"label":1}},{"type":"Feature","geometry":{"type":"Point","coordinates":[25.778127,45.645144]},"properties":{"name":"Pod Zizin","lines":"610, 612","arr":["610","612"],"terminus":0,"mode":"bus","color":"#0059a9","colorDark":"#00294f","angle":325.3,"snapDist":7,"label":1}},{"type":"Feature","geometry":{"type":"Point","coordinates":[25.77132,45.648688]},"properties":{"name":"Verii","lines":"610, 612","arr":["610","612"],"terminus":0,"mode":"bus","color":"#0059a9","colorDark":"#00294f","angle":3,"snapDist":7,"label":1}},{"type":"Feature","geometry":{"type":"Point","coordinates":[25.762954,45.649155]},"properties":{"name":"Primăria Tărlungeni","lines":"610, 611, 612","arr":["610","611","612"],"terminus":0,"mode":"bus","color":"#0059a9","colorDark":"#00294f","angle":51.3,"snapDist":3,"label":1}},{"type":"Feature","geometry":{"type":"Point","coordinates":[25.758494,45.652513]},"properties":{"name":"Cărpiniș Ieșire spre Brașov","lines":"610, 611, 612","arr":["610","611","612"],"terminus":0,"mode":"bus","color":"#0059a9","colorDark":"#00294f","angle":41.5,"snapDist":6,"label":1}},{"type":"Feature","geometry":{"type":"Point","coordinates":[25.753254,45.653874]},"properties":{"name":"Valea cu Flori","lines":"610, 611, 612","arr":["610","611","612"],"terminus":0,"mode":"bus","color":"#0059a9","colorDark":"#00294f","angle":353.2,"snapDist":5,"label":1}},{"type":"Feature","geometry":{"type":"Point","coordinates":[25.632515,45.632904]},"properties":{"name":"Roman","lines":"610, 612","arr":["610","612"],"terminus":1,"mode":"bus","color":"#0059a9","colorDark":"#00294f","angle":86.3,"snapDist":3,"label":0}},{"type":"Feature","geometry":{"type":"Point","coordinates":[25.70489,45.651314]},"properties":{"name":"Izvorului","lines":"610, 611, 612","arr":["610","611","612"],"terminus":0,"mode":"bus","color":"#0059a9","colorDark":"#00294f","angle":173.3,"snapDist":10,"label":0}},{"type":"Feature","geometry":{"type":"Point","coordinates":[25.75293,45.653843]},"properties":{"name":"Valea cu Flori","lines":"610, 611, 612","arr":["610","611","612"],"terminus":0,"mode":"bus","color":"#0059a9","colorDark":"#00294f","angle":171.7,"snapDist":7,"label":0}},{"type":"Feature","geometry":{"type":"Point","coordinates":[25.758616,45.652438]},"properties":{"name":"Intrare Cărpiniș","lines":"610, 611, 612","arr":["610","611","612"],"terminus":0,"mode":"bus","color":"#0059a9","colorDark":"#00294f","angle":221.5,"snapDist":10,"label":1}},{"type":"Feature","geometry":{"type":"Point","coordinates":[25.763919,45.648498]},"properties":{"name":"Primăria Tărlungeni","lines":"610, 611, 612","arr":["610","611","612"],"terminus":0,"mode":"bus","color":"#0059a9","colorDark":"#00294f","angle":211.7,"snapDist":3,"label":0}},{"type":"Feature","geometry":{"type":"Point","coordinates":[25.772512,45.648408]},"properties":{"name":"Verii","lines":"610, 612","arr":["610","612"],"terminus":0,"mode":"bus","color":"#0059a9","colorDark":"#00294f","angle":203.2,"snapDist":10,"label":0}},{"type":"Feature","geometry":{"type":"Point","coordinates":[25.778108,45.643675]},"properties":{"name":"Pod Zizin","lines":"610, 612","arr":["610","612"],"terminus":0,"mode":"bus","color":"#0059a9","colorDark":"#00294f","angle":93.9,"snapDist":5,"label":0}},{"type":"Feature","geometry":{"type":"Point","coordinates":[25.775026,45.639657]},"properties":{"name":"Zizin","lines":"610, 612","arr":["610","612"],"terminus":0,"mode":"bus","color":"#0059a9","colorDark":"#00294f","angle":109.4,"snapDist":7,"label":1}},{"type":"Feature","geometry":{"type":"Point","coordinates":[25.77856,45.64562]},"properties":{"name":"Pod Zizin","lines":"610, 612","arr":["610","612"],"terminus":0,"mode":"bus","color":"#0059a9","colorDark":"#00294f","angle":118.1,"snapDist":5,"label":0}},{"type":"Feature","geometry":{"type":"Point","coordinates":[25.785684,45.647493]},"properties":{"name":"Școala Purcăreni","lines":"610, 612","arr":["610","612"],"terminus":0,"mode":"bus","color":"#0059a9","colorDark":"#00294f","angle":206.5,"snapDist":5,"label":0}},{"type":"Feature","geometry":{"type":"Point","coordinates":[25.758517,45.634084]},"properties":{"name":"Cap Linie Tărlungeni","lines":"611, 612","arr":["611","612"],"terminus":1,"mode":"bus","color":"#0059a9","colorDark":"#00294f","angle":86.3,"snapDist":4,"label":1}},{"type":"Feature","geometry":{"type":"Point","coordinates":[25.758849,45.638075]},"properties":{"name":"Transformator","lines":"611, 612","arr":["611","612"],"terminus":0,"mode":"bus","color":"#0059a9","colorDark":"#00294f","angle":67.5,"snapDist":8,"label":1}},{"type":"Feature","geometry":{"type":"Point","coordinates":[25.756504,45.641472]},"properties":{"name":"Biserica Evanghelică","lines":"611, 612","arr":["611","612"],"terminus":0,"mode":"bus","color":"#0059a9","colorDark":"#00294f","angle":84.2,"snapDist":6,"label":1}},{"type":"Feature","geometry":{"type":"Point","coordinates":[25.760724,45.645815]},"properties":{"name":"Școala Tărlungeni","lines":"611, 612","arr":["611","612"],"terminus":0,"mode":"bus","color":"#0059a9","colorDark":"#00294f","angle":122.5,"snapDist":6,"label":1}},{"type":"Feature","geometry":{"type":"Point","coordinates":[25.760725,45.655383]},"properties":{"name":"Avicola Cărpiniș","lines":"611, 612","arr":["611","612"],"terminus":0,"mode":"bus","color":"#0059a9","colorDark":"#00294f","angle":120.8,"snapDist":8,"label":1}},{"type":"Feature","geometry":{"type":"Point","coordinates":[25.764914,45.660531]},"properties":{"name":"Școala Cărpiniș","lines":"611, 612","arr":["611","612"],"terminus":0,"mode":"bus","color":"#0059a9","colorDark":"#00294f","angle":120.6,"snapDist":10,"label":1}},{"type":"Feature","geometry":{"type":"Point","coordinates":[25.76887,45.666373]},"properties":{"name":"Cărpiniș","lines":"611, 612","arr":["611","612"],"terminus":0,"mode":"bus","color":"#0059a9","colorDark":"#00294f","angle":334.9,"snapDist":3,"label":1}},{"type":"Feature","geometry":{"type":"Point","coordinates":[25.764802,45.660394]},"properties":{"name":"Școala Cărpiniș","lines":"611, 612","arr":["611","612"],"terminus":0,"mode":"bus","color":"#0059a9","colorDark":"#00294f","angle":-60.9,"snapDist":9,"label":0}},{"type":"Feature","geometry":{"type":"Point","coordinates":[25.758953,45.652489]},"properties":{"name":"Cărpiniș Ieșire spre Tărlungeni","lines":"611, 612","arr":["611","612"],"terminus":0,"mode":"bus","color":"#0059a9","colorDark":"#00294f","angle":-59.1,"snapDist":9,"label":1}},{"type":"Feature","geometry":{"type":"Point","coordinates":[25.760211,45.645378]},"properties":{"name":"Școala Tărlungeni","lines":"611, 612","arr":["611","612"],"terminus":0,"mode":"bus","color":"#0059a9","colorDark":"#00294f","angle":296.3,"snapDist":6,"label":0}},{"type":"Feature","geometry":{"type":"Point","coordinates":[25.756517,45.642114]},"properties":{"name":"Biserica Evanghelică","lines":"611, 612","arr":["611","612"],"terminus":0,"mode":"bus","color":"#0059a9","colorDark":"#00294f","angle":286.3,"snapDist":4,"label":0}},{"type":"Feature","geometry":{"type":"Point","coordinates":[25.758957,45.637157]},"properties":{"name":"Transformator","lines":"611, 612","arr":["611","612"],"terminus":0,"mode":"bus","color":"#0059a9","colorDark":"#00294f","angle":277.5,"snapDist":4,"label":0}},{"type":"Feature","geometry":{"type":"Point","coordinates":[25.731681,45.608799]},"properties":{"name":"Garaje Săcele","lines":"710, 711, TE2, TE14","arr":["710","711","TE2","TE14"],"terminus":1,"mode":"bus","color":"#0059a9","colorDark":"#00294f","angle":54.2,"snapDist":5,"label":1}},{"type":"Feature","geometry":{"type":"Point","coordinates":[25.72136,45.614033]},"properties":{"name":"Electroprecizia","lines":"710, 711, TE2, TE14","arr":["710","711","TE2","TE14"],"terminus":0,"mode":"bus","color":"#0059a9","colorDark":"#00294f","angle":43.6,"snapDist":6,"label":1}},{"type":"Feature","geometry":{"type":"Point","coordinates":[25.711707,45.618004]},"properties":{"name":"Median","lines":"710, 711, TE2, TE14","arr":["710","711","TE2","TE14"],"terminus":0,"mode":"bus","color":"#0059a9","colorDark":"#00294f","angle":35,"snapDist":6,"label":1}},{"type":"Feature","geometry":{"type":"Point","coordinates":[25.705016,45.619637]},"properties":{"name":"Doina","lines":"710, 711, TE2, TE14","arr":["710","711","TE2","TE14"],"terminus":0,"mode":"bus","color":"#0059a9","colorDark":"#00294f","angle":4.9,"snapDist":3,"label":1}},{"type":"Feature","geometry":{"type":"Point","coordinates":[25.700631,45.618982]},"properties":{"name":"Săceleana","lines":"710, 711, TE2, TE14","arr":["710","711","TE2","TE14"],"terminus":0,"mode":"bus","color":"#0059a9","colorDark":"#00294f","angle":335.9,"snapDist":5,"label":1}},{"type":"Feature","geometry":{"type":"Point","coordinates":[25.693505,45.617514]},"properties":{"name":"Cernatu","lines":"710, 711, TE2, TE14","arr":["710","711","TE2","TE14"],"terminus":0,"mode":"bus","color":"#0059a9","colorDark":"#00294f","angle":316.5,"snapDist":5,"label":1}},{"type":"Feature","geometry":{"type":"Point","coordinates":[25.68518,45.617961]},"properties":{"name":"Hotar","lines":"710, 711, TE2, TE14","arr":["710","711","TE2","TE14"],"terminus":0,"mode":"bus","color":"#0059a9","colorDark":"#00294f","angle":15.3,"snapDist":5,"label":1}},{"type":"Feature","geometry":{"type":"Point","coordinates":[25.676982,45.614717]},"properties":{"name":"Turcheș","lines":"710, 711, TE2, TE14","arr":["710","711","TE2","TE14"],"terminus":0,"mode":"bus","color":"#0059a9","colorDark":"#00294f","angle":334.5,"snapDist":5,"label":1}},{"type":"Feature","geometry":{"type":"Point","coordinates":[25.670601,45.612669]},"properties":{"name":"Baciu","lines":"710, 711, TE2, TE14","arr":["710","711","TE2","TE14"],"terminus":0,"mode":"bus","color":"#0059a9","colorDark":"#00294f","angle":1.1,"snapDist":4,"label":1}},{"type":"Feature","geometry":{"type":"Point","coordinates":[25.660725,45.613029]},"properties":{"name":"Dârste Pod","lines":"710, 711, TE2, TE14","arr":["710","711","TE2","TE14"],"terminus":0,"mode":"bus","color":"#0059a9","colorDark":"#00294f","angle":21.8,"snapDist":3,"label":1}},{"type":"Feature","geometry":{"type":"Point","coordinates":[25.632768,45.63303]},"properties":{"name":"Roman","lines":"710, 711","arr":["710","711"],"terminus":1,"mode":"bus","color":"#0059a9","colorDark":"#00294f","angle":82.5,"snapDist":2,"label":0}},{"type":"Feature","geometry":{"type":"Point","coordinates":[25.662527,45.612868]},"properties":{"name":"Dârste Pod","lines":"710, 711","arr":["710","711"],"terminus":0,"mode":"bus","color":"#0059a9","colorDark":"#00294f","angle":181.5,"snapDist":4,"label":0}},{"type":"Feature","geometry":{"type":"Point","coordinates":[25.669066,45.612691]},"properties":{"name":"Baciu","lines":"710, 711","arr":["710","711"],"terminus":0,"mode":"bus","color":"#0059a9","colorDark":"#00294f","angle":181.5,"snapDist":6,"label":0}},{"type":"Feature","geometry":{"type":"Point","coordinates":[25.676872,45.614678]},"properties":{"name":"Turcheș","lines":"710, 711","arr":["710","711"],"terminus":0,"mode":"bus","color":"#0059a9","colorDark":"#00294f","angle":153.5,"snapDist":6,"label":0}},{"type":"Feature","geometry":{"type":"Point","coordinates":[25.685565,45.61788]},"properties":{"name":"Hotar","lines":"710, 711","arr":["710","711"],"terminus":0,"mode":"bus","color":"#0059a9","colorDark":"#00294f","angle":197.2,"snapDist":7,"label":0}},{"type":"Feature","geometry":{"type":"Point","coordinates":[25.693368,45.617411]},"properties":{"name":"Cernatu","lines":"710, 711","arr":["710","711"],"terminus":0,"mode":"bus","color":"#0059a9","colorDark":"#00294f","angle":130.7,"snapDist":7,"label":0}},{"type":"Feature","geometry":{"type":"Point","coordinates":[25.699514,45.61811]},"properties":{"name":"Săceleana","lines":"710, 711","arr":["710","711"],"terminus":0,"mode":"bus","color":"#0059a9","colorDark":"#00294f","angle":108.1,"snapDist":5,"label":0}},{"type":"Feature","geometry":{"type":"Point","coordinates":[25.70584,45.619611]},"properties":{"name":"Doina","lines":"710, 711","arr":["710","711"],"terminus":0,"mode":"bus","color":"#0059a9","colorDark":"#00294f","angle":179,"snapDist":7,"label":0}},{"type":"Feature","geometry":{"type":"Point","coordinates":[25.712267,45.617653]},"properties":{"name":"Median","lines":"710, 711","arr":["710","711"],"terminus":0,"mode":"bus","color":"#0059a9","colorDark":"#00294f","angle":220.5,"snapDist":7,"label":0}},{"type":"Feature","geometry":{"type":"Point","coordinates":[25.72064,45.614393]},"properties":{"name":"Electroprecizia","lines":"710, 711","arr":["710","711"],"terminus":0,"mode":"bus","color":"#0059a9","colorDark":"#00294f","angle":209,"snapDist":8,"label":0}},{"type":"Feature","geometry":{"type":"Point","coordinates":[25.730985,45.609324]},"properties":{"name":"Garaje Săcele","lines":"710, 711","arr":["710","711"],"terminus":1,"mode":"bus","color":"#0059a9","colorDark":"#00294f","angle":223.4,"snapDist":9,"label":0}},{"type":"Feature","geometry":{"type":"Point","coordinates":[25.739983,45.601452]},"properties":{"name":"Gârcini","lines":"711","arr":["711"],"terminus":1,"mode":"bus","color":"#0059a9","colorDark":"#00294f","angle":195,"snapDist":4,"label":1}},{"type":"Feature","geometry":{"type":"Point","coordinates":[25.564441,45.463229]},"properties":{"name":"Cap Linie Predeal","lines":"810","arr":["810"],"terminus":1,"mode":"bus","color":"#0059a9","colorDark":"#00294f","angle":228.7,"snapDist":15,"label":1}},{"type":"Feature","geometry":{"type":"Point","coordinates":[25.560701,45.468532]},"properties":{"name":"Ursoaia Mare","lines":"810","arr":["810"],"terminus":0,"mode":"bus","color":"#0059a9","colorDark":"#00294f","angle":90,"snapDist":10,"label":1}},{"type":"Feature","geometry":{"type":"Point","coordinates":[25.564849,45.479493]},"properties":{"name":"OMV","lines":"810","arr":["810"],"terminus":0,"mode":"bus","color":"#0059a9","colorDark":"#00294f","angle":106.4,"snapDist":8,"label":1}},{"type":"Feature","geometry":{"type":"Point","coordinates":[25.565916,45.487423]},"properties":{"name":"Postul de Control","lines":"810","arr":["810"],"terminus":0,"mode":"bus","color":"#0059a9","colorDark":"#00294f","angle":119.9,"snapDist":11,"label":1}},{"type":"Feature","geometry":{"type":"Point","coordinates":[25.571791,45.496061]},"properties":{"name":"Liceul Mihail Săulescu","lines":"810","arr":["810"],"terminus":0,"mode":"bus","color":"#0059a9","colorDark":"#00294f","angle":99.6,"snapDist":8,"label":1}},{"type":"Feature","geometry":{"type":"Point","coordinates":[25.575054,45.505574]},"properties":{"name":"Gara Predeal","lines":"810","arr":["810"],"terminus":0,"mode":"bus","color":"#0059a9","colorDark":"#00294f","angle":94,"snapDist":6,"label":1}},{"type":"Feature","geometry":{"type":"Point","coordinates":[25.571286,45.524416]},"properties":{"name":"Cotul Donului","lines":"810","arr":["810"],"terminus":0,"mode":"bus","color":"#0059a9","colorDark":"#00294f","angle":177.9,"snapDist":12,"label":1}},{"type":"Feature","geometry":{"type":"Point","coordinates":[25.57711,45.527918]},"properties":{"name":"Cămin Spital","lines":"810","arr":["810"],"terminus":0,"mode":"bus","color":"#0059a9","colorDark":"#00294f","angle":112,"snapDist":9,"label":1}},{"type":"Feature","geometry":{"type":"Point","coordinates":[25.581384,45.533506]},"properties":{"name":"Biserica Timișul de Sus","lines":"810","arr":["810"],"terminus":0,"mode":"bus","color":"#0059a9","colorDark":"#00294f","angle":129.5,"snapDist":8,"label":1}},{"type":"Feature","geometry":{"type":"Point","coordinates":[25.588155,45.537872]},"properties":{"name":"Tamina","lines":"810","arr":["810"],"terminus":0,"mode":"bus","color":"#0059a9","colorDark":"#00294f","angle":123.8,"snapDist":13,"label":1}},{"type":"Feature","geometry":{"type":"Point","coordinates":[25.588736,45.549705]},"properties":{"name":"Gara Timișul de Sus","lines":"810","arr":["810"],"terminus":0,"mode":"bus","color":"#0059a9","colorDark":"#00294f","angle":75.2,"snapDist":5,"label":1}},{"type":"Feature","geometry":{"type":"Point","coordinates":[25.6326,45.632944]},"properties":{"name":"Roman","lines":"810, TE1, TE2, TE4","arr":["810","TE1","TE2","TE4"],"terminus":1,"mode":"bus","color":"#0059a9","colorDark":"#00294f","angle":84.2,"snapDist":3,"label":0}},{"type":"Feature","geometry":{"type":"Point","coordinates":[25.613391,45.573233]},"properties":{"name":"Benzinăria Petrom","lines":"810","arr":["810"],"terminus":0,"mode":"bus","color":"#0059a9","colorDark":"#00294f","angle":313,"snapDist":7,"label":0}},{"type":"Feature","geometry":{"type":"Point","coordinates":[25.588758,45.549647]},"properties":{"name":"Gara Timișul de Sus","lines":"810","arr":["810"],"terminus":0,"mode":"bus","color":"#0059a9","colorDark":"#00294f","angle":256.6,"snapDist":6,"label":0}},{"type":"Feature","geometry":{"type":"Point","coordinates":[25.581535,45.533618]},"properties":{"name":"Biserica Timișul de Sus","lines":"810","arr":["810"],"terminus":0,"mode":"bus","color":"#0059a9","colorDark":"#00294f","angle":313.7,"snapDist":8,"label":0}},{"type":"Feature","geometry":{"type":"Point","coordinates":[25.57703,45.527779]},"properties":{"name":"Cămin Spital","lines":"810","arr":["810"],"terminus":0,"mode":"bus","color":"#0059a9","colorDark":"#00294f","angle":291.9,"snapDist":6,"label":0}},{"type":"Feature","geometry":{"type":"Point","coordinates":[25.571057,45.524395]},"properties":{"name":"Cotul Donului","lines":"810","arr":["810"],"terminus":0,"mode":"bus","color":"#0059a9","colorDark":"#00294f","angle":346.3,"snapDist":5,"label":0}},{"type":"Feature","geometry":{"type":"Point","coordinates":[25.565784,45.487264]},"properties":{"name":"Postul de Control","lines":"810","arr":["810"],"terminus":0,"mode":"bus","color":"#0059a9","colorDark":"#00294f","angle":299.5,"snapDist":4,"label":0}},{"type":"Feature","geometry":{"type":"Point","coordinates":[25.565129,45.480137]},"properties":{"name":"OMV","lines":"810","arr":["810"],"terminus":0,"mode":"bus","color":"#0059a9","colorDark":"#00294f","angle":287.7,"snapDist":5,"label":0}},{"type":"Feature","geometry":{"type":"Point","coordinates":[25.560737,45.467303]},"properties":{"name":"Ursoaia Mare","lines":"810","arr":["810"],"terminus":0,"mode":"bus","color":"#0059a9","colorDark":"#00294f","angle":257.9,"snapDist":9,"label":0}},{"type":"Feature","geometry":{"type":"Point","coordinates":[25.517484,45.69403]},"properties":{"name":"Aeroportul Brașov","lines":"A1","arr":["A1"],"terminus":1,"mode":"bus","color":"#0059a9","colorDark":"#00294f","angle":306.2,"snapDist":3,"label":1}},{"type":"Feature","geometry":{"type":"Point","coordinates":[25.536658,45.685878]},"properties":{"name":"Case","lines":"A1","arr":["A1"],"terminus":0,"mode":"bus","color":"#0059a9","colorDark":"#00294f","angle":222.3,"snapDist":4,"label":1}},{"type":"Feature","geometry":{"type":"Point","coordinates":[25.541525,45.685346]},"properties":{"name":"Fundăturii","lines":"A1","arr":["A1"],"terminus":0,"mode":"bus","color":"#0059a9","colorDark":"#00294f","angle":237.9,"snapDist":7,"label":0}},{"type":"Feature","geometry":{"type":"Point","coordinates":[25.612641,45.660843]},"properties":{"name":"Terminal Gară","lines":"A1","arr":["A1"],"terminus":1,"mode":"bus","color":"#0059a9","colorDark":"#00294f","angle":345.9,"snapDist":2,"label":0}},{"type":"Feature","geometry":{"type":"Point","coordinates":[25.570325,45.659598]},"properties":{"name":"Stadionul Municipal","lines":"A1","arr":["A1"],"terminus":0,"mode":"bus","color":"#0059a9","colorDark":"#00294f","angle":316.3,"snapDist":2,"label":0}},{"type":"Feature","geometry":{"type":"Point","coordinates":[25.536262,45.686131]},"properties":{"name":"Case","lines":"A1","arr":["A1"],"terminus":0,"mode":"bus","color":"#0059a9","colorDark":"#00294f","angle":42.3,"snapDist":6,"label":0}},{"type":"Feature","geometry":{"type":"Point","coordinates":[25.588125,45.645599]},"properties":{"name":"Livada Poștei","lines":"TE1, TE2, TE3, TE4, TE5, TE6, TE7, TE8, TE9, TE10, TE11, TE12, TE13, TE14, TE16","arr":["TE1","TE2","TE3","TE4","TE5","TE6","TE7","TE8","TE9","TE10","TE11","TE12","TE13","TE14","TE16"],"terminus":1,"mode":"bus","color":"#0059a9","colorDark":"#00294f","angle":191.9,"snapDist":3,"label":0}},{"type":"Feature","geometry":{"type":"Point","coordinates":[25.585488,45.639311]},"properties":{"name":"Șirul Beethoven","lines":"TE1, TE2, TE3, TE4, TE5, TE6, TE7, TE8, TE9, TE10, TE11, TE12, TE13","arr":["TE1","TE2","TE3","TE4","TE5","TE6","TE7","TE8","TE9","TE10","TE11","TE12","TE13"],"terminus":1,"mode":"bus","color":"#0059a9","colorDark":"#00294f","angle":252.4,"snapDist":9,"label":1}},{"type":"Feature","geometry":{"type":"Point","coordinates":[25.569369,45.659422]},"properties":{"name":"Stadionul Municipal","lines":"TE10","arr":["TE10"],"terminus":1,"mode":"bus","color":"#0059a9","colorDark":"#00294f","angle":79.1,"snapDist":5,"label":0}},{"type":"Feature","geometry":{"type":"Point","coordinates":[25.563224,45.69283]},"properties":{"name":"Oițelor","lines":"TE13","arr":["TE13"],"terminus":0,"mode":"bus","color":"#0059a9","colorDark":"#00294f","angle":225.1,"snapDist":6,"label":0}},{"type":"Feature","geometry":{"type":"Point","coordinates":[25.566255,45.690487]},"properties":{"name":"Merilor","lines":"TE13","arr":["TE13"],"terminus":0,"mode":"bus","color":"#0059a9","colorDark":"#00294f","angle":235,"snapDist":3,"label":1}},{"type":"Feature","geometry":{"type":"Point","coordinates":[25.585688,45.668009]},"properties":{"name":"Grigore Ureche","lines":"TE13","arr":["TE13"],"terminus":0,"mode":"bus","color":"#0059a9","colorDark":"#00294f","angle":162.8,"snapDist":9,"label":1}}]}