{"type":"FeatureCollection","features":[{"type":"Feature","geometry":{"type":"LineString","coordinates":[[25.588764,45.645778],[25.588494,45.645717],[25.588343,45.645683],[25.588239,45.645659]]},"properties":{"name":"Stația RAT Livada Poștei - Peron 3"}},{"type":"Feature","geometry":{"type":"LineString","coordinates":[[25.589495,45.645629],[25.58938,45.64566],[25.589277,45.645686],[25.589222,45.6457],[25.589092,45.645725],[25.588962,45.645749],[25.588764,45.645778],[25.588564,45.645806],[25.588418,45.645826]]},"properties":{"name":"Bulevardul Eroilor"}},{"type":"Feature","geometry":{"type":"LineString","coordinates":[[25.590011,45.645564],[25.590101,45.64561],[25.590198,45.645616],[25.590661,45.645564],[25.591517,45.645452],[25.591912,45.645401],[25.591958,45.645395],[25.592004,45.64539],[25.593011,45.645264],[25.594175,45.645116],[25.594961,45.645008],[25.595051,45.644996],[25.595191,45.644978],[25.595321,45.644962],[25.595738,45.644919],[25.596064,45.64491],[25.596364,45.644936],[25.596599,45.644974],[25.597171,45.645097],[25.597297,45.645127],[25.598113,45.645326],[25.598193,45.645345],[25.598535,45.645431],[25.598955,45.645531],[25.599254,45.645627],[25.599534,45.645783]]},"properties":{"name":"Bulevardul Eroilor"}},{"type":"Feature","geometry":{"type":"LineString","coordinates":[[25.589586,45.645772],[25.589302,45.645802],[25.588062,45.645957],[25.587876,45.645976]]},"properties":{"name":"Bulevardul Eroilor"}},{"type":"Feature","geometry":{"type":"LineString","coordinates":[[25.599534,45.645783],[25.600962,45.646714],[25.601113,45.646796],[25.602885,45.647593],[25.602979,45.647634],[25.60325,45.647754],[25.604116,45.648128],[25.60437,45.648236],[25.604445,45.648268],[25.604571,45.648337],[25.604727,45.648422],[25.605102,45.648634],[25.605777,45.649025],[25.605967,45.649136],[25.606236,45.649294],[25.60632,45.649345],[25.60711,45.649839],[25.607184,45.649886],[25.607382,45.650003],[25.607753,45.650224],[25.608435,45.650638],[25.60869,45.650782],[25.608707,45.65079],[25.608932,45.650895],[25.60899,45.650927]]},"properties":{"name":"Bulevardul 15 Noiembrie"}},{"type":"Feature","geometry":{"type":"LineString","coordinates":[[25.60909,45.650967],[25.609321,45.65103],[25.609718,45.651186],[25.609957,45.651283],[25.610428,45.651513],[25.610577,45.651586],[25.610724,45.651629],[25.610859,45.651665],[25.611076,45.65173],[25.611295,45.651782],[25.611491,45.651811],[25.611713,45.651827],[25.611917,45.651832],[25.612131,45.651822],[25.612368,45.651801],[25.612683,45.651758],[25.61312,45.651679],[25.613933,45.651558],[25.614485,45.651475],[25.614824,45.651405]]},"properties":{"name":"Bulevardul 15 Noiembrie"}},{"type":"Feature","geometry":{"type":"LineString","coordinates":[[25.615679,45.651119],[25.615536,45.651168],[25.615389,45.651224],[25.615275,45.651262],[25.614824,45.651405],[25.61543,45.651375],[25.61547,45.651373],[25.61556,45.651384],[25.615622,45.65141],[25.615661,45.651439],[25.61571,45.651491],[25.615747,45.651552],[25.615775,45.651647],[25.61582,45.651849],[25.615816,45.651905],[25.61581,45.651961],[25.615821,45.652039]]},"properties":{"name":"Bulevardul 15 Noiembrie"}},{"type":"Feature","geometry":{"type":"LineString","coordinates":[[25.616044,45.651315],[25.61602,45.651493],[25.615989,45.651759],[25.615929,45.651918],[25.615821,45.652039],[25.615638,45.652428],[25.615606,45.652496],[25.615419,45.652875],[25.6152,45.653293],[25.61505,45.653573],[25.614984,45.653692],[25.614849,45.653811],[25.614796,45.653857],[25.614741,45.653895],[25.614698,45.653914],[25.614599,45.653946],[25.614051,45.654036]]},"properties":{"name":"Strada Toamnei"}},{"type":"Feature","geometry":{"type":"LineString","coordinates":[[25.614984,45.653692],[25.614884,45.654024],[25.614873,45.654076],[25.614887,45.654151],[25.614925,45.654221],[25.615023,45.654291],[25.615249,45.654424],[25.615463,45.654544],[25.615568,45.65466]]},"properties":{"name":"Strada Hărmanului"}},{"type":"Feature","geometry":{"type":"LineString","coordinates":[[25.620734,45.657803],[25.621008,45.657915],[25.621065,45.657949],[25.621123,45.657983],[25.621367,45.658118],[25.621559,45.6582],[25.621703,45.658234]]},"properties":{"name":"Strada Hărmanului"}},{"type":"Feature","geometry":{"type":"LineString","coordinates":[[25.621441,45.658372],[25.621293,45.658242],[25.621134,45.658118],[25.621087,45.658084],[25.621041,45.658049],[25.620916,45.657966],[25.620734,45.657803],[25.620591,45.657712],[25.620413,45.657597],[25.6198,45.6572],[25.618936,45.656646],[25.618749,45.656526],[25.61871,45.656501],[25.618647,45.656461],[25.618591,45.656426],[25.618519,45.656381],[25.617074,45.655509],[25.616588,45.65523],[25.616035,45.654917],[25.615568,45.65466],[25.615381,45.654618],[25.615163,45.654504],[25.61469,45.654228],[25.61466,45.65421],[25.61463,45.654193],[25.614438,45.654108],[25.614333,45.654075],[25.614051,45.654036]]},"properties":{"name":"Strada Hărmanului"}},{"type":"Feature","geometry":{"type":"LineString","coordinates":[[25.621991,45.658446],[25.62243,45.658768],[25.622489,45.658808],[25.622519,45.658829],[25.622823,45.659021],[25.623119,45.659216],[25.623546,45.659485],[25.625367,45.66058],[25.625725,45.660797],[25.626613,45.661343],[25.62666,45.661372],[25.626757,45.661473]]},"properties":{"name":"Strada Hărmanului"}},{"type":"Feature","geometry":{"type":"LineString","coordinates":[[25.637284,45.668874],[25.63743,45.668906],[25.637548,45.66897],[25.63771,45.669061],[25.637853,45.669149]]},"properties":{"name":"Strada Hărmanului"}},{"type":"Feature","geometry":{"type":"LineString","coordinates":[[25.637516,45.669263],[25.637482,45.669146],[25.637468,45.6691],[25.637446,45.669047],[25.637405,45.668991],[25.637349,45.668942],[25.637284,45.668874],[25.637169,45.668816],[25.636959,45.668729],[25.63631,45.668494],[25.636038,45.668383],[25.635811,45.668263],[25.635711,45.668196],[25.635589,45.668115],[25.635411,45.667963],[25.635293,45.667847],[25.63516,45.667686],[25.635036,45.667514],[25.634867,45.667225],[25.634364,45.666319],[25.634039,45.665796],[25.633926,45.665636],[25.633763,45.665437],[25.633675,45.665353],[25.63359,45.665274],[25.633478,45.665188],[25.63337,45.66511],[25.633347,45.665094],[25.633193,45.665007],[25.633061,45.664936],[25.632933,45.664869],[25.632484,45.66465],[25.632014,45.664425],[25.630877,45.663852],[25.630432,45.663626],[25.630077,45.663457],[25.629915,45.663379],[25.629544,45.66318],[25.629311,45.663059],[25.629046,45.662899],[25.628198,45.662381],[25.626757,45.661473],[25.626602,45.661411],[25.623848,45.659768],[25.623038,45.659264],[25.622483,45.658915],[25.622441,45.658888],[25.622297,45.658808],[25.622194,45.658764]]},"properties":{"name":"Strada Hărmanului"}},{"type":"Feature","geometry":{"type":"LineString","coordinates":[[25.63801,45.669247],[25.638134,45.669325],[25.638253,45.669403],[25.638288,45.66943],[25.638316,45.669457],[25.638346,45.669495]]},"properties":{"name":"Strada Hărmanului"}},{"type":"Feature","geometry":{"type":"LineString","coordinates":[[25.645194,45.673452],[25.645464,45.673554],[25.645812,45.673767],[25.646272,45.674098],[25.646576,45.674309],[25.646675,45.674382]]},"properties":{"name":"Strada Hărmanului"}},{"type":"Feature","geometry":{"type":"LineString","coordinates":[[25.647221,45.674934],[25.647131,45.674867],[25.646838,45.674647],[25.646539,45.674423],[25.645927,45.673991],[25.645694,45.673822],[25.645388,45.67362],[25.645194,45.673452],[25.64462,45.673138],[25.644113,45.672862],[25.644108,45.672859],[25.643568,45.672534],[25.64348,45.672484],[25.642897,45.672135],[25.642585,45.671954],[25.642329,45.671806],[25.641744,45.671475],[25.641536,45.671345],[25.641402,45.671261],[25.64127,45.67118],[25.64108,45.671067],[25.639571,45.670194],[25.639068,45.669905],[25.638599,45.669635],[25.638521,45.66959],[25.63848,45.669569],[25.638388,45.66952],[25.638346,45.669495],[25.638254,45.669476],[25.638161,45.669464],[25.638034,45.669464],[25.637925,45.669477]]},"properties":{"name":"Strada Hărmanului"}},{"type":"Feature","geometry":{"type":"LineString","coordinates":[[25.621728,45.658628],[25.621922,45.658663],[25.622025,45.658691],[25.622194,45.658764],[25.622024,45.658742],[25.621886,45.658725],[25.621771,45.658719],[25.621612,45.65873],[25.621473,45.658748],[25.621298,45.65878]]},"properties":{"name":"Strada Hărmanului"}},{"type":"Feature","geometry":{"type":"LineString","coordinates":[[25.710845,45.651721],[25.710816,45.651827],[25.710434,45.653259],[25.710238,45.65395],[25.710192,45.654118],[25.710117,45.654385],[25.710077,45.654532],[25.710053,45.654627],[25.709963,45.654925],[25.709955,45.654952],[25.709944,45.654991],[25.709854,45.655325],[25.709782,45.655582],[25.709711,45.65584],[25.7096,45.656238],[25.709481,45.656649],[25.709337,45.657083],[25.709296,45.657229],[25.70922,45.657522],[25.709197,45.6576],[25.709119,45.657899],[25.709048,45.658143],[25.708967,45.658459],[25.70893,45.658595],[25.708849,45.658876],[25.708807,45.659022],[25.708783,45.659104],[25.70872,45.659327],[25.708708,45.659371],[25.708658,45.65956],[25.708585,45.65982],[25.708455,45.660294],[25.70843,45.660377],[25.708236,45.661076],[25.708049,45.661878],[25.708027,45.661974],[25.70796,45.662238],[25.707856,45.662618],[25.707751,45.662973],[25.70759,45.663515],[25.707555,45.663635],[25.707456,45.66397],[25.707435,45.664059],[25.70727,45.664617],[25.707258,45.664657],[25.707182,45.664924],[25.707142,45.665073],[25.706994,45.665631],[25.70691,45.665919],[25.706646,45.666822],[25.706576,45.667061],[25.706341,45.667872],[25.705683,45.670264],[25.705083,45.672544],[25.705057,45.672627]]},"properties":{"name":"Strada Hărmanului"}},{"type":"Feature","geometry":{"type":"LineString","coordinates":[[25.646206,45.673809],[25.646273,45.673882],[25.646316,45.673964],[25.646364,45.674034],[25.646402,45.674081],[25.646444,45.674125],[25.646588,45.674262],[25.646675,45.674382],[25.647581,45.675052],[25.647709,45.675152],[25.648209,45.675537],[25.648569,45.675791],[25.648898,45.675997],[25.64985,45.676595],[25.65114,45.677358],[25.652456,45.67814],[25.654272,45.679219],[25.655553,45.67999],[25.655961,45.680235],[25.657017,45.68085]]},"properties":{"name":"Strada Hărmanului"}},{"type":"Feature","geometry":{"type":"LineString","coordinates":[[25.640245,45.763602],[25.63989,45.763798],[25.639607,45.76395],[25.63938,45.764063]]},"properties":{"name":"Strada Hărmanului"}},{"type":"Feature","geometry":{"type":"LineString","coordinates":[[25.656941,45.680912],[25.656505,45.680651],[25.655896,45.680287],[25.65513,45.67983],[25.653622,45.678928],[25.653444,45.678823],[25.651736,45.677805],[25.650821,45.677263],[25.650011,45.676781],[25.649151,45.676277],[25.648506,45.675884]]},"properties":{"name":"Strada Hărmanului"}},{"type":"Feature","geometry":{"type":"LineString","coordinates":[[25.648506,45.675884],[25.648364,45.675943],[25.648196,45.676089]]},"properties":{"name":"Strada Filiași"}},{"type":"Feature","geometry":{"type":"LineString","coordinates":[[25.648196,45.676089],[25.64812,45.676084],[25.648081,45.676077],[25.648003,45.676043],[25.647977,45.676027],[25.64791,45.675985],[25.64786,45.675955],[25.647835,45.675939],[25.647769,45.675898],[25.647729,45.675873],[25.647689,45.675848],[25.647606,45.675797],[25.647511,45.675738],[25.647428,45.675687]]},"properties":{"name":"Stație RAT Triaj"}},{"type":"Feature","geometry":{"type":"LineString","coordinates":[[25.647054,45.675155],[25.64729,45.6753],[25.647395,45.675363],[25.647484,45.675419],[25.64757,45.675473],[25.647656,45.675527],[25.647739,45.675579],[25.647815,45.675627],[25.647902,45.675681]]},"properties":{"name":"Stație RAT Triaj"}},{"type":"Feature","geometry":{"type":"LineString","coordinates":[[25.647428,45.675687],[25.647418,45.675585],[25.647414,45.675543]]},"properties":{"name":"Stație RAT Triaj - Peron 1"}},{"type":"Feature","geometry":{"type":"LineString","coordinates":[[25.647403,45.675437],[25.647395,45.675363]]},"properties":{"name":"Stație RAT Triaj - Peron 1"}},{"type":"Feature","geometry":{"type":"LineString","coordinates":[[25.647054,45.675155],[25.647112,45.675112],[25.647154,45.675053],[25.647181,45.675005],[25.647221,45.674934]]},"properties":{"name":"Strada Simeria"}},{"type":"Feature","geometry":{"type":"LineString","coordinates":[[25.614051,45.654036],[25.612795,45.654132],[25.612331,45.654167],[25.612159,45.654182],[25.611945,45.6542],[25.611423,45.654244],[25.610892,45.654282],[25.610755,45.654288],[25.610734,45.654289],[25.610521,45.65427],[25.610343,45.65424],[25.610182,45.654194],[25.610031,45.654127],[25.609654,45.65393],[25.609171,45.653663],[25.608997,45.653547],[25.608844,45.653425],[25.608745,45.65332],[25.608664,45.653209],[25.6086,45.653089],[25.608555,45.652989],[25.608517,45.652895],[25.608477,45.652771]]},"properties":{"name":"Bulevardul Mihail Kogălniceanu"}},{"type":"Feature","geometry":{"type":"LineString","coordinates":[[25.608808,45.651168],[25.608826,45.65128],[25.608817,45.651322],[25.608797,45.651467],[25.608605,45.65184],[25.608475,45.65212],[25.608463,45.652261],[25.60846,45.652438],[25.608465,45.652596],[25.608477,45.652771],[25.608352,45.652595],[25.608315,45.652557],[25.608269,45.65253],[25.608205,45.652512],[25.60814,45.652499],[25.608071,45.652493],[25.607791,45.652493]]},"properties":{"name":"Bulevardul Mihail Kogălniceanu"}},{"type":"Feature","geometry":{"type":"LineString","coordinates":[[25.608748,45.651092],[25.608554,45.651047],[25.608239,45.650986],[25.607933,45.650926],[25.607025,45.65075],[25.606429,45.650634],[25.606374,45.650624],[25.606271,45.650604],[25.606167,45.650583],[25.605369,45.650429],[25.604934,45.650344],[25.604766,45.650311],[25.604387,45.650238],[25.603976,45.650164],[25.603893,45.65015],[25.603712,45.650116],[25.603511,45.650075],[25.603327,45.65003],[25.602994,45.649939],[25.602173,45.649706],[25.600877,45.649335],[25.600539,45.649231],[25.600138,45.649112],[25.599986,45.649065],[25.599679,45.648979],[25.59951,45.648937],[25.599337,45.648894],[25.599087,45.64883],[25.598853,45.64874],[25.59876,45.648692],[25.598654,45.64863],[25.598608,45.648588],[25.598579,45.648551],[25.598555,45.648508],[25.598542,45.648467],[25.598489,45.648155],[25.598457,45.647898],[25.59844,45.647823],[25.598417,45.647757],[25.59839,45.647692],[25.598356,45.647632],[25.598295,45.647548],[25.598253,45.6475],[25.598196,45.647444],[25.597586,45.64695],[25.597295,45.646713],[25.597164,45.646653],[25.597076,45.646619],[25.596962,45.646587],[25.596739,45.646557],[25.596047,45.646466],[25.595387,45.646377],[25.595341,45.64637],[25.595202,45.646365],[25.594971,45.646357],[25.594528,45.646367]]},"properties":{"name":"Strada Iuliu Maniu"}},{"type":"Feature","geometry":{"type":"LineString","coordinates":[[25.594528,45.646367],[25.593371,45.646522],[25.591612,45.646752],[25.591534,45.646762],[25.591443,45.646773],[25.589838,45.647008],[25.589725,45.646996],[25.589672,45.646999],[25.58957,45.647004],[25.589302,45.647021]]},"properties":{"name":"Strada Nicolae Iorga"}},{"type":"Feature","geometry":{"type":"LineString","coordinates":[[25.587821,45.645896],[25.587876,45.645976],[25.5879,45.645996],[25.587939,45.646025],[25.588089,45.646118],[25.588296,45.646304],[25.588877,45.646761],[25.589128,45.646938],[25.589302,45.647021],[25.589256,45.647136],[25.589233,45.64719],[25.589223,45.647212],[25.589184,45.647303],[25.58917,45.647336],[25.588968,45.64779],[25.588934,45.647885],[25.588817,45.648235],[25.588714,45.648519],[25.588674,45.648621],[25.588629,45.648709],[25.588593,45.64877],[25.588555,45.648827],[25.588514,45.648882],[25.588462,45.648951],[25.588285,45.649175],[25.588111,45.649395],[25.58765,45.649974],[25.587438,45.650246],[25.587161,45.650557],[25.587117,45.650604],[25.587074,45.650653],[25.586508,45.651283],[25.585971,45.65185],[25.585753,45.652071],[25.585636,45.652172],[25.585597,45.652203],[25.585533,45.652252],[25.585323,45.652416],[25.584954,45.652703],[25.584722,45.652922],[25.584327,45.653292],[25.584122,45.653505],[25.583196,45.654659],[25.582904,45.655001],[25.582865,45.655051],[25.582848,45.655071],[25.582623,45.655341],[25.582577,45.655399],[25.58256,45.655419],[25.582203,45.655844],[25.581842,45.65632],[25.581646,45.656616],[25.581595,45.656695],[25.581205,45.657353],[25.580744,45.658128],[25.580493,45.658557],[25.580412,45.658697],[25.580351,45.658796],[25.580314,45.658858],[25.580084,45.659246],[25.580049,45.659302],[25.579614,45.660064],[25.578775,45.661693],[25.578367,45.662563],[25.578345,45.662615],[25.578303,45.66271],[25.578237,45.662821],[25.578048,45.663138],[25.57802,45.663188],[25.577987,45.663226],[25.577916,45.663278]]},"properties":{"name":"Strada Lungă"}},{"type":"Feature","geometry":{"type":"LineString","coordinates":[[25.578303,45.66271],[25.578267,45.663166],[25.578256,45.663243],[25.578244,45.663284],[25.578228,45.663321],[25.578195,45.663379]]},"properties":{"name":"Strada Lungă"}},{"type":"Feature","geometry":{"type":"LineString","coordinates":[[25.577589,45.666603],[25.577628,45.666557],[25.577692,45.666472],[25.577701,45.666448],[25.577712,45.6664],[25.57772,45.666351],[25.577899,45.665201],[25.577914,45.66511],[25.578005,45.664558],[25.578091,45.664083],[25.578109,45.663986],[25.57812,45.663917],[25.578127,45.663875],[25.578097,45.663808],[25.578075,45.663776],[25.578044,45.663747],[25.577997,45.663718],[25.577891,45.663672]]},"properties":{"name":"Strada Lungă"}},{"type":"Feature","geometry":{"type":"LineString","coordinates":[[25.476696,45.618607],[25.476808,45.618733],[25.476951,45.618888],[25.47711,45.619049],[25.477319,45.619235],[25.477469,45.619377],[25.477711,45.61961],[25.477844,45.619736],[25.477943,45.619837],[25.478035,45.619942],[25.47814,45.620072],[25.478337,45.620326],[25.478579,45.620637],[25.478608,45.620675],[25.478905,45.621064],[25.479192,45.621442],[25.479488,45.621832],[25.479775,45.622207],[25.480061,45.622577],[25.480343,45.622949],[25.480511,45.623171],[25.480701,45.623424],[25.480974,45.623786],[25.481298,45.624218],[25.481416,45.624375],[25.481501,45.624484],[25.481571,45.624574],[25.481925,45.625015],[25.482234,45.625385],[25.482389,45.625558],[25.482625,45.625806],[25.482997,45.626196],[25.483253,45.626478],[25.483726,45.626993],[25.483945,45.627223],[25.484129,45.627409],[25.484311,45.6276],[25.484377,45.627672],[25.484449,45.62776],[25.484517,45.627853],[25.484604,45.627983],[25.484656,45.628063],[25.484757,45.628225],[25.484857,45.628379],[25.484961,45.628523],[25.485067,45.628665],[25.485191,45.628836],[25.485254,45.628908],[25.485284,45.628942],[25.485401,45.629062],[25.48551,45.629151],[25.48564,45.629233],[25.485791,45.629317],[25.486231,45.629536],[25.486316,45.629577],[25.486503,45.629671],[25.487356,45.630086],[25.487996,45.630418],[25.488246,45.630553],[25.488491,45.630696],[25.488948,45.631002],[25.489148,45.631136],[25.489639,45.631477],[25.490075,45.631781],[25.490155,45.631837],[25.490416,45.632013],[25.490645,45.632152],[25.490865,45.632277],[25.49107,45.632386],[25.491281,45.632497],[25.491757,45.632738],[25.491866,45.632792],[25.492003,45.632859],[25.492295,45.633003],[25.493043,45.633383],[25.493335,45.633533],[25.494233,45.633983],[25.496148,45.634965]]},"properties":{"name":"Strada Lungă"}},{"type":"Feature","geometry":{"type":"LineString","coordinates":[[25.496921,45.63525],[25.49681,45.635221],[25.496718,45.635193],[25.496598,45.635152],[25.496448,45.635095],[25.496148,45.634965],[25.496517,45.635203],[25.496598,45.635257],[25.496674,45.635311],[25.496796,45.635401]]},"properties":{"name":"Strada Lungă"}},{"type":"Feature","geometry":{"type":"LineString","coordinates":[[25.508817,45.66704],[25.508775,45.666978],[25.508096,45.666015],[25.508036,45.665927],[25.507354,45.664901],[25.507259,45.664755],[25.506755,45.663952],[25.506725,45.663902],[25.506689,45.663843]]},"properties":{"name":"Strada Lungă"}},{"type":"Feature","geometry":{"type":"LineString","coordinates":[[25.506816,45.663709],[25.506832,45.663659],[25.506867,45.66355],[25.506963,45.663265],[25.506988,45.663197]]},"properties":{"name":"Strada Lungă"}},{"type":"Feature","geometry":{"type":"LineString","coordinates":[[25.452583,45.707036],[25.452415,45.706772],[25.452288,45.706567],[25.452161,45.70636],[25.451954,45.70603],[25.451702,45.705632],[25.451415,45.705131],[25.451366,45.705042],[25.451301,45.704919],[25.451202,45.704738],[25.451147,45.704646],[25.451096,45.704573],[25.450886,45.704322],[25.450804,45.704238],[25.450673,45.704102],[25.450441,45.703879],[25.449714,45.703248],[25.449295,45.702841],[25.449152,45.702692],[25.448966,45.702477],[25.448848,45.702333],[25.448813,45.702283],[25.448802,45.702269],[25.448622,45.702019],[25.448458,45.701778],[25.448337,45.701576],[25.448216,45.701349],[25.448121,45.701174],[25.447783,45.700564],[25.44753,45.700194],[25.44709,45.69967],[25.446982,45.699541],[25.446949,45.699504],[25.446861,45.699417],[25.446737,45.699297],[25.446651,45.699222],[25.446596,45.699176],[25.446541,45.69913],[25.446289,45.69896],[25.446136,45.698855],[25.445952,45.698739],[25.445857,45.698678],[25.445418,45.698404],[25.445055,45.698178],[25.444978,45.698127],[25.444938,45.698093],[25.444907,45.698058],[25.444882,45.698005],[25.44487,45.697952],[25.444867,45.697901],[25.44488,45.697844],[25.444905,45.697791],[25.444951,45.697716],[25.445011,45.697625],[25.445096,45.697508],[25.445267,45.697284],[25.445506,45.696984],[25.445801,45.696621],[25.446107,45.696261],[25.446328,45.695983],[25.44646,45.695811],[25.446513,45.69574],[25.446693,45.69549],[25.446761,45.695401],[25.446822,45.695329],[25.446879,45.695269],[25.446951,45.6952],[25.447241,45.694954],[25.448034,45.694308],[25.448147,45.694212]]},"properties":{"name":"Strada Lungă"}},{"type":"Feature","geometry":{"type":"LineString","coordinates":[[25.448426,45.693872],[25.448389,45.693939],[25.44836,45.693985],[25.448332,45.694021],[25.448308,45.694046],[25.44827,45.69408],[25.448204,45.694133],[25.448164,45.694178],[25.448147,45.694212],[25.448217,45.694178],[25.448279,45.694134],[25.448413,45.69403],[25.448461,45.693984],[25.448484,45.693954],[25.448508,45.693908]]},"properties":{"name":"Strada Lungă"}},{"type":"Feature","geometry":{"type":"LineString","coordinates":[[25.448511,45.693761],[25.448513,45.693725],[25.448516,45.693684],[25.448513,45.693617],[25.448503,45.693562],[25.44849,45.693499]]},"properties":{"name":"Strada Lungă"}},{"type":"Feature","geometry":{"type":"LineString","coordinates":[[25.448799,45.690916],[25.44871,45.691054],[25.448668,45.69113],[25.448569,45.691303],[25.448532,45.691369],[25.448476,45.691463],[25.448401,45.691584],[25.448188,45.691905],[25.448073,45.692102],[25.448035,45.692177],[25.448003,45.692258],[25.447987,45.692315],[25.447979,45.692357],[25.447983,45.692436],[25.448003,45.69251],[25.448167,45.692845],[25.448194,45.692899],[25.448216,45.692942],[25.44826,45.693028],[25.448337,45.693185],[25.448465,45.693444],[25.44849,45.693499],[25.448548,45.693587],[25.448572,45.693631],[25.448589,45.693672],[25.448603,45.693731],[25.448615,45.693808]]},"properties":{"name":"Strada Lungă"}},{"type":"Feature","geometry":{"type":"LineString","coordinates":[[25.587821,45.645896],[25.587807,45.645851],[25.587823,45.645808],[25.587848,45.645771],[25.587871,45.645739],[25.587923,45.645715],[25.588004,45.645696],[25.588239,45.645659],[25.588422,45.645633],[25.588589,45.645609]]},"properties":{"name":"Stația RAT Livada Poștei"}},{"type":"Feature","geometry":{"type":"LineString","coordinates":[[25.589092,45.645725],[25.5889,45.645681],[25.588716,45.645638],[25.588589,45.645609]]},"properties":{"name":"Stația RAT Livada Poștei - Peron 5"}},{"type":"Feature","geometry":{"type":"LineString","coordinates":[[25.604571,45.648337],[25.604482,45.648485],[25.604453,45.648543],[25.604152,45.649138],[25.604116,45.649211],[25.603976,45.649463],[25.603696,45.649967],[25.603674,45.650007],[25.603712,45.650116]]},"properties":{"name":"Strada Castanilor"}},{"type":"Feature","geometry":{"type":"LineString","coordinates":[[25.603712,45.650116],[25.603749,45.650216],[25.603765,45.650258],[25.603784,45.650306],[25.603917,45.650633],[25.603968,45.650764]]},"properties":{"name":"Strada 13 Decembrie"}},{"type":"Feature","geometry":{"type":"LineString","coordinates":[[25.604852,45.652965],[25.604804,45.652878],[25.604625,45.652434],[25.60461,45.652403],[25.604464,45.652112]]},"properties":{"name":"Strada 13 Decembrie"}},{"type":"Feature","geometry":{"type":"LineString","coordinates":[[25.605006,45.653208],[25.60501,45.653371],[25.605019,45.653441],[25.605036,45.653521],[25.605101,45.653697],[25.605119,45.653751],[25.605136,45.653808],[25.6052,45.654001],[25.605205,45.654104]]},"properties":{"name":"Strada 13 Decembrie"}},{"type":"Feature","geometry":{"type":"LineString","coordinates":[[25.606756,45.658577],[25.606879,45.658719],[25.607007,45.658984],[25.607041,45.659066],[25.607181,45.659414],[25.607214,45.659481],[25.607258,45.659548],[25.607336,45.659651]]},"properties":{"name":"Strada 13 Decembrie"}},{"type":"Feature","geometry":{"type":"LineString","coordinates":[[25.606967,45.659677],[25.60698,45.659571],[25.606979,45.659513],[25.606971,45.659459],[25.606875,45.659153],[25.606857,45.659096],[25.606759,45.658756],[25.606756,45.658577],[25.606733,45.658513],[25.606414,45.657594],[25.606306,45.657287],[25.606168,45.656902],[25.606115,45.656748],[25.606097,45.656702],[25.606078,45.656655],[25.606069,45.656626],[25.605987,45.656387],[25.605863,45.656024],[25.605782,45.655782],[25.605691,45.655533],[25.605527,45.655049],[25.605446,45.654815],[25.605321,45.654449],[25.605205,45.654104],[25.605123,45.654004],[25.605039,45.653825],[25.605017,45.653782],[25.605012,45.653772],[25.604891,45.653545],[25.604852,45.653484],[25.604807,45.65343],[25.604635,45.6533]]},"properties":{"name":"Strada 13 Decembrie"}},{"type":"Feature","geometry":{"type":"LineString","coordinates":[[25.607346,45.659999],[25.607488,45.660356],[25.607503,45.660398],[25.607524,45.660459],[25.607646,45.660834],[25.607674,45.660936],[25.607737,45.661181],[25.607753,45.661394]]},"properties":{"name":"Strada 13 Decembrie"}},{"type":"Feature","geometry":{"type":"LineString","coordinates":[[25.607912,45.66176],[25.608079,45.661858],[25.608531,45.663015],[25.608528,45.663077],[25.609138,45.66486],[25.60916,45.664924],[25.609219,45.665099],[25.609309,45.665354],[25.609331,45.665398],[25.609359,45.665439],[25.6094,45.665489],[25.609485,45.665579]]},"properties":{"name":"Strada 13 Decembrie"}},{"type":"Feature","geometry":{"type":"LineString","coordinates":[[25.609174,45.66564],[25.609196,45.665549],[25.6092,45.665494],[25.609194,45.665453],[25.609183,45.66541],[25.609053,45.665046],[25.609036,45.664995],[25.60902,45.664947],[25.608997,45.664877],[25.608946,45.664725],[25.608605,45.66373],[25.608455,45.663299],[25.608302,45.662856],[25.608311,45.662804],[25.607912,45.66176],[25.607896,45.661724],[25.607772,45.661439],[25.607753,45.661394],[25.607611,45.661203],[25.607519,45.661004],[25.607311,45.660556],[25.607284,45.660499],[25.607127,45.660126],[25.607105,45.660096],[25.607048,45.660014]]},"properties":{"name":"Strada 13 Decembrie"}},{"type":"Feature","geometry":{"type":"LineString","coordinates":[[25.609532,45.665852],[25.609525,45.665942],[25.609533,45.666],[25.609698,45.66645],[25.609745,45.66658],[25.609768,45.666642],[25.609789,45.6667],[25.609845,45.666853],[25.610082,45.6675],[25.610174,45.667751],[25.61029,45.668047],[25.610344,45.668105],[25.6104,45.668153],[25.610486,45.668214]]},"properties":{"name":"Strada 13 Decembrie"}},{"type":"Feature","geometry":{"type":"LineString","coordinates":[[25.61059,45.668555],[25.610566,45.668677],[25.610568,45.668771],[25.610844,45.669516],[25.610865,45.669572],[25.610935,45.669761],[25.61111,45.670234],[25.611295,45.670732],[25.611373,45.67091],[25.611441,45.670989],[25.611539,45.671064],[25.611609,45.671127]]},"properties":{"name":"Strada 13 Decembrie"}},{"type":"Feature","geometry":{"type":"LineString","coordinates":[[25.611761,45.671465],[25.611694,45.671541],[25.611646,45.671598],[25.611615,45.671675],[25.611606,45.671747],[25.61161,45.671798],[25.611623,45.671856]]},"properties":{"name":"Strada 13 Decembrie"}},{"type":"Feature","geometry":{"type":"LineString","coordinates":[[25.612119,45.673237],[25.612183,45.673415],[25.612253,45.673609],[25.612371,45.673934],[25.61251,45.674319],[25.612523,45.674354],[25.612548,45.674425],[25.612732,45.674933],[25.612753,45.67499],[25.612795,45.675081],[25.612848,45.675142],[25.612898,45.675197]]},"properties":{"name":"Strada 13 Decembrie"}},{"type":"Feature","geometry":{"type":"LineString","coordinates":[[25.614223,45.679],[25.614236,45.679066],[25.614255,45.679164],[25.614253,45.679235]]},"properties":{"name":"Strada 13 Decembrie"}},{"type":"Feature","geometry":{"type":"LineString","coordinates":[[25.612949,45.675376],[25.612948,45.675431],[25.612954,45.6755],[25.61294,45.675649]]},"properties":{"name":"Strada 13 Decembrie"}},{"type":"Feature","geometry":{"type":"LineString","coordinates":[[25.61322,45.676394],[25.613297,45.676482],[25.613375,45.676695],[25.613364,45.676796]]},"properties":{"name":"Strada 13 Decembrie"}},{"type":"Feature","geometry":{"type":"LineString","coordinates":[[25.614007,45.678576],[25.614081,45.678633],[25.614106,45.678691],[25.614138,45.678746],[25.614203,45.678852]]},"properties":{"name":"Strada 13 Decembrie"}},{"type":"Feature","geometry":{"type":"LineString","coordinates":[[25.614033,45.678835],[25.614018,45.678732],[25.614001,45.678654],[25.614007,45.678576],[25.613987,45.678518],[25.613919,45.678332],[25.613692,45.677703],[25.613686,45.677685],[25.613631,45.677534],[25.613607,45.677468],[25.613594,45.677432],[25.613502,45.677179],[25.613364,45.676796],[25.613291,45.676721],[25.613261,45.67664],[25.613212,45.676498],[25.61322,45.676394],[25.612963,45.675705],[25.61294,45.675649],[25.612846,45.675513],[25.612803,45.675431],[25.612749,45.67537]]},"properties":{"name":"Strada 13 Decembrie"}},{"type":"Feature","geometry":{"type":"LineString","coordinates":[[25.614081,45.679043],[25.61412,45.679105],[25.614187,45.679187],[25.614253,45.679235],[25.614356,45.679515],[25.61442,45.679707],[25.614499,45.679916],[25.614957,45.681153],[25.614986,45.681225],[25.615144,45.68163],[25.615464,45.682394],[25.615471,45.682408],[25.615522,45.682512],[25.615538,45.682544],[25.615543,45.682553],[25.615604,45.682666],[25.615668,45.682784],[25.61598,45.683324],[25.61626,45.683717],[25.616554,45.684165],[25.616789,45.684509],[25.61742,45.685403],[25.617691,45.685792],[25.617699,45.685803],[25.617854,45.686018],[25.617901,45.686083],[25.61817,45.686398],[25.618223,45.686436]]},"properties":{"name":"Strada 13 Decembrie"}},{"type":"Feature","geometry":{"type":"LineString","coordinates":[[25.612706,45.675281],[25.612684,45.675133],[25.612653,45.67498],[25.612504,45.674542],[25.61246,45.674421],[25.612441,45.674369],[25.612316,45.674025],[25.612081,45.673383],[25.611751,45.672479],[25.611733,45.672431],[25.611703,45.672349],[25.611615,45.672107],[25.611568,45.671978],[25.611378,45.671458],[25.611347,45.671373]]},"properties":{"name":"Strada 13 Decembrie"}},{"type":"Feature","geometry":{"type":"LineString","coordinates":[[25.611334,45.671326],[25.611232,45.670973],[25.61112,45.670657],[25.61087,45.669998],[25.610746,45.66967],[25.610739,45.669652],[25.61072,45.669603],[25.610699,45.669547],[25.610439,45.66887],[25.610323,45.668575],[25.610311,45.668528],[25.610316,45.668469]]},"properties":{"name":"Strada 13 Decembrie"}},{"type":"Feature","geometry":{"type":"LineString","coordinates":[[25.610295,45.668337],[25.610227,45.668266],[25.610148,45.668042],[25.6101,45.667907],[25.609804,45.667098],[25.609684,45.666766],[25.609668,45.666723],[25.609642,45.666653],[25.609507,45.666282],[25.609467,45.666172],[25.609412,45.666049],[25.60934,45.665949],[25.609272,45.665876]]},"properties":{"name":"Strada 13 Decembrie"}},{"type":"Feature","geometry":{"type":"LineString","coordinates":[[25.604575,45.653008],[25.60461,45.652929],[25.604621,45.652894],[25.604626,45.652855],[25.604624,45.652809],[25.604613,45.652757],[25.60455,45.652551],[25.604546,45.65253],[25.604529,45.652447],[25.604503,45.652354],[25.604464,45.652112],[25.604347,45.651798],[25.604114,45.651166],[25.604,45.650848],[25.603968,45.650764],[25.603638,45.650504],[25.603455,45.65029],[25.603396,45.650217],[25.603356,45.650158],[25.603334,45.650106],[25.603331,45.65005],[25.603327,45.65003]]},"properties":{"name":"Strada 13 Decembrie"}},{"type":"Feature","geometry":{"type":"LineString","coordinates":[[25.325687,45.560987],[25.325669,45.561076],[25.325613,45.561338],[25.325594,45.561412],[25.325568,45.561488],[25.325534,45.561567],[25.32549,45.56165],[25.325332,45.561918],[25.325296,45.561985],[25.325258,45.562072],[25.325193,45.56225],[25.325176,45.562299],[25.325169,45.562318],[25.325151,45.562369],[25.325118,45.562465],[25.325105,45.562502],[25.325096,45.562526],[25.324945,45.562949],[25.324856,45.563187],[25.324837,45.563234],[25.324819,45.563276],[25.324788,45.563334],[25.324758,45.563379],[25.324728,45.563419],[25.324693,45.563459],[25.324649,45.563504],[25.324561,45.563578],[25.324401,45.563709],[25.324219,45.563861]]},"properties":{"name":"Strada 13 Decembrie"}},{"type":"Feature","geometry":{"type":"LineString","coordinates":[[25.61826,45.686703],[25.618359,45.686824],[25.618409,45.686897],[25.618603,45.687177],[25.618736,45.687303],[25.618678,45.687156],[25.618633,45.687085],[25.618504,45.686866],[25.618392,45.68666]]},"properties":{"name":"Strada 13 Decembrie"}},{"type":"Feature","geometry":{"type":"LineString","coordinates":[[25.618098,45.686486],[25.618074,45.686418],[25.617901,45.686083]]},"properties":{"name":"Strada 13 Decembrie"}},{"type":"Feature","geometry":{"type":"LineString","coordinates":[[25.615464,45.682394],[25.615348,45.682438],[25.615272,45.682466],[25.615233,45.682481],[25.615178,45.682495],[25.615107,45.682497],[25.615063,45.682488],[25.615012,45.682463],[25.614991,45.682431],[25.614929,45.682318],[25.614896,45.682251],[25.614865,45.682179],[25.614837,45.682109],[25.614815,45.682042]]},"properties":{"name":"Stația RAT Rulmentul"}},{"type":"Feature","geometry":{"type":"LineString","coordinates":[[25.615144,45.68163],[25.61505,45.681695],[25.61502,45.681717],[25.615066,45.681848],[25.615091,45.681909],[25.615119,45.681979],[25.615147,45.682048],[25.615174,45.682115]]},"properties":{"name":"Stația RAT Rulmentul"}},{"type":"Feature","geometry":{"type":"LineString","coordinates":[[25.614837,45.682109],[25.614877,45.682079]]},"properties":{"name":"Stația RAT Rulmentul - Peron 4"}},{"type":"Feature","geometry":{"type":"LineString","coordinates":[[25.615019,45.681965],[25.615091,45.681909]]},"properties":{"name":"Stația RAT Rulmentul - Peron 4"}},{"type":"Feature","geometry":{"type":"LineString","coordinates":[[25.612504,45.674542],[25.612424,45.674549],[25.612379,45.674552],[25.612116,45.674572],[25.612096,45.674574],[25.611934,45.674586],[25.61182,45.674595],[25.611328,45.674633],[25.610771,45.674676],[25.610501,45.674696],[25.610214,45.674718],[25.609673,45.67476],[25.609538,45.67477],[25.609415,45.67478],[25.609201,45.674796],[25.608893,45.67482],[25.608604,45.674811],[25.607881,45.674866],[25.607769,45.674893],[25.607612,45.674926],[25.606587,45.675009],[25.606536,45.675013],[25.605873,45.675067],[25.605761,45.675076],[25.605633,45.675087],[25.605448,45.675102],[25.605374,45.675108],[25.605193,45.675123],[25.605004,45.675139],[25.604709,45.675167],[25.604214,45.675209],[25.60397,45.67523],[25.603807,45.675244],[25.603607,45.67526],[25.603291,45.675288],[25.60328,45.675289],[25.603248,45.675285],[25.603011,45.675308],[25.602971,45.675327],[25.602782,45.675341],[25.602769,45.675342],[25.602685,45.675349],[25.602593,45.675356],[25.602372,45.675373],[25.601897,45.67541],[25.60179,45.675418],[25.601707,45.675424],[25.601357,45.675451],[25.601269,45.675458],[25.60091,45.675486],[25.600712,45.675501],[25.600286,45.675534],[25.600182,45.675542]]},"properties":{"name":"Strada Ioan Popasu"}},{"type":"Feature","geometry":{"type":"LineString","coordinates":[[25.604709,45.675167],[25.604727,45.675224],[25.604737,45.675252],[25.604785,45.675393],[25.604889,45.675679],[25.604909,45.675789],[25.604914,45.675872],[25.604896,45.675969],[25.604867,45.67606],[25.604711,45.676403],[25.604675,45.67649],[25.604649,45.67656],[25.60464,45.676641],[25.604653,45.67678],[25.604657,45.676791],[25.604693,45.676905],[25.60481,45.677178],[25.604865,45.677279],[25.604924,45.677346],[25.605058,45.677692],[25.605114,45.677837],[25.605256,45.678202],[25.605717,45.67939],[25.605726,45.679414],[25.60575,45.679475]]},"properties":{"name":"Strada Liviu Rebreanu"}},{"type":"Feature","geometry":{"type":"LineString","coordinates":[[25.60575,45.679475],[25.606029,45.679453],[25.606119,45.679446],[25.606603,45.679408],[25.606743,45.679397],[25.606875,45.679387],[25.606988,45.679378],[25.607064,45.679372],[25.60712,45.679368],[25.607186,45.679362],[25.607231,45.679359],[25.6077,45.679322],[25.608162,45.679286],[25.608749,45.67924],[25.608834,45.679234],[25.609069,45.679216],[25.609107,45.679213],[25.609203,45.679205],[25.60931,45.679197],[25.609404,45.67919],[25.610018,45.679147],[25.610645,45.679102],[25.610936,45.679082],[25.611429,45.679047],[25.61164,45.679032],[25.611772,45.679023],[25.612329,45.678983],[25.61255,45.678968],[25.61273,45.678955],[25.612907,45.678942],[25.613378,45.678909],[25.613474,45.678902],[25.613574,45.678895],[25.613679,45.678888],[25.613704,45.678886],[25.613758,45.678907],[25.613842,45.678924],[25.613893,45.678942],[25.613951,45.678971]]},"properties":{"name":"Strada Nicolae Labiș"}},{"type":"Feature","geometry":{"type":"LineString","coordinates":[[25.613704,45.678886],[25.613757,45.678863],[25.613901,45.678855],[25.613999,45.67885]]},"properties":{"name":"Strada Nicolae Labiș"}},{"type":"Feature","geometry":{"type":"LineString","coordinates":[[25.614865,45.682179],[25.614898,45.682152]]},"properties":{"name":"Stația RAT Rulmentul - Peron 3"}},{"type":"Feature","geometry":{"type":"LineString","coordinates":[[25.615053,45.682029],[25.615119,45.681979]]},"properties":{"name":"Stația RAT Rulmentul - Peron 3"}},{"type":"Feature","geometry":{"type":"LineString","coordinates":[[25.589797,45.666294],[25.590051,45.666287],[25.590332,45.666263],[25.590537,45.666228],[25.590746,45.666182],[25.590912,45.666133],[25.590983,45.6661],[25.59107,45.66605]]},"properties":{"name":"Strada Stadionului"}},{"type":"Feature","geometry":{"type":"LineString","coordinates":[[25.589837,45.666376],[25.589622,45.666346],[25.589326,45.666274],[25.588857,45.666176],[25.587928,45.665969],[25.586702,45.665688],[25.584477,45.665193]]},"properties":{"name":"Strada Stadionului"}},{"type":"Feature","geometry":{"type":"LineString","coordinates":[[25.578212,45.663404],[25.578277,45.663406],[25.578332,45.663415],[25.578411,45.663435],[25.578496,45.663468],[25.578557,45.663498],[25.578759,45.663621],[25.57892,45.663761],[25.578961,45.663812],[25.579138,45.663899],[25.579387,45.663984],[25.579557,45.664026],[25.579868,45.664085],[25.580417,45.66417],[25.580855,45.664245],[25.580998,45.664272],[25.581208,45.664311],[25.581351,45.664338],[25.58183,45.664442],[25.582552,45.664608]]},"properties":{"name":"Strada Stadionului"}},{"type":"Feature","geometry":{"type":"LineString","coordinates":[[25.578961,45.663812],[25.578866,45.663792],[25.578553,45.663632],[25.578482,45.663604],[25.578404,45.663588],[25.578345,45.663582],[25.578276,45.663578],[25.578196,45.663573]]},"properties":{"name":"Strada Stadionului"}},{"type":"Feature","geometry":{"type":"LineString","coordinates":[[25.583516,45.664966],[25.583635,45.664995],[25.583677,45.665007],[25.584053,45.665109],[25.584477,45.665193],[25.584301,45.665123],[25.584213,45.665078],[25.584121,45.66502],[25.584007,45.664934],[25.583983,45.664913],[25.583958,45.664889],[25.583795,45.66472]]},"properties":{"name":"Strada Stadionului"}},{"type":"Feature","geometry":{"type":"LineString","coordinates":[[25.583516,45.664966],[25.583434,45.664945]]},"properties":{"name":"Strada Stadionului"}},{"type":"Feature","geometry":{"type":"LineString","coordinates":[[25.583434,45.664945],[25.583388,45.66492],[25.58335,45.664889],[25.583323,45.664853],[25.58331,45.664813],[25.583309,45.664772],[25.583322,45.664732],[25.583348,45.664695],[25.583385,45.664664],[25.583431,45.664639]]},"properties":{"name":"Strada Stadionului"}},{"type":"Feature","geometry":{"type":"LineString","coordinates":[[25.583431,45.664639],[25.583477,45.664624],[25.58352,45.664616],[25.583565,45.664613],[25.583609,45.664617],[25.583652,45.664625],[25.583692,45.664639],[25.583728,45.664657],[25.583759,45.664679],[25.583795,45.66472],[25.583814,45.664766],[25.583814,45.664814],[25.583796,45.66486],[25.583761,45.664901],[25.583712,45.664935],[25.583652,45.664957],[25.583585,45.664968],[25.583516,45.664966]]},"properties":{"name":"Strada Stadionului"}},{"type":"Feature","geometry":{"type":"LineString","coordinates":[[25.583002,45.664672],[25.582925,45.664664],[25.582552,45.664608],[25.583154,45.664835],[25.583434,45.664945]]},"properties":{"name":"Strada Stadionului"}},{"type":"Feature","geometry":{"type":"LineString","coordinates":[[25.583002,45.664672],[25.583097,45.664671],[25.583205,45.664665],[25.583306,45.664653],[25.583431,45.664639]]},"properties":{"name":"Strada Stadionului"}},{"type":"Feature","geometry":{"type":"LineString","coordinates":[[25.589326,45.666274],[25.58957,45.666289],[25.589797,45.666294]]},"properties":{"name":"DN1"}},{"type":"Feature","geometry":{"type":"LineString","coordinates":[[25.593127,45.66323],[25.593089,45.6636],[25.593092,45.66376],[25.593112,45.66391],[25.593139,45.66401],[25.593194,45.664191],[25.593252,45.664308],[25.593319,45.66441],[25.593398,45.664494],[25.593639,45.664705],[25.593738,45.66478],[25.593896,45.664893],[25.593955,45.664937],[25.594276,45.665177],[25.59439,45.665276],[25.594448,45.665332],[25.594487,45.66539],[25.594523,45.665477],[25.59454,45.665591],[25.594532,45.665699],[25.594504,45.665783],[25.594464,45.665864],[25.594372,45.66597],[25.594273,45.666052],[25.594127,45.666127],[25.593935,45.666186],[25.593843,45.666213],[25.593706,45.666244],[25.593546,45.666274],[25.593261,45.66632],[25.593191,45.66633],[25.592864,45.66637],[25.592553,45.666388],[25.592276,45.666397],[25.5921,45.6664],[25.59146,45.666407],[25.590787,45.666401],[25.59068,45.6664],[25.590285,45.666397],[25.590069,45.666389],[25.589837,45.666376]]},"properties":{"name":"DN1"}},{"type":"Feature","geometry":{"type":"LineString","coordinates":[[25.569032,45.660225],[25.568944,45.660139],[25.568906,45.660089],[25.568892,45.66004],[25.568895,45.659987],[25.568919,45.659935],[25.568959,45.659888],[25.569021,45.659835]]},"properties":{"name":"DN1"}},{"type":"Feature","geometry":{"type":"LineString","coordinates":[[25.569504,45.66035],[25.569597,45.660337],[25.569651,45.660312],[25.569683,45.66028],[25.569699,45.660239],[25.569711,45.660181],[25.569715,45.660119]]},"properties":{"name":"DN1"}},{"type":"Feature","geometry":{"type":"LineString","coordinates":[[25.62726,45.649686],[25.627133,45.64971],[25.626984,45.649756],[25.626875,45.649798],[25.62677,45.649844],[25.626542,45.649978],[25.626385,45.65007]]},"properties":{"name":"DN1"}},{"type":"Feature","geometry":{"type":"LineString","coordinates":[[25.626173,45.649836],[25.626423,45.649751],[25.62659,45.649679],[25.626707,45.649619],[25.626808,45.649558],[25.626875,45.64951],[25.62699,45.649426]]},"properties":{"name":"DN1"}},{"type":"Feature","geometry":{"type":"LineString","coordinates":[[25.651457,45.605319],[25.651223,45.605185],[25.651073,45.605096],[25.650909,45.604987],[25.650769,45.604886],[25.65062,45.604767],[25.650461,45.604629],[25.649869,45.604114],[25.649,45.603359],[25.648317,45.602754],[25.64719,45.601767],[25.646916,45.601531],[25.646371,45.60106],[25.646107,45.600842],[25.645819,45.600622],[25.645577,45.600454],[25.645321,45.600284],[25.644943,45.600058],[25.643962,45.599479],[25.643193,45.599031],[25.642952,45.598891],[25.641183,45.597858],[25.639135,45.596664],[25.638479,45.596271],[25.637847,45.595896],[25.6376,45.595757],[25.637462,45.595691],[25.63731,45.595621],[25.637129,45.595547],[25.636884,45.595458],[25.636618,45.595362],[25.636405,45.595282],[25.636211,45.5952],[25.636023,45.59511],[25.635877,45.595033],[25.635762,45.594964],[25.63565,45.594888],[25.635535,45.594799],[25.635326,45.594625],[25.635082,45.594411],[25.631021,45.590421],[25.630081,45.589526],[25.629709,45.589172],[25.629434,45.58891],[25.629185,45.588685],[25.628948,45.588505],[25.628738,45.588372],[25.628085,45.587987],[25.627551,45.587676],[25.625881,45.586705],[25.624988,45.586194],[25.624785,45.586078],[25.624578,45.58596],[25.624421,45.585848],[25.624315,45.585745],[25.624217,45.58562],[25.624145,45.585499],[25.623996,45.585203],[25.623893,45.585004],[25.623771,45.584769],[25.623674,45.584605],[25.623582,45.584469],[25.623478,45.58435],[25.623323,45.584189],[25.623163,45.584024],[25.622882,45.583735],[25.622625,45.583481],[25.622442,45.583279],[25.622312,45.583107],[25.622219,45.582952],[25.622151,45.58282],[25.62209,45.582681],[25.622014,45.582494],[25.621697,45.581618],[25.621555,45.581273],[25.621501,45.581159],[25.621448,45.581064],[25.621378,45.58096],[25.621104,45.580565],[25.6208,45.580145],[25.620533,45.579761],[25.619916,45.578893],[25.619808,45.57874],[25.619677,45.578577],[25.619534,45.578424],[25.619363,45.578272],[25.619165,45.578115],[25.618957,45.577971],[25.61873,45.577839],[25.618497,45.577722],[25.618119,45.577547],[25.617752,45.577386],[25.617483,45.577264],[25.617294,45.577166],[25.617132,45.577073],[25.616917,45.576932],[25.616754,45.576809],[25.616591,45.576662],[25.616449,45.576508],[25.616306,45.576329],[25.616199,45.576168],[25.61606,45.57594],[25.615506,45.575011],[25.615422,45.574896],[25.61533,45.574789],[25.615192,45.574657],[25.614968,45.574475],[25.614677,45.574239],[25.61437,45.57399],[25.614021,45.573719],[25.613518,45.573328],[25.613393,45.573234],[25.612963,45.572912],[25.612401,45.572487],[25.61229,45.572411],[25.612153,45.572328],[25.612096,45.572299],[25.611981,45.572253],[25.611848,45.572208],[25.611641,45.572148],[25.61138,45.572088],[25.611073,45.572027],[25.610844,45.571971],[25.610663,45.571911],[25.610496,45.571847],[25.610213,45.571708],[25.609976,45.571564],[25.609769,45.571405],[25.609576,45.571235],[25.609408,45.571063],[25.609253,45.570856],[25.60912,45.570622],[25.609006,45.570382],[25.608834,45.569947],[25.608505,45.569134],[25.608366,45.568774],[25.608277,45.568509],[25.608186,45.568287],[25.607856,45.567631],[25.607718,45.567416],[25.607641,45.567305],[25.607526,45.567174],[25.607418,45.567066],[25.607247,45.566922],[25.606729,45.566516],[25.606303,45.566182],[25.605839,45.565846],[25.605692,45.565762],[25.605585,45.565705],[25.605461,45.565652],[25.60528,45.565582],[25.605069,45.565493],[25.604943,45.56543],[25.60483,45.565364],[25.604738,45.565307],[25.60464,45.565244],[25.604549,45.565179],[25.604389,45.565055],[25.604213,45.5649],[25.604094,45.564758],[25.603968,45.564584],[25.603788,45.564332],[25.603642,45.564121],[25.603487,45.563947],[25.603307,45.563761],[25.603118,45.563605],[25.602921,45.56346],[25.602698,45.563328],[25.602518,45.563232],[25.601848,45.562907],[25.601315,45.562667],[25.601134,45.56258],[25.600984,45.562499],[25.600821,45.562403],[25.60067,45.562304],[25.600535,45.562204],[25.599943,45.561778],[25.599694,45.561591],[25.599577,45.561495],[25.599479,45.561399],[25.599397,45.561314],[25.599306,45.561208],[25.599216,45.561087],[25.599141,45.560977],[25.599074,45.560867],[25.598891,45.560539],[25.598836,45.560448],[25.598785,45.560371],[25.598734,45.560304],[25.598689,45.560253],[25.598647,45.560209],[25.598584,45.560149],[25.598528,45.560099],[25.598456,45.56004],[25.598063,45.559729],[25.597991,45.559674],[25.597462,45.559272],[25.597187,45.559073],[25.596994,45.558944],[25.596715,45.558773],[25.595745,45.558202],[25.595582,45.558106],[25.595392,45.557977],[25.595213,45.557841],[25.59505,45.557703],[25.594201,45.556898],[25.593771,45.556489],[25.593505,45.556243],[25.593342,45.556105],[25.593153,45.555966],[25.593014,45.555871],[25.592853,45.555762],[25.592492,45.555534],[25.592104,45.555286],[25.591939,45.555182],[25.59185,45.555113],[25.591778,45.555049],[25.591721,45.554989],[25.591672,45.554926],[25.59161,45.554835],[25.591536,45.554704],[25.591456,45.554555],[25.591341,45.554333],[25.590965,45.55361],[25.590842,45.55337],[25.59076,45.553223],[25.590675,45.553076],[25.590595,45.55296],[25.590465,45.552795],[25.590218,45.552487],[25.590029,45.552258],[25.589909,45.552138],[25.589793,45.55204],[25.589676,45.55196],[25.589334,45.551741],[25.589037,45.55157],[25.588923,45.551498],[25.588812,45.551429],[25.588697,45.551338],[25.58863,45.551272],[25.588537,45.551164],[25.588474,45.551071],[25.588432,45.550988],[25.588407,45.550923],[25.58839,45.550852],[25.588382,45.55078],[25.588386,45.550696],[25.588394,45.550624],[25.588414,45.55054],[25.588462,45.550402],[25.588709,45.549774],[25.588735,45.549709],[25.588755,45.549656],[25.588802,45.549518],[25.58884,45.549382],[25.588869,45.549262],[25.588888,45.549157],[25.588901,45.549041],[25.588908,45.548939],[25.588909,45.548832],[25.588908,45.548709],[25.588896,45.54851],[25.588884,45.548266],[25.588875,45.548066],[25.588828,45.547083],[25.588788,45.545886],[25.588755,45.543803],[25.588751,45.543642],[25.588741,45.543495],[25.588723,45.543344],[25.588696,45.543201],[25.588651,45.543048],[25.588616,45.54295],[25.588546,45.542798],[25.588455,45.542583],[25.588367,45.542385],[25.588332,45.542302],[25.588283,45.542182],[25.588249,45.542051],[25.588238,45.541952],[25.588238,45.541879],[25.588246,45.541802],[25.588269,45.541674],[25.588311,45.541498],[25.588342,45.541386],[25.588377,45.541264],[25.588428,45.541133],[25.588515,45.540934],[25.588644,45.540658],[25.58872,45.540493],[25.588754,45.540397],[25.588777,45.5403],[25.588779,45.540228],[25.588779,45.54016],[25.588769,45.540094],[25.588747,45.540003],[25.588711,45.539918],[25.588666,45.539834],[25.588607,45.539709],[25.58856,45.539605],[25.588517,45.539491],[25.588489,45.539393],[25.588462,45.53928],[25.588441,45.539159],[25.588423,45.538982],[25.588421,45.538961],[25.588408,45.538814],[25.588387,45.538575],[25.588364,45.538348],[25.588353,45.53829],[25.588339,45.538216],[25.588315,45.538149],[25.588285,45.538076],[25.588251,45.538008],[25.588206,45.537936],[25.58816,45.537877],[25.588104,45.537819],[25.588042,45.537768],[25.587979,45.537721],[25.587888,45.537659],[25.587753,45.537579],[25.587607,45.537506],[25.58749,45.537452],[25.587356,45.537397],[25.587118,45.537309],[25.586903,45.537233],[25.586739,45.537166],[25.586643,45.537119],[25.586558,45.53707],[25.586481,45.537017],[25.586395,45.536952],[25.586331,45.536897],[25.586166,45.536747],[25.585986,45.536582],[25.585781,45.536415],[25.585721,45.53637],[25.585525,45.536239],[25.585434,45.536177],[25.585308,45.536083],[25.585228,45.536014],[25.585151,45.535933],[25.585077,45.535843],[25.584921,45.535637],[25.584861,45.535558],[25.584756,45.535433],[25.584715,45.535389],[25.584658,45.53533],[25.584597,45.535279],[25.584538,45.535238],[25.58444,45.535171],[25.58437,45.535122],[25.584205,45.535016],[25.584031,45.534902],[25.583833,45.534784],[25.583571,45.534641],[25.583499,45.534604],[25.583395,45.534551],[25.583002,45.534387],[25.582659,45.534248],[25.582512,45.534181],[25.582333,45.534092],[25.582201,45.534022],[25.582046,45.533932],[25.581902,45.533848],[25.581738,45.533752],[25.581577,45.533649],[25.581526,45.533611],[25.581399,45.533518],[25.581327,45.533457],[25.581129,45.533273],[25.580827,45.532978],[25.580588,45.532752],[25.58053,45.532699],[25.580484,45.532662],[25.580329,45.532539],[25.580262,45.532491],[25.58016,45.532434],[25.58005,45.532381],[25.579972,45.532346],[25.579852,45.532295],[25.579769,45.532258],[25.579728,45.532238],[25.579356,45.532079],[25.579196,45.532007],[25.579057,45.531933],[25.578941,45.531859],[25.578853,45.531791],[25.578821,45.531761],[25.578788,45.53173],[25.578714,45.531652],[25.578667,45.531596],[25.578573,45.531461],[25.578453,45.53126],[25.57836,45.531097],[25.578268,45.530941],[25.578171,45.530776],[25.578099,45.530656],[25.578017,45.530514],[25.577921,45.530348],[25.577811,45.530157],[25.577692,45.529957],[25.577626,45.529821],[25.577549,45.529657],[25.577484,45.529491],[25.577428,45.529317],[25.577378,45.529138],[25.577352,45.528979],[25.577335,45.528819],[25.577326,45.528548],[25.577321,45.528452],[25.577314,45.528371],[25.577295,45.528298],[25.577262,45.528203],[25.577211,45.528093],[25.577118,45.527931],[25.577042,45.5278],[25.576891,45.527538],[25.576833,45.527437],[25.576421,45.526732],[25.576353,45.526624],[25.576291,45.526529],[25.576218,45.526428],[25.576127,45.526321],[25.576042,45.526236],[25.575953,45.526155],[25.575872,45.52609],[25.575779,45.526018],[25.575681,45.525947],[25.57548,45.525813],[25.575312,45.525709],[25.575174,45.525631],[25.575052,45.525572],[25.574332,45.525235],[25.574229,45.525189],[25.573436,45.524828],[25.573212,45.524734],[25.573043,45.524664],[25.57293,45.524622],[25.572803,45.52458],[25.57268,45.524543],[25.572555,45.524515],[25.5724,45.524483],[25.572306,45.524469],[25.572195,45.524453],[25.572069,45.524442],[25.571915,45.524433],[25.571775,45.524428],[25.571438,45.52442],[25.571276,45.524416],[25.571169,45.524409],[25.571061,45.524395],[25.570972,45.52438],[25.570826,45.524336],[25.570709,45.524272],[25.570618,45.524184],[25.570569,45.524098],[25.570555,45.524006],[25.570559,45.523922],[25.570573,45.523874],[25.570598,45.523806],[25.570678,45.52371],[25.570786,45.523631],[25.570901,45.523576],[25.571005,45.523537],[25.571076,45.523515],[25.571314,45.523447],[25.57165,45.523363],[25.572111,45.523263],[25.57292,45.523092],[25.573141,45.523043],[25.573338,45.522994],[25.573491,45.522944],[25.573636,45.522881],[25.573777,45.522804],[25.573895,45.522723],[25.574003,45.522617],[25.57408,45.522513],[25.574128,45.522423],[25.574155,45.522348],[25.574171,45.52228],[25.574181,45.522202],[25.574178,45.522125],[25.574168,45.522049],[25.574149,45.521973],[25.574109,45.521887],[25.574052,45.521793],[25.573993,45.521715],[25.573893,45.521597],[25.573657,45.52133],[25.57336,45.520979],[25.573277,45.520867],[25.573216,45.520772],[25.573159,45.520663],[25.573106,45.520531],[25.573055,45.520361],[25.573022,45.520211],[25.572992,45.520051],[25.572899,45.519577],[25.57285,45.519308],[25.572837,45.519216],[25.572837,45.519125],[25.572843,45.519056],[25.572863,45.518992],[25.5729,45.518928],[25.572953,45.518872],[25.573034,45.518807],[25.573128,45.518758],[25.573233,45.518725],[25.57334,45.518711],[25.573446,45.518715],[25.573558,45.51874],[25.57367,45.518782],[25.573746,45.518822],[25.5738,45.518863],[25.573844,45.518905],[25.57388,45.518951],[25.573928,45.519019],[25.574168,45.519498],[25.574303,45.519748],[25.57442,45.519925],[25.574516,45.520031],[25.574621,45.520122],[25.574745,45.520211],[25.574904,45.520301],[25.575069,45.520376],[25.575216,45.520434],[25.575365,45.520474],[25.575558,45.520502],[25.575773,45.520508],[25.575937,45.520501],[25.576041,45.520473],[25.576101,45.520432],[25.576126,45.520392],[25.576123,45.520333],[25.576087,45.520286],[25.576026,45.520254],[25.575944,45.520232],[25.57585,45.52022],[25.575695,45.520202],[25.57555,45.520178],[25.575447,45.520148],[25.575335,45.520099],[25.575198,45.520027],[25.57506,45.519931],[25.574968,45.519847],[25.574891,45.519765],[25.57483,45.519694],[25.574759,45.51959],[25.5747,45.519492],[25.574652,45.519395],[25.574614,45.519306],[25.574592,45.519233],[25.574597,45.519179],[25.574623,45.519131],[25.574692,45.519105],[25.574764,45.519106],[25.574829,45.519131],[25.57488,45.519185],[25.574925,45.519264],[25.574974,45.519366],[25.575035,45.51945],[25.575112,45.519528],[25.575232,45.519612],[25.575386,45.519685],[25.575577,45.519741],[25.575773,45.519775],[25.575952,45.519791],[25.576142,45.519799],[25.576408,45.519799],[25.576534,45.519791],[25.576625,45.519774],[25.576695,45.519733],[25.576732,45.519685],[25.576743,45.51963],[25.576725,45.519576],[25.576689,45.519537],[25.576636,45.519508],[25.576557,45.5195],[25.576453,45.519506],[25.576289,45.51952],[25.57615,45.519522],[25.576015,45.519514],[25.575901,45.519492],[25.575773,45.51945],[25.575653,45.51939],[25.575511,45.519302],[25.575404,45.519209],[25.575318,45.519113],[25.575266,45.519035],[25.575223,45.518933],[25.57508,45.51847],[25.575046,45.518339],[25.575035,45.518253],[25.575039,45.518198],[25.57506,45.518151],[25.575095,45.518121],[25.575146,45.518103],[25.575212,45.518101],[25.57528,45.51812],[25.575325,45.518162],[25.575351,45.51822],[25.575361,45.518289],[25.575378,45.518524],[25.575394,45.518604],[25.575429,45.518698],[25.575498,45.518794],[25.575613,45.518879],[25.575747,45.518945],[25.575936,45.518993],[25.57615,45.519011],[25.57637,45.519005],[25.576583,45.518985],[25.576788,45.518951],[25.576999,45.518907],[25.577939,45.518663],[25.57818,45.518585],[25.578408,45.518494],[25.578631,45.51838],[25.578889,45.518231],[25.579048,45.518152],[25.579192,45.518092],[25.579455,45.517994],[25.57956,45.517943],[25.579634,45.517894],[25.579677,45.517838],[25.579695,45.517772],[25.579687,45.517718],[25.579661,45.51767],[25.579624,45.517631],[25.579559,45.517592],[25.579463,45.517574],[25.579395,45.517574],[25.579306,45.51759],[25.579223,45.517628],[25.579137,45.517682],[25.579034,45.51776],[25.578931,45.517826],[25.57882,45.51788],[25.578705,45.517926],[25.578573,45.517966],[25.5784,45.518003],[25.578198,45.518034],[25.578013,45.518048],[25.577769,45.518042],[25.5775,45.518025],[25.577248,45.517987],[25.577049,45.517931],[25.576879,45.517857],[25.576761,45.51777],[25.576687,45.517674],[25.576639,45.517572],[25.576633,45.51747],[25.576652,45.517389],[25.576694,45.517295],[25.576762,45.517199],[25.576848,45.517119],[25.576934,45.517063],[25.577071,45.517003],[25.577249,45.516952],[25.577655,45.516852],[25.577768,45.516819],[25.577876,45.516774],[25.577995,45.516707],[25.578107,45.516617],[25.578185,45.516527],[25.578229,45.516436],[25.578259,45.516339],[25.57828,45.516241],[25.578297,45.516141],[25.578377,45.515664],[25.578469,45.515106],[25.578484,45.514955],[25.57849,45.514803],[25.578491,45.514653],[25.578485,45.514527],[25.578471,45.514349],[25.578445,45.514162],[25.578398,45.513926],[25.578368,45.513803],[25.578338,45.513695],[25.578301,45.513597],[25.578261,45.513507],[25.578208,45.513407],[25.578149,45.51331],[25.578085,45.513208],[25.577777,45.51276],[25.577713,45.512663],[25.577657,45.512572],[25.577617,45.512493],[25.577581,45.512413],[25.577554,45.512342],[25.577535,45.512268],[25.577514,45.512171],[25.577501,45.512078],[25.57747,45.511814],[25.577451,45.51169],[25.577432,45.511605],[25.577407,45.511527],[25.577369,45.511446],[25.577306,45.511366],[25.577228,45.5113],[25.577154,45.511248],[25.577023,45.511179],[25.576894,45.511135],[25.576775,45.511112],[25.576652,45.511108],[25.576533,45.511123],[25.576402,45.511162],[25.576265,45.511218],[25.576091,45.511304],[25.575845,45.511433],[25.575637,45.511551],[25.575558,45.511599],[25.57534,45.511726],[25.575064,45.511899],[25.574916,45.511988],[25.574797,45.512056],[25.574667,45.512119],[25.574497,45.512187],[25.574285,45.512267],[25.574093,45.512344],[25.573924,45.51242],[25.573777,45.512498],[25.573615,45.512592],[25.57347,45.512688],[25.573368,45.512762],[25.573265,45.512839],[25.573069,45.512995],[25.572863,45.513148],[25.572723,45.513239],[25.572577,45.51332],[25.572376,45.51341],[25.572182,45.513482],[25.572009,45.513541],[25.571933,45.513564],[25.571861,45.513581],[25.571794,45.513593],[25.571727,45.513599],[25.571657,45.513598],[25.571591,45.513589],[25.571527,45.513574],[25.571471,45.513552],[25.57142,45.513523],[25.571377,45.513492],[25.571341,45.513455],[25.571313,45.513413],[25.571298,45.513371],[25.571291,45.513325]]},"properties":{"name":"DN1"}},{"type":"Feature","geometry":{"type":"LineString","coordinates":[[25.634788,45.63374],[25.634783,45.633923],[25.634785,45.634031],[25.634799,45.634165],[25.634824,45.63427],[25.634873,45.634366],[25.634965,45.634477],[25.635051,45.634563],[25.635161,45.634662],[25.63526,45.634751]]},"properties":{"name":"DN1"}},{"type":"Feature","geometry":{"type":"LineString","coordinates":[[25.531995,45.66221],[25.53268,45.662051],[25.533298,45.661876],[25.533417,45.661772]]},"properties":{"name":"DN1"}},{"type":"Feature","geometry":{"type":"LineString","coordinates":[[25.499157,45.671032],[25.499119,45.671028],[25.499081,45.671021],[25.499047,45.671009],[25.499,45.670984],[25.498956,45.670962],[25.498888,45.670937],[25.498823,45.67093],[25.498756,45.670936],[25.498698,45.670956],[25.498645,45.670995],[25.498622,45.671043],[25.498625,45.671095],[25.498663,45.671143],[25.498723,45.671179],[25.4988,45.671191],[25.498907,45.671173],[25.499593,45.670936],[25.499835,45.670886],[25.498931,45.671211],[25.498552,45.67133],[25.498158,45.671463],[25.497719,45.6716],[25.497255,45.671772],[25.495563,45.672334],[25.493595,45.672996],[25.491413,45.673736],[25.48905,45.674531],[25.487265,45.675147],[25.486956,45.675252],[25.486656,45.675368],[25.486352,45.67549],[25.485825,45.675718],[25.485454,45.67589],[25.484746,45.676212],[25.484214,45.676464],[25.483371,45.676855],[25.482697,45.67713],[25.480497,45.678009],[25.479749,45.678314],[25.477754,45.679129],[25.477088,45.67942],[25.476726,45.679584],[25.476326,45.679772],[25.475567,45.680125],[25.475208,45.68028],[25.474811,45.680418],[25.473402,45.680876],[25.471168,45.681581],[25.469655,45.682049],[25.466918,45.682906],[25.466479,45.683044],[25.465958,45.683224],[25.465536,45.683348],[25.465906,45.683172],[25.467105,45.682773],[25.468192,45.682441],[25.469227,45.682119],[25.470863,45.681605],[25.47211,45.681213],[25.473349,45.680819],[25.474942,45.680309],[25.475425,45.680112],[25.475865,45.679912],[25.476611,45.679568],[25.47768,45.679084],[25.478684,45.678676],[25.480034,45.678121],[25.481399,45.677574],[25.482645,45.677078],[25.483391,45.676764],[25.483789,45.676583],[25.484141,45.676419],[25.484687,45.676165],[25.485397,45.675839],[25.485746,45.675681],[25.486067,45.675542],[25.48655,45.675334],[25.486867,45.675205],[25.487214,45.675089],[25.488213,45.674748],[25.489003,45.67448],[25.49011,45.674102],[25.49154,45.673627],[25.492983,45.67313],[25.494678,45.672556],[25.497205,45.671709],[25.497671,45.671543],[25.498723,45.671179]]},"properties":{"name":"DN1"}},{"type":"Feature","geometry":{"type":"LineString","coordinates":[[25.458044,45.686668],[25.45869,45.686371],[25.458966,45.686248],[25.459328,45.686082],[25.45942,45.68604],[25.461605,45.685075],[25.464067,45.683987],[25.465023,45.683563],[25.465536,45.683348]]},"properties":{"name":"DN1"}},{"type":"Feature","geometry":{"type":"LineString","coordinates":[[25.564726,45.46303],[25.564503,45.46318],[25.564386,45.463273],[25.564297,45.463373],[25.564254,45.46344],[25.564218,45.463517],[25.564123,45.46382],[25.564089,45.463936],[25.563979,45.464265],[25.563918,45.464427],[25.563836,45.464606],[25.563752,45.464765],[25.563637,45.464961],[25.563515,45.465157],[25.563394,45.465328],[25.563285,45.465471],[25.563181,45.465592],[25.563052,45.465726],[25.562941,45.465825],[25.562827,45.465912],[25.562669,45.466013],[25.562459,45.466118],[25.562212,45.466219],[25.561698,45.466407],[25.561485,45.466496],[25.561304,45.466592],[25.561148,45.466699],[25.561021,45.466814],[25.560921,45.466926],[25.56084,45.467049],[25.560786,45.467158],[25.560752,45.467254],[25.560729,45.467328],[25.560717,45.467388],[25.560709,45.467447],[25.560699,45.467555],[25.560694,45.467672],[25.560699,45.468167],[25.560701,45.468477],[25.560701,45.468539],[25.560701,45.468601],[25.560701,45.46887]]},"properties":{"name":"DN1"}},{"type":"Feature","geometry":{"type":"LineString","coordinates":[[25.56836,45.660007],[25.568792,45.659898],[25.569021,45.659835],[25.569119,45.659807],[25.569203,45.659812],[25.569271,45.659832],[25.569715,45.660119],[25.570078,45.660341],[25.570198,45.660405],[25.570322,45.660457],[25.570446,45.660497],[25.571309,45.660726],[25.571538,45.660806],[25.571994,45.661034]]},"properties":{"name":"DN1"}},{"type":"Feature","geometry":{"type":"LineString","coordinates":[[25.591303,45.665846],[25.591415,45.665731],[25.591445,45.665681],[25.591464,45.665604],[25.591514,45.66538],[25.591572,45.665167],[25.591604,45.665088],[25.591665,45.664979],[25.591954,45.664554],[25.592143,45.664276],[25.592401,45.663866],[25.593088,45.662545],[25.593116,45.662499],[25.593234,45.66231],[25.593383,45.662116],[25.593479,45.662037]]},"properties":{"name":"Bulevardul Griviței"}},{"type":"Feature","geometry":{"type":"LineString","coordinates":[[25.594867,45.66008],[25.594828,45.660178],[25.594678,45.660386],[25.594503,45.660616],[25.593809,45.661513],[25.593479,45.662037],[25.593439,45.662166],[25.593239,45.6626],[25.593213,45.662679],[25.592821,45.663834],[25.592629,45.66436],[25.592295,45.665271],[25.592175,45.66562],[25.591417,45.667824],[25.591085,45.668955],[25.590811,45.669762],[25.59069,45.670112],[25.590633,45.6703],[25.590492,45.670728],[25.590468,45.670804],[25.59041,45.670984],[25.590369,45.671098],[25.590328,45.671211],[25.590266,45.671387],[25.590163,45.671668],[25.590096,45.671852],[25.59007,45.671923],[25.59005,45.671979],[25.589989,45.672147],[25.589972,45.672195],[25.589861,45.672513],[25.589802,45.672693],[25.589749,45.672838],[25.589654,45.673022]]},"properties":{"name":"Bulevardul Griviței"}},{"type":"Feature","geometry":{"type":"LineString","coordinates":[[25.595102,45.65989],[25.59543,45.659619],[25.595529,45.659537]]},"properties":{"name":"Bulevardul Griviței"}},{"type":"Feature","geometry":{"type":"LineString","coordinates":[[25.60455,45.652551],[25.604536,45.652757],[25.604519,45.652821],[25.604469,45.652911],[25.604423,45.652964],[25.604329,45.653039],[25.604202,45.653113],[25.604108,45.653171],[25.603899,45.653321],[25.603777,45.653435]]},"properties":{"name":"Bulevardul Griviței"}},{"type":"Feature","geometry":{"type":"LineString","coordinates":[[25.607791,45.652493],[25.605964,45.65282],[25.605562,45.652954],[25.605498,45.652967],[25.605319,45.653007],[25.605106,45.653078],[25.605025,45.65313]]},"properties":{"name":"Bulevardul Griviței"}},{"type":"Feature","geometry":{"type":"LineString","coordinates":[[25.604567,45.653263],[25.604453,45.653273],[25.604319,45.653298],[25.604151,45.653342],[25.604054,45.65337],[25.603961,45.653402],[25.603777,45.653435]]},"properties":{"name":"Bulevardul Griviței"}},{"type":"Feature","geometry":{"type":"LineString","coordinates":[[25.595339,45.659998],[25.595368,45.659919],[25.595485,45.659641],[25.595529,45.659537],[25.595542,45.65952],[25.595641,45.659396],[25.595755,45.659267],[25.596035,45.658972],[25.596334,45.658698],[25.596813,45.658309],[25.597135,45.65806],[25.597383,45.657885],[25.597678,45.657679],[25.598353,45.657203],[25.598434,45.657146],[25.598472,45.657118],[25.599095,45.656668],[25.599662,45.656289],[25.599878,45.656133],[25.600136,45.655957],[25.600801,45.655489],[25.601767,45.654802],[25.601845,45.654747],[25.601896,45.654711],[25.601934,45.654684],[25.602649,45.654182],[25.602786,45.654089],[25.602827,45.654059],[25.603425,45.65364],[25.603518,45.653576],[25.60356,45.653552],[25.603777,45.653435],[25.603863,45.653392],[25.604111,45.653258],[25.604311,45.653161],[25.604386,45.653124],[25.604416,45.65311],[25.604474,45.653079],[25.60454,45.653038]]},"properties":{"name":"Bulevardul Griviței"}},{"type":"Feature","geometry":{"type":"LineString","coordinates":[[25.595129,45.660233],[25.594943,45.660382],[25.594858,45.660459],[25.594654,45.660676],[25.594528,45.660826],[25.594035,45.661441],[25.593842,45.661707],[25.593613,45.662072],[25.593429,45.662439],[25.593353,45.662617],[25.593341,45.662644],[25.593282,45.662795],[25.593127,45.66323],[25.592921,45.663848],[25.592485,45.665068],[25.592302,45.665639],[25.591574,45.667835],[25.591311,45.668591],[25.591152,45.6691],[25.590926,45.669796],[25.590804,45.670131],[25.590564,45.670821],[25.590481,45.671057],[25.590359,45.67141],[25.590199,45.67187],[25.590022,45.672387],[25.589971,45.672531],[25.58991,45.672707],[25.589862,45.672853],[25.589826,45.672982],[25.589813,45.673049]]},"properties":{"name":"Bulevardul Griviței"}},{"type":"Feature","geometry":{"type":"LineString","coordinates":[[25.589747,45.673305],[25.589704,45.673361],[25.589631,45.673493],[25.589579,45.673636],[25.589505,45.673846],[25.589502,45.673863],[25.589405,45.674143],[25.589257,45.674554],[25.589107,45.674923],[25.588917,45.67539],[25.588852,45.675539],[25.588616,45.676048],[25.588531,45.676214],[25.588417,45.676433],[25.588356,45.67655],[25.588238,45.676755],[25.58815,45.676906],[25.587891,45.677331],[25.587575,45.677858],[25.587528,45.677962],[25.587499,45.678058]]},"properties":{"name":"Bulevardul Griviței"}},{"type":"Feature","geometry":{"type":"LineString","coordinates":[[25.587374,45.678339],[25.587293,45.678383],[25.587235,45.678424],[25.58717,45.678482],[25.587041,45.678647],[25.587008,45.678694],[25.586889,45.678868],[25.586821,45.678971],[25.586427,45.679579],[25.586207,45.679916],[25.586049,45.680159],[25.585722,45.680672],[25.585384,45.681191],[25.58495,45.681862],[25.584431,45.682661],[25.584196,45.683025],[25.583926,45.683449],[25.58369,45.683813],[25.583275,45.684532],[25.583176,45.684693],[25.583056,45.684891],[25.582927,45.685105],[25.582897,45.685151],[25.582857,45.685207],[25.582815,45.685258]]},"properties":{"name":"Bulevardul Griviței"}},{"type":"Feature","geometry":{"type":"LineString","coordinates":[[25.582643,45.685001],[25.582658,45.684971],[25.582685,45.684943],[25.582927,45.684808],[25.58298,45.68477],[25.583028,45.684723],[25.583154,45.684536],[25.583411,45.684076],[25.583469,45.683989],[25.583693,45.683639],[25.58377,45.683519],[25.5841,45.683004],[25.584346,45.68264],[25.584846,45.681867],[25.58538,45.681042],[25.585668,45.680598],[25.585971,45.680129],[25.586321,45.679589],[25.586409,45.679451],[25.586851,45.678772],[25.587023,45.678518],[25.587057,45.678453],[25.587082,45.678379],[25.58707,45.67826]]},"properties":{"name":"Bulevardul Griviței"}},{"type":"Feature","geometry":{"type":"LineString","coordinates":[[25.587232,45.677991],[25.587357,45.677933],[25.587422,45.677883],[25.58747,45.677825],[25.587618,45.677606],[25.587907,45.677131],[25.588053,45.676892],[25.588297,45.676469],[25.58833,45.676407],[25.588427,45.676223],[25.588525,45.676029],[25.588781,45.67547],[25.588821,45.67538],[25.589027,45.674889],[25.589139,45.674605],[25.589179,45.674495],[25.589256,45.674254],[25.589415,45.673828],[25.589528,45.673481],[25.589563,45.673346],[25.589571,45.673286]]},"properties":{"name":"Bulevardul Griviței"}},{"type":"Feature","geometry":{"type":"LineString","coordinates":[[25.615714,45.6511],[25.615739,45.651006],[25.615821,45.650928],[25.61618,45.650647],[25.616311,45.65054],[25.616356,45.650503],[25.617252,45.649738],[25.617888,45.649195],[25.618691,45.648554],[25.619115,45.648179],[25.619372,45.647961],[25.619409,45.647929],[25.619747,45.647604],[25.619902,45.647455],[25.619986,45.647374]]},"properties":{"name":"Calea București"}},{"type":"Feature","geometry":{"type":"LineString","coordinates":[[25.620199,45.647449],[25.619828,45.647748],[25.619585,45.647965],[25.619542,45.648002],[25.619086,45.648399],[25.618828,45.64861],[25.617949,45.649332],[25.617415,45.649773],[25.616474,45.650547],[25.616451,45.650565],[25.616347,45.650653],[25.616214,45.650811],[25.616104,45.650996],[25.616014,45.651127]]},"properties":{"name":"Calea București"}},{"type":"Feature","geometry":{"type":"LineString","coordinates":[[25.620205,45.647092],[25.620398,45.64701],[25.620488,45.646964],[25.620676,45.646829],[25.620954,45.646563],[25.620986,45.646532],[25.621174,45.646353],[25.621442,45.646096],[25.623266,45.64442],[25.623283,45.644404],[25.623359,45.644335],[25.62419,45.643544],[25.624346,45.643395],[25.624954,45.642819],[25.62588,45.641952],[25.625941,45.641896],[25.62622,45.641617],[25.62629,45.64153],[25.626392,45.641401],[25.626508,45.641261],[25.627046,45.640742],[25.627263,45.640579],[25.627915,45.639975],[25.627969,45.639924],[25.628023,45.639874],[25.628205,45.639697],[25.628507,45.639407],[25.630043,45.637963],[25.630076,45.637931],[25.630108,45.637899],[25.632065,45.636092],[25.632118,45.636042],[25.632863,45.63533],[25.633328,45.634862],[25.63342,45.634767],[25.633493,45.634691],[25.633735,45.634465],[25.633794,45.634401],[25.633842,45.634343],[25.63388,45.634286]]},"properties":{"name":"Calea București"}},{"type":"Feature","geometry":{"type":"LineString","coordinates":[[25.634211,45.634516],[25.634056,45.634546],[25.633982,45.634567],[25.633918,45.634593],[25.633847,45.63463],[25.633776,45.634678],[25.633589,45.634836],[25.633343,45.635053],[25.632268,45.636066],[25.632231,45.636101],[25.631307,45.636977],[25.630284,45.637913],[25.630229,45.637963],[25.630134,45.638056],[25.629539,45.638621],[25.629316,45.638826],[25.628181,45.639897],[25.628139,45.639937],[25.627826,45.640251],[25.627491,45.640575],[25.626686,45.641353],[25.626548,45.641486],[25.626427,45.641599],[25.625981,45.642012],[25.625255,45.642695],[25.624667,45.643264],[25.623525,45.64435],[25.62347,45.644402],[25.623368,45.644497],[25.623014,45.644812],[25.622581,45.645197],[25.621752,45.645977],[25.621206,45.646482],[25.621121,45.646561],[25.621089,45.64659],[25.620741,45.646911],[25.620645,45.647004],[25.620557,45.647095],[25.620489,45.647184],[25.620451,45.647266]]},"properties":{"name":"Calea București"}},{"type":"Feature","geometry":{"type":"LineString","coordinates":[[25.634175,45.634032],[25.634229,45.633981],[25.634312,45.633906],[25.634601,45.633656],[25.634664,45.633605],[25.63474,45.63354],[25.634977,45.633323],[25.635145,45.633175],[25.635232,45.633093],[25.63563,45.632711],[25.635986,45.632374],[25.63618,45.632189],[25.63661,45.631779],[25.637051,45.631349],[25.637238,45.631176],[25.637275,45.631146],[25.637334,45.631111]]},"properties":{"name":"Calea București"}},{"type":"Feature","geometry":{"type":"LineString","coordinates":[[25.637462,45.630956],[25.637588,45.630878],[25.637643,45.630834],[25.637883,45.63059],[25.637964,45.630507],[25.638102,45.630377],[25.638745,45.629767],[25.639481,45.629065],[25.63987,45.6287],[25.64036,45.628249],[25.640923,45.627702],[25.642077,45.626631],[25.642871,45.625923],[25.643005,45.625804],[25.643102,45.62572],[25.643153,45.625672],[25.643185,45.625628]]},"properties":{"name":"Calea București"}},{"type":"Feature","geometry":{"type":"LineString","coordinates":[[25.643311,45.625475],[25.643382,45.625398],[25.643464,45.625328],[25.643539,45.625265],[25.643735,45.625071],[25.643962,45.624858],[25.644257,45.624636]]},"properties":{"name":"Calea București"}},{"type":"Feature","geometry":{"type":"LineString","coordinates":[[25.649207,45.619958],[25.649786,45.619292],[25.649841,45.619208],[25.64986,45.619146],[25.649845,45.619052]]},"properties":{"name":"Calea București"}},{"type":"Feature","geometry":{"type":"LineString","coordinates":[[25.65017,45.619114],[25.650025,45.619234],[25.649669,45.619574],[25.649207,45.619958],[25.648768,45.620373],[25.64869,45.620448],[25.647488,45.621574],[25.646861,45.622169],[25.646689,45.62233],[25.646488,45.622521],[25.646183,45.622808],[25.646099,45.62289],[25.645663,45.623299],[25.645397,45.623545],[25.645275,45.623659],[25.644472,45.624421],[25.644257,45.624636],[25.644182,45.62478],[25.644092,45.624904],[25.643778,45.625224],[25.643715,45.625308],[25.643686,45.625376],[25.643656,45.625436],[25.643636,45.625491],[25.64362,45.625551]]},"properties":{"name":"Calea București"}},{"type":"Feature","geometry":{"type":"LineString","coordinates":[[25.643433,45.625775],[25.643245,45.625824],[25.643108,45.625901],[25.64297,45.625998],[25.642576,45.626301],[25.640978,45.627756],[25.64043,45.628287],[25.639947,45.628751],[25.63928,45.629395],[25.638845,45.629817],[25.6384,45.630249],[25.637996,45.630648],[25.637873,45.630764],[25.637832,45.630818],[25.637815,45.630863],[25.637812,45.630916],[25.637812,45.630963],[25.637811,45.631022]]},"properties":{"name":"Calea București"}},{"type":"Feature","geometry":{"type":"LineString","coordinates":[[25.637464,45.631268],[25.637352,45.631296],[25.637218,45.631366],[25.637145,45.631433],[25.637018,45.631555],[25.636814,45.631749],[25.636277,45.632262],[25.636008,45.632518],[25.635745,45.632767],[25.635255,45.633255],[25.634827,45.633699],[25.634788,45.63374],[25.634697,45.633839],[25.634655,45.633902],[25.634627,45.633978],[25.634585,45.634123],[25.634564,45.634215]]},"properties":{"name":"Calea București"}},{"type":"Feature","geometry":{"type":"LineString","coordinates":[[25.650151,45.618824],[25.650267,45.6188],[25.650362,45.618765],[25.650463,45.618705],[25.650597,45.6186],[25.6509,45.618351]]},"properties":{"name":"Calea București"}},{"type":"Feature","geometry":{"type":"LineString","coordinates":[[25.655571,45.615006],[25.65584,45.614821],[25.65648,45.614481],[25.656712,45.61436],[25.658138,45.613602],[25.658205,45.613564],[25.658357,45.613422],[25.658457,45.613341],[25.658519,45.613275],[25.658596,45.613193],[25.65868,45.613078],[25.658727,45.613004],[25.658769,45.612925],[25.6588,45.612833],[25.658817,45.61276],[25.65883,45.612659],[25.658853,45.61243],[25.658869,45.612028],[25.658926,45.611308]]},"properties":{"name":"Calea București"}},{"type":"Feature","geometry":{"type":"LineString","coordinates":[[25.650275,45.619023],[25.650362,45.618929],[25.6509,45.618351],[25.65135,45.617924],[25.65145,45.617822],[25.651524,45.61775],[25.65173,45.617546],[25.651971,45.617336],[25.652493,45.616921],[25.652753,45.616711],[25.652961,45.616545],[25.653203,45.616349],[25.653453,45.616158],[25.653711,45.616004],[25.653955,45.61587],[25.654454,45.615607],[25.654811,45.615414],[25.655039,45.615292],[25.655374,45.615113],[25.655571,45.615006],[25.655911,45.614873],[25.656463,45.614602],[25.656896,45.614363],[25.65808,45.613747],[25.658159,45.6137],[25.658437,45.613529],[25.658472,45.61351],[25.658607,45.613371],[25.658727,45.613243],[25.658813,45.6131],[25.658899,45.612899],[25.658917,45.612804],[25.65893,45.612714],[25.658945,45.612525],[25.658954,45.612373],[25.658959,45.612033],[25.65897,45.611667],[25.658958,45.611586],[25.658926,45.611308],[25.658929,45.611029],[25.658922,45.610937],[25.658896,45.610735],[25.658857,45.610576],[25.658808,45.610417],[25.658727,45.610217],[25.658625,45.609995],[25.658559,45.609868],[25.658478,45.609723],[25.658403,45.609592],[25.658293,45.609429],[25.658175,45.609278],[25.65805,45.609132],[25.657906,45.608967],[25.657657,45.608682],[25.657384,45.60837],[25.657203,45.60817],[25.657056,45.608009],[25.656948,45.607905],[25.656881,45.607845],[25.656795,45.607773],[25.656683,45.607692],[25.656566,45.607616],[25.656499,45.607576],[25.656409,45.607524],[25.656307,45.607468],[25.656173,45.6074],[25.655967,45.607308],[25.655825,45.607257],[25.655681,45.607215],[25.655567,45.607188],[25.655411,45.607153],[25.655153,45.607109],[25.654689,45.607038],[25.654468,45.607001],[25.654224,45.606957],[25.654054,45.606916],[25.653914,45.606879],[25.653721,45.606813],[25.653566,45.606754],[25.653347,45.606657],[25.653274,45.606617],[25.653207,45.606581],[25.653167,45.606553],[25.653,45.606438],[25.652687,45.606195],[25.652318,45.605908],[25.652081,45.605721],[25.651872,45.605571],[25.651734,45.605486],[25.651457,45.605319]]},"properties":{"name":"Calea București"}},{"type":"Feature","geometry":{"type":"LineString","coordinates":[[25.620108,45.647102],[25.619985,45.647086],[25.619888,45.647063],[25.619784,45.647017],[25.619712,45.64697],[25.619596,45.646873],[25.619469,45.646747],[25.619355,45.646594],[25.619322,45.64655],[25.619286,45.646501],[25.619207,45.646391],[25.618809,45.645838],[25.61858,45.645491],[25.61846,45.645275],[25.618381,45.645085],[25.618348,45.644945],[25.618228,45.644411],[25.618214,45.64435],[25.618172,45.64418],[25.618115,45.643939],[25.618001,45.643489],[25.61788,45.643017],[25.617843,45.642739],[25.617838,45.64265],[25.61785,45.642569],[25.617888,45.642468],[25.617925,45.642382],[25.617994,45.642251],[25.618196,45.641886],[25.618264,45.641763],[25.618978,45.640458],[25.619137,45.640139],[25.619261,45.639897],[25.619325,45.639769],[25.619529,45.639351],[25.61964,45.639116],[25.619698,45.638993],[25.61977,45.638843],[25.619793,45.638719],[25.619848,45.638551],[25.619978,45.638236],[25.620003,45.638166]]},"properties":{"name":"Strada Carpaților"}},{"type":"Feature","geometry":{"type":"LineString","coordinates":[[25.62671,45.633464],[25.626629,45.633505],[25.626589,45.633529],[25.626441,45.633656],[25.626404,45.633677],[25.625601,45.634101],[25.625473,45.634172],[25.624986,45.634429],[25.624388,45.634753],[25.624255,45.634826],[25.624124,45.634893],[25.624045,45.634932],[25.623895,45.635012],[25.623733,45.635089],[25.623614,45.635145],[25.623313,45.635262],[25.622885,45.635414],[25.622832,45.635435],[25.622661,45.635525],[25.622516,45.635617],[25.62233,45.635751],[25.621377,45.636638],[25.620983,45.637009],[25.620764,45.637219],[25.620546,45.637453]]},"properties":{"name":"Strada Carpaților"}},{"type":"Feature","geometry":{"type":"LineString","coordinates":[[25.626833,45.633379],[25.627027,45.633235],[25.627177,45.63314],[25.627201,45.633113],[25.627234,45.633083],[25.627638,45.632714],[25.627894,45.632469],[25.628013,45.632355],[25.628147,45.632244],[25.628318,45.632099],[25.628484,45.63198],[25.628635,45.631872],[25.628701,45.631823],[25.628833,45.631731],[25.6289,45.631688],[25.628947,45.631666],[25.628992,45.631652],[25.629091,45.631651]]},"properties":{"name":"Strada Carpaților"}},{"type":"Feature","geometry":{"type":"LineString","coordinates":[[25.627177,45.63314],[25.62696,45.633437]]},"properties":{"name":"Strada Carpaților"}},{"type":"Feature","geometry":{"type":"LineString","coordinates":[[25.626785,45.633552],[25.626441,45.633656]]},"properties":{"name":"Strada Carpaților"}},{"type":"Feature","geometry":{"type":"LineString","coordinates":[[25.620273,45.638086],[25.620261,45.638004],[25.620267,45.637946],[25.620289,45.637882],[25.620347,45.637782],[25.620546,45.637453],[25.620371,45.637608],[25.620224,45.637779],[25.620145,45.637913],[25.620082,45.63802],[25.620054,45.638071]]},"properties":{"name":"Strada Carpaților"}},{"type":"Feature","geometry":{"type":"LineString","coordinates":[[25.62018,45.638255],[25.620115,45.63829],[25.620083,45.638316],[25.620037,45.63838],[25.619939,45.638575],[25.619845,45.638738],[25.61977,45.638843]]},"properties":{"name":"Strada Carpaților"}},{"type":"Feature","geometry":{"type":"LineString","coordinates":[[25.61788,45.643017],[25.617742,45.642731],[25.617703,45.642653],[25.617664,45.642584],[25.617639,45.642548],[25.61761,45.642521],[25.617568,45.642488],[25.6175,45.642456],[25.617135,45.642322]]},"properties":{"name":"Bulevardul Muncii"}},{"type":"Feature","geometry":{"type":"LineString","coordinates":[[25.610137,45.638654],[25.61026,45.638811],[25.610496,45.639077],[25.610633,45.639216],[25.6109,45.639463],[25.611103,45.639628],[25.611451,45.63987],[25.6116,45.639969],[25.611862,45.640143],[25.612097,45.640294],[25.612725,45.640683],[25.613329,45.641036],[25.614599,45.641718],[25.614706,45.641767],[25.614807,45.64181],[25.614976,45.641873],[25.615064,45.641903],[25.615202,45.641945],[25.615405,45.641995],[25.615489,45.642014],[25.61575,45.642072],[25.61612,45.642145],[25.616719,45.64225],[25.616791,45.642263],[25.617135,45.642322],[25.617418,45.642374],[25.617754,45.642442],[25.617888,45.642468]]},"properties":{"name":"Bulevardul Muncii"}},{"type":"Feature","geometry":{"type":"LineString","coordinates":[[25.610137,45.638654],[25.610057,45.638544],[25.609711,45.638015],[25.609533,45.637742],[25.609434,45.637593],[25.609193,45.637224],[25.609111,45.637104],[25.609058,45.637027],[25.609038,45.636996],[25.608989,45.636921],[25.608826,45.636703],[25.608715,45.636564],[25.60851,45.636341],[25.608414,45.63625],[25.608307,45.636146],[25.608143,45.636011],[25.607907,45.635791],[25.607784,45.63569],[25.607516,45.63548],[25.606857,45.634926],[25.606753,45.634837],[25.606641,45.634724],[25.606524,45.634595],[25.606402,45.634444],[25.606254,45.634225],[25.606165,45.634097],[25.606131,45.634047],[25.606047,45.633918],[25.605916,45.63371],[25.605834,45.633578],[25.60574,45.633424],[25.605677,45.633326],[25.605555,45.633159],[25.605476,45.633064],[25.605467,45.633053],[25.605354,45.632933],[25.60523,45.632817],[25.605091,45.632711],[25.604921,45.632601],[25.604766,45.632503],[25.60428,45.632223],[25.603955,45.632038],[25.603742,45.631919],[25.603374,45.631713],[25.602926,45.631466],[25.602818,45.631406],[25.602566,45.63126],[25.601886,45.630867],[25.601781,45.630776],[25.601657,45.630669]]},"properties":{"name":"Bulevardul Valea Cetății"}},{"type":"Feature","geometry":{"type":"LineString","coordinates":[[25.601886,45.630867],[25.601692,45.630771],[25.601344,45.630593],[25.601311,45.630576],[25.60126,45.630546]]},"properties":{"name":"Bulevardul Valea Cetății"}},{"type":"Feature","geometry":{"type":"LineString","coordinates":[[25.577254,45.633395],[25.57719,45.633357],[25.576977,45.633243],[25.57685,45.633179],[25.576548,45.633046],[25.576434,45.633008],[25.576368,45.632994],[25.576335,45.632987],[25.576204,45.632975]]},"properties":{"name":"Strada Doctor Vasile Saftu"}},{"type":"Feature","geometry":{"type":"LineString","coordinates":[[25.577254,45.633395],[25.577297,45.633489],[25.577364,45.633609],[25.577427,45.633702],[25.57766,45.633997],[25.577707,45.634054],[25.577839,45.634233],[25.577882,45.634318]]},"properties":{"name":"Strada Căpitan Ilie Birț"}},{"type":"Feature","geometry":{"type":"LineString","coordinates":[[25.579779,45.635806],[25.579125,45.635413],[25.578858,45.63525],[25.578718,45.635144],[25.578489,45.634964],[25.578072,45.634571],[25.577882,45.634318],[25.577788,45.634251],[25.57761,45.634156],[25.577028,45.633978]]},"properties":{"name":"Strada Căpitan Ilie Birț"}},{"type":"Feature","geometry":{"type":"LineString","coordinates":[[25.579779,45.635806],[25.57985,45.635842],[25.580421,45.636127]]},"properties":{"name":"Piața Unirii"}},{"type":"Feature","geometry":{"type":"LineString","coordinates":[[25.580421,45.636127],[25.580567,45.636173],[25.580738,45.636248],[25.581018,45.636377],[25.581887,45.636787],[25.582556,45.637098],[25.582991,45.637317],[25.583318,45.637505],[25.58373,45.637751],[25.584314,45.638021],[25.584423,45.638074],[25.584752,45.638237],[25.584982,45.638358],[25.585038,45.638387],[25.585288,45.638518],[25.58547,45.638614],[25.585581,45.638672],[25.585644,45.638714],[25.585698,45.638755],[25.585759,45.638816]]},"properties":{"name":"Strada Prundului"}},{"type":"Feature","geometry":{"type":"LineString","coordinates":[[25.585679,45.638954],[25.585661,45.638975],[25.585582,45.639117],[25.585526,45.639233],[25.585488,45.639311],[25.585239,45.639861],[25.585193,45.639949],[25.585164,45.640001]]},"properties":{"name":"Strada Șirul Ludwig van Beethoven"}},{"type":"Feature","geometry":{"type":"LineString","coordinates":[[25.585211,45.640114],[25.58527,45.640141],[25.585407,45.640201],[25.58547,45.640231],[25.585684,45.640321],[25.585895,45.640414],[25.585928,45.640428],[25.586102,45.640504],[25.586243,45.640572],[25.587142,45.641024],[25.587703,45.641409],[25.588042,45.641703],[25.588218,45.641891]]},"properties":{"name":"Strada George Barițiu"}},{"type":"Feature","geometry":{"type":"LineString","coordinates":[[25.588218,45.641891],[25.588317,45.642005],[25.588443,45.642202],[25.588525,45.642352],[25.588566,45.642427],[25.588707,45.642707],[25.588812,45.642929]]},"properties":{"name":"Piața Sfatului"}},{"type":"Feature","geometry":{"type":"LineString","coordinates":[[25.588812,45.642929],[25.589561,45.644698],[25.589703,45.64521],[25.589671,45.645366],[25.589635,45.64543],[25.5896,45.645475]]},"properties":{"name":"Strada Mureșenilor"}},{"type":"Feature","geometry":{"type":"LineString","coordinates":[[25.589703,45.64521],[25.589782,45.645336],[25.589855,45.645411],[25.589952,45.645496]]},"properties":{"name":"Strada Mureșenilor"}},{"type":"Feature","geometry":{"type":"LineString","coordinates":[[25.589302,45.647021],[25.589379,45.646842],[25.589694,45.646064]]},"properties":{"name":"Strada Mureșenilor"}},{"type":"Feature","geometry":{"type":"LineString","coordinates":[[25.589634,45.645792],[25.589678,45.645857],[25.589697,45.645902],[25.589708,45.64595],[25.589694,45.646064],[25.589777,45.645928],[25.589921,45.64577]]},"properties":{"name":"Strada Mureșenilor"}},{"type":"Feature","geometry":{"type":"LineString","coordinates":[[25.588422,45.645633],[25.588538,45.645659],[25.588714,45.645696],[25.588962,45.645749]]},"properties":{"name":"Stația RAT Livada Poștei - Peron 4"}},{"type":"Feature","geometry":{"type":"LineString","coordinates":[[25.612795,45.654132],[25.612589,45.654183],[25.612471,45.654227],[25.612428,45.654279],[25.612394,45.654364],[25.612513,45.655064],[25.612789,45.656509],[25.612804,45.656586],[25.612828,45.656722],[25.613182,45.658585],[25.613233,45.658842],[25.613251,45.658934],[25.613282,45.659077],[25.6133,45.659164],[25.613344,45.659365],[25.613396,45.659563],[25.613436,45.659667],[25.61348,45.659755],[25.61354,45.659868]]},"properties":{"name":"Bulevardul Victoriei"}},{"type":"Feature","geometry":{"type":"LineString","coordinates":[[25.613117,45.659911],[25.61314,45.659797],[25.613161,45.659683],[25.61317,45.659575],[25.613071,45.659049],[25.613063,45.659001],[25.613054,45.658952],[25.612989,45.658605],[25.612878,45.658048],[25.612639,45.65674],[25.612624,45.656659],[25.612614,45.656604],[25.612358,45.655275],[25.612257,45.654696],[25.612201,45.654372],[25.612153,45.654299],[25.612113,45.654264],[25.612066,45.654234],[25.611945,45.6542]]},"properties":{"name":"Bulevardul Victoriei"}},{"type":"Feature","geometry":{"type":"LineString","coordinates":[[25.612942,45.660917],[25.612875,45.660929],[25.612825,45.660937],[25.612807,45.660872],[25.612789,45.660804],[25.612772,45.660744],[25.612765,45.660716],[25.612758,45.66069],[25.612739,45.660622],[25.612728,45.660582],[25.612689,45.660438]]},"properties":{"name":"Stația RATBv Terminal Gară"}},{"type":"Feature","geometry":{"type":"LineString","coordinates":[[25.612568,45.660426],[25.612356,45.660462]]},"properties":{"name":"Stația RATBv Terminal Gară"}},{"type":"Feature","geometry":{"type":"LineString","coordinates":[[25.612825,45.660937],[25.612714,45.660956],[25.612611,45.660988],[25.612522,45.66102],[25.612503,45.660958],[25.612499,45.660945],[25.612479,45.660876],[25.61246,45.660811],[25.612439,45.660742],[25.61242,45.660678],[25.6124,45.660612],[25.612379,45.66054],[25.612356,45.660462],[25.612326,45.660468],[25.611997,45.660527],[25.612017,45.660598],[25.612019,45.660603],[25.612037,45.66067],[25.612058,45.660741],[25.612076,45.660806],[25.612097,45.660879]]},"properties":{"name":"Stația RATBv Terminal Gară"}},{"type":"Feature","geometry":{"type":"LineString","coordinates":[[25.612499,45.660945],[25.612394,45.660927]]},"properties":{"name":"Stația RATBv Terminal Gară - Peron 2"}},{"type":"Feature","geometry":{"type":"LineString","coordinates":[[25.612332,45.660917],[25.612317,45.660915],[25.612097,45.660879]]},"properties":{"name":"Stația RATBv Terminal Gară - Peron 2"}},{"type":"Feature","geometry":{"type":"LineString","coordinates":[[25.587871,45.645739],[25.588139,45.645782],[25.588418,45.645826]]},"properties":{"name":"Stația RAT Livada Poștei - Peron 1"}},{"type":"Feature","geometry":{"type":"LineString","coordinates":[[25.585023,45.640038],[25.584964,45.640013],[25.584909,45.639989],[25.584139,45.639661],[25.583613,45.639442],[25.583525,45.639405]]},"properties":{"name":"Strada Șirul Gheorghe Dima"}},{"type":"Feature","geometry":{"type":"LineString","coordinates":[[25.583525,45.639405],[25.582922,45.639147],[25.582577,45.638999],[25.581437,45.638486],[25.581287,45.638408],[25.58056,45.637961],[25.580405,45.637852],[25.580253,45.637727],[25.579762,45.637262],[25.579719,45.637219],[25.57911,45.636666],[25.579045,45.636595],[25.579032,45.63658],[25.57903,45.636564],[25.579049,45.636527],[25.579058,45.63651],[25.579277,45.636237],[25.579356,45.636139],[25.57943,45.636062],[25.579564,45.636057],[25.579656,45.636003],[25.579705,45.635956],[25.579738,45.635911],[25.579762,45.635859],[25.579772,45.635829],[25.579779,45.635806]]},"properties":{"name":"Strada Constantin Brâncoveanu"}},{"type":"Feature","geometry":{"type":"LineString","coordinates":[[25.577028,45.633978],[25.576906,45.633896],[25.57666,45.633626],[25.576391,45.633355],[25.576233,45.63318]]},"properties":{"name":"Strada Pe Tocile"}},{"type":"Feature","geometry":{"type":"LineString","coordinates":[[25.570119,45.629893],[25.570245,45.62988],[25.570437,45.629876],[25.570633,45.629866],[25.57085,45.629894],[25.570904,45.629901],[25.571048,45.62992],[25.571293,45.629985],[25.571601,45.630101],[25.571927,45.630272],[25.572356,45.630504],[25.572489,45.630586],[25.572512,45.6306],[25.572667,45.630696],[25.572954,45.630916],[25.573131,45.631076],[25.573314,45.631213],[25.573463,45.631278],[25.573626,45.631325],[25.573699,45.63134],[25.573746,45.631349],[25.57378,45.631356],[25.573981,45.631437]]},"properties":{"name":"Strada Pe Tocile"}},{"type":"Feature","geometry":{"type":"LineString","coordinates":[[25.573117,45.630689],[25.573204,45.630797],[25.573377,45.630964],[25.573767,45.631234],[25.573819,45.63128],[25.573981,45.631437],[25.57412,45.631551],[25.57426,45.631718],[25.574594,45.631984],[25.5748,45.63224],[25.574995,45.632434],[25.5751,45.632524],[25.575251,45.632628],[25.575341,45.632668],[25.575418,45.632701],[25.575803,45.632851]]},"properties":{"name":"Strada Pe Tocile"}},{"type":"Feature","geometry":{"type":"LineString","coordinates":[[25.576233,45.63318],[25.57619,45.633101],[25.576183,45.633043],[25.576204,45.632975],[25.576121,45.63296],[25.576039,45.632939],[25.575969,45.632915],[25.575803,45.632851],[25.576233,45.63318]]},"properties":{"name":"Strada Pe Tocile"}},{"type":"Feature","geometry":{"type":"LineString","coordinates":[[25.570219,45.660042],[25.570108,45.659971],[25.569927,45.659855],[25.569901,45.659839],[25.569731,45.659731],[25.569637,45.659671]]},"properties":{"name":"Stația RAT Stadionul Municipal - Peron 3"}},{"type":"Feature","geometry":{"type":"LineString","coordinates":[[25.570236,45.660259],[25.570218,45.660179],[25.570218,45.66012],[25.570219,45.660042],[25.570229,45.659951],[25.570238,45.65987]]},"properties":{"name":"Stația RAT Stadionul Municipal"}},{"type":"Feature","geometry":{"type":"LineString","coordinates":[[25.569406,45.659718],[25.56946,45.659707],[25.569529,45.659692],[25.569548,45.659688],[25.569637,45.659671],[25.569756,45.659648],[25.569863,45.659627]]},"properties":{"name":"Stația RAT Stadionul Municipal"}},{"type":"Feature","geometry":{"type":"LineString","coordinates":[[25.569001,45.659027],[25.569031,45.659023],[25.569096,45.659017],[25.569182,45.659012],[25.569269,45.659018],[25.569389,45.659044],[25.569551,45.659113],[25.569592,45.659133],[25.569836,45.659282],[25.570304,45.659584],[25.570693,45.659844],[25.570861,45.659954],[25.570913,45.660002],[25.57094,45.66004],[25.570954,45.660093],[25.570954,45.660139],[25.570937,45.660208],[25.570887,45.660275],[25.5708,45.660335],[25.570724,45.660369],[25.570683,45.66038],[25.570605,45.660387],[25.570535,45.66038],[25.570418,45.660344],[25.570305,45.660294],[25.570236,45.660259],[25.570022,45.660119],[25.569916,45.660051],[25.569772,45.659957],[25.56961,45.659851],[25.569406,45.659718]]},"properties":{"name":"Stația Stadionul Municipal"}},{"type":"Feature","geometry":{"type":"LineString","coordinates":[[25.568754,45.659141],[25.568657,45.659246],[25.568608,45.659316],[25.568588,45.659405],[25.568602,45.659474],[25.56865,45.659552],[25.568711,45.659612],[25.5688,45.659671],[25.568878,45.65971],[25.568955,45.659741],[25.569119,45.659807],[25.569406,45.659718],[25.569361,45.659646],[25.569348,45.659632],[25.569343,45.659617],[25.569328,45.659571],[25.56937,45.659418]]},"properties":{"name":"Stația Stadionul Municipal"}},{"type":"Feature","geometry":{"type":"LineString","coordinates":[[25.577856,45.663287],[25.577752,45.663276],[25.57763,45.66326],[25.577517,45.663239],[25.577409,45.663215],[25.577105,45.663141],[25.576684,45.663038],[25.576408,45.662924],[25.576388,45.662916],[25.575569,45.662541],[25.57445,45.662075],[25.574068,45.661922],[25.573847,45.661827],[25.571994,45.661034],[25.571603,45.66093],[25.571058,45.660779],[25.570813,45.660714],[25.57071,45.660687],[25.570605,45.660656],[25.570281,45.660568],[25.570111,45.66052],[25.570064,45.660505],[25.569649,45.660389],[25.569504,45.66035],[25.569032,45.660225]]},"properties":{"name":"Calea Făgărașului"}},{"type":"Feature","geometry":{"type":"LineString","coordinates":[[25.577693,45.663568],[25.577615,45.663505],[25.577558,45.663462],[25.577467,45.663413],[25.577053,45.663235],[25.576868,45.663153],[25.576684,45.663038]]},"properties":{"name":"Calea Făgărașului"}},{"type":"Feature","geometry":{"type":"LineString","coordinates":[[25.561444,45.660238],[25.561239,45.66015],[25.560671,45.65996],[25.56044,45.659857]]},"properties":{"name":"Calea Făgărașului"}},{"type":"Feature","geometry":{"type":"LineString","coordinates":[[25.551231,45.661298],[25.551443,45.661277],[25.552145,45.661192],[25.55243,45.661142],[25.552738,45.661057],[25.55302,45.66096],[25.553305,45.66085],[25.55363,45.660706],[25.55391,45.660551]]},"properties":{"name":"Calea Făgărașului"}},{"type":"Feature","geometry":{"type":"LineString","coordinates":[[25.551381,45.660957],[25.551504,45.660962],[25.551615,45.660986],[25.551771,45.661019],[25.552003,45.661046],[25.552381,45.661024],[25.55276,45.660944],[25.553481,45.660692],[25.55391,45.660551],[25.554114,45.660457],[25.554531,45.660278],[25.555359,45.659922],[25.555746,45.659781],[25.556066,45.65968],[25.55636,45.659612],[25.556742,45.659533],[25.556877,45.659512],[25.557025,45.659491],[25.557349,45.659454],[25.557705,45.659436],[25.557887,45.659435],[25.558179,45.659439],[25.558601,45.659467],[25.559028,45.65952],[25.559809,45.659688],[25.56044,45.659857],[25.560844,45.659915],[25.561308,45.660011],[25.561457,45.660042],[25.56156,45.660058]]},"properties":{"name":"Calea Făgărașului"}},{"type":"Feature","geometry":{"type":"LineString","coordinates":[[25.533942,45.661762],[25.534072,45.661891],[25.53428,45.661936],[25.534645,45.661981],[25.535128,45.66202],[25.53586,45.662046],[25.53595,45.662048],[25.536705,45.662063],[25.537507,45.662078],[25.538286,45.66209],[25.538918,45.662089],[25.539577,45.662072],[25.540736,45.662002],[25.542627,45.661879],[25.542967,45.66186],[25.544543,45.661806],[25.545784,45.66173],[25.547026,45.661649],[25.548247,45.661538],[25.548886,45.661463],[25.549536,45.661394],[25.550097,45.661342],[25.55022,45.661315],[25.550376,45.661266],[25.550514,45.661214],[25.550661,45.661128],[25.550756,45.66104]]},"properties":{"name":"Calea Făgărașului"}},{"type":"Feature","geometry":{"type":"LineString","coordinates":[[25.551045,45.661317],[25.550836,45.661355],[25.549791,45.661468],[25.548104,45.661645],[25.546854,45.661749],[25.545349,45.661836],[25.544169,45.661904],[25.542626,45.661976],[25.540981,45.662075],[25.539583,45.662154],[25.539013,45.662174],[25.538241,45.662172],[25.535935,45.662122],[25.535206,45.662098],[25.535109,45.662092],[25.53506,45.662089],[25.534899,45.662101],[25.534475,45.66212],[25.53213,45.662274],[25.531928,45.662283]]},"properties":{"name":"Calea Făgărașului"}},{"type":"Feature","geometry":{"type":"LineString","coordinates":[[25.561771,45.660152],[25.561859,45.66019],[25.562124,45.660265],[25.562487,45.660331],[25.562739,45.660374],[25.562953,45.660423],[25.563209,45.660447],[25.563523,45.66045],[25.563896,45.660437],[25.564289,45.660408],[25.566025,45.660241],[25.566517,45.6602],[25.566772,45.660185],[25.566909,45.660146],[25.567223,45.660125],[25.56744,45.66011],[25.567858,45.660079],[25.568134,45.660052],[25.56836,45.660007]]},"properties":{"name":"Calea Făgărașului"}},{"type":"Feature","geometry":{"type":"LineString","coordinates":[[25.627915,45.639975],[25.62779,45.63991],[25.627728,45.639878],[25.627135,45.63957],[25.626976,45.639488],[25.626867,45.639431],[25.626754,45.639373],[25.626697,45.639345],[25.626016,45.638998],[25.625832,45.638905],[25.624763,45.638362],[25.624693,45.638326],[25.624044,45.637998],[25.62383,45.63789],[25.623034,45.637482],[25.622504,45.637214],[25.622339,45.63713],[25.622304,45.637112],[25.621561,45.636729],[25.621476,45.636687],[25.621377,45.636638]]},"properties":{"name":"Strada Berzei"}},{"type":"Feature","geometry":{"type":"LineString","coordinates":[[25.629091,45.631651],[25.629151,45.631662],[25.629206,45.631681],[25.629276,45.631715],[25.629488,45.631821],[25.630123,45.632147],[25.630244,45.632209],[25.630629,45.632402],[25.630854,45.632515],[25.631462,45.632819],[25.631924,45.633051],[25.632069,45.633124],[25.632179,45.633244],[25.632281,45.633302],[25.632426,45.633385],[25.632682,45.633553]]},"properties":{"name":"Strada Poienelor"}},{"type":"Feature","geometry":{"type":"LineString","coordinates":[[25.63299,45.633537],[25.632998,45.633568],[25.633012,45.633594],[25.633041,45.633632],[25.63312,45.633689],[25.633506,45.633881],[25.63367,45.633963],[25.63379,45.634011],[25.633895,45.634041],[25.633973,45.634053],[25.634026,45.634051],[25.6341,45.634047]]},"properties":{"name":"Strada Poienelor"}},{"type":"Feature","geometry":{"type":"LineString","coordinates":[[25.633878,45.63426],[25.633854,45.634232],[25.633828,45.634206],[25.633793,45.634177],[25.633751,45.63415],[25.633596,45.634036],[25.633567,45.634018],[25.63299,45.633709],[25.632833,45.633627],[25.632793,45.633601]]},"properties":{"name":"Strada Poienelor"}},{"type":"Feature","geometry":{"type":"LineString","coordinates":[[25.631462,45.632819],[25.631531,45.63275],[25.631649,45.63264],[25.631887,45.632405],[25.63201,45.632464],[25.632235,45.632575],[25.63234,45.632627],[25.632437,45.632675],[25.632532,45.632722],[25.632626,45.632768],[25.632709,45.632809],[25.632801,45.632854]]},"properties":{"name":"Stația RAT Roman"}},{"type":"Feature","geometry":{"type":"LineString","coordinates":[[25.632825,45.633344],[25.632846,45.6333],[25.632809,45.633246],[25.632779,45.633218],[25.632739,45.633188],[25.632657,45.633147],[25.632577,45.633107],[25.6325,45.633068],[25.632418,45.633027],[25.632408,45.633021],[25.632316,45.632975],[25.632215,45.632925]]},"properties":{"name":"Stația RAT Roman"}},{"type":"Feature","geometry":{"type":"LineString","coordinates":[[25.63234,45.632627],[25.632338,45.632656],[25.632328,45.632804],[25.632323,45.632865],[25.63232,45.632907],[25.632316,45.632975]]},"properties":{"name":"Stația RAT Roman - Peron 2"}},{"type":"Feature","geometry":{"type":"LineString","coordinates":[[25.523665,45.635931],[25.52376,45.635826],[25.522204,45.635306],[25.520652,45.634781],[25.518856,45.634161],[25.51886,45.634158],[25.518616,45.634078],[25.51839,45.634004],[25.5177,45.633777],[25.516631,45.633414],[25.516238,45.633266],[25.516094,45.633365],[25.516012,45.633378],[25.515921,45.633367],[25.515853,45.633344],[25.515785,45.63332],[25.515024,45.633012],[25.514873,45.632967],[25.514723,45.632967],[25.514645,45.63299],[25.514576,45.633018],[25.514112,45.63341],[25.512865,45.634412],[25.512121,45.635014],[25.510721,45.636147]]},"properties":{"name":"Strada Cucului"}},{"type":"Feature","geometry":{"type":"LineString","coordinates":[[25.552407,45.645529],[25.552607,45.645528],[25.552702,45.645527],[25.552916,45.645533]]},"properties":{"name":"Strada Cucului"}},{"type":"Feature","geometry":{"type":"LineString","coordinates":[[25.510721,45.636147],[25.510635,45.636217],[25.510059,45.636683],[25.508457,45.637989],[25.507552,45.638731],[25.507349,45.638636],[25.505974,45.638541],[25.504096,45.63841],[25.50404,45.638406],[25.503947,45.638378],[25.50387,45.638326],[25.503721,45.638218],[25.503548,45.638091],[25.503367,45.638201],[25.503342,45.638217],[25.503045,45.638433]]},"properties":{"name":"Strada Stejarilor"}},{"type":"Feature","geometry":{"type":"LineString","coordinates":[[25.54023,45.651278],[25.521604,45.645446],[25.520942,45.645271],[25.515846,45.643693],[25.515763,45.643682],[25.515593,45.64366],[25.515176,45.643643],[25.515143,45.64362],[25.515102,45.643602],[25.515057,45.643592],[25.51501,45.643589],[25.514855,45.643534],[25.514745,45.643462],[25.514638,45.643377],[25.51444,45.643257],[25.511612,45.642394],[25.510015,45.641901],[25.509661,45.641785],[25.509351,45.641678],[25.509047,45.641549],[25.508655,45.641348],[25.507472,45.640737],[25.506213,45.640105],[25.50451,45.639229],[25.503045,45.638433],[25.500947,45.637419],[25.499406,45.636631],[25.498411,45.636122],[25.497901,45.63584],[25.497547,45.635648],[25.497349,45.635452]]},"properties":{"name":"DN73"}},{"type":"Feature","geometry":{"type":"LineString","coordinates":[[25.54187,45.651878],[25.540325,45.651383],[25.535667,45.649905],[25.533128,45.649111],[25.531586,45.648624],[25.531069,45.648464],[25.528989,45.647819],[25.522777,45.645885],[25.521579,45.645517],[25.521178,45.645401],[25.520867,45.645325],[25.516028,45.643849],[25.515618,45.643788],[25.5152,45.64379],[25.515164,45.643827],[25.515114,45.643854],[25.515054,45.643869],[25.514991,45.64387],[25.51493,45.643858],[25.514877,45.643832],[25.514845,45.643805],[25.514824,45.643772],[25.514815,45.643729],[25.514824,45.643687],[25.514687,45.643548],[25.51447,45.643401],[25.514368,45.643357],[25.514265,45.643313],[25.511679,45.642509],[25.509953,45.641971],[25.509525,45.641838],[25.509126,45.641683],[25.50885,45.641556],[25.507972,45.64111],[25.504442,45.639301],[25.504024,45.639083],[25.501838,45.637978],[25.50097,45.637547],[25.499313,45.636701],[25.498943,45.636518],[25.498551,45.63631],[25.497714,45.635857],[25.497539,45.635757],[25.49729,45.635634],[25.497172,45.635597]]},"properties":{"name":"DN73"}},{"type":"Feature","geometry":{"type":"LineString","coordinates":[[25.476696,45.618607],[25.476577,45.618467],[25.476475,45.618331],[25.476372,45.618181],[25.476305,45.61806],[25.476229,45.617908],[25.47617,45.617761],[25.476125,45.617606],[25.476056,45.617362],[25.475996,45.617142],[25.475926,45.61689],[25.475862,45.616689],[25.475819,45.616545],[25.475772,45.61641],[25.475615,45.616057],[25.475457,45.615714],[25.47535,45.615484],[25.475106,45.615036],[25.474873,45.6146],[25.474694,45.614277],[25.474566,45.614055],[25.474484,45.613935],[25.474387,45.613817],[25.474272,45.613712],[25.474149,45.613613],[25.474051,45.613545],[25.473931,45.613471],[25.473776,45.613393],[25.47357,45.613301],[25.473373,45.613217],[25.473143,45.613116],[25.472886,45.612998],[25.472669,45.612894],[25.472447,45.612775],[25.472164,45.612625],[25.471866,45.612452],[25.471718,45.612362],[25.471548,45.612254],[25.471405,45.612146],[25.471283,45.612042],[25.471183,45.611955],[25.471065,45.611844],[25.471001,45.61178],[25.470921,45.611686],[25.470856,45.611599],[25.470779,45.611495],[25.470635,45.611292],[25.470468,45.611046],[25.470376,45.6109],[25.470285,45.610745],[25.470178,45.610546],[25.470076,45.610341],[25.469968,45.610109],[25.469899,45.60995],[25.46974,45.609554]]},"properties":{"name":"DN73"}},{"type":"Feature","geometry":{"type":"LineString","coordinates":[[25.54023,45.651278],[25.544079,45.652478],[25.546287,45.653174],[25.546801,45.653336],[25.547792,45.653639],[25.552149,45.654997],[25.552246,45.655027],[25.55316,45.65534],[25.553372,45.655368],[25.553597,45.655431],[25.553957,45.655549],[25.555049,45.655881],[25.555666,45.656069],[25.555898,45.656142]]},"properties":{"name":"Șoseaua Cristianului"}},{"type":"Feature","geometry":{"type":"LineString","coordinates":[[25.552954,45.655342],[25.552211,45.655087],[25.551609,45.654899],[25.549983,45.654389],[25.549014,45.654085],[25.548697,45.653986],[25.547769,45.653719],[25.54752,45.653644],[25.546757,45.653407],[25.546243,45.65324],[25.544288,45.652611],[25.544128,45.652578],[25.54305,45.652242],[25.542897,45.652195],[25.54187,45.651878]]},"properties":{"name":"Șoseaua Cristianului"}},{"type":"Feature","geometry":{"type":"LineString","coordinates":[[25.562476,45.65809],[25.562396,45.658077],[25.562258,45.658051],[25.561815,45.657912],[25.561455,45.657814],[25.561216,45.657773],[25.561173,45.657762],[25.560541,45.657602],[25.560433,45.657577],[25.56037,45.65756],[25.560105,45.657486],[25.559817,45.657398],[25.55976,45.657384],[25.559245,45.657225],[25.559156,45.657196],[25.558556,45.657005],[25.558057,45.656841],[25.556821,45.656456],[25.55669,45.656374],[25.556538,45.65633],[25.5564,45.656285],[25.556223,45.65622],[25.55613,45.656182],[25.556054,45.656146],[25.556,45.656131],[25.555941,45.65613],[25.555898,45.656142],[25.555865,45.656167],[25.555845,45.6562],[25.555836,45.656236],[25.555852,45.656272],[25.555895,45.656302],[25.555956,45.656316],[25.556017,45.656315],[25.556079,45.656307],[25.556165,45.65631],[25.556257,45.656328],[25.556345,45.656349],[25.55665,45.65644],[25.556821,45.656456]]},"properties":{"name":"Șoseaua Cristianului"}},{"type":"Feature","geometry":{"type":"LineString","coordinates":[[25.562691,45.658149],[25.562788,45.658207],[25.56287,45.658245],[25.562962,45.658279],[25.563388,45.658404],[25.564176,45.658652],[25.564931,45.658891],[25.565191,45.658927]]},"properties":{"name":"Șoseaua Cristianului"}},{"type":"Feature","geometry":{"type":"LineString","coordinates":[[25.565458,45.658978],[25.56555,45.659064],[25.565644,45.659116],[25.56609,45.65926],[25.567118,45.659587],[25.567965,45.659808],[25.568303,45.65989],[25.568368,45.6599],[25.568427,45.659896],[25.568556,45.659886],[25.568611,45.659884],[25.568666,45.659885],[25.568792,45.659898]]},"properties":{"name":"Șoseaua Cristianului"}},{"type":"Feature","geometry":{"type":"LineString","coordinates":[[25.56836,45.660007],[25.567922,45.659877],[25.567717,45.659819],[25.567506,45.659763],[25.567103,45.659651],[25.566765,45.659542],[25.56578,45.659237],[25.565594,45.659177],[25.565317,45.659119]]},"properties":{"name":"Șoseaua Cristianului"}},{"type":"Feature","geometry":{"type":"LineString","coordinates":[[25.565164,45.659063],[25.56499,45.658998],[25.564374,45.658801],[25.563446,45.658514],[25.56303,45.658388],[25.562818,45.658322],[25.562727,45.658297],[25.562643,45.658283]]},"properties":{"name":"Șoseaua Cristianului"}},{"type":"Feature","geometry":{"type":"LineString","coordinates":[[25.562379,45.658205],[25.562286,45.658174],[25.562199,45.65815],[25.561801,45.658026],[25.561398,45.657883],[25.561216,45.657773]]},"properties":{"name":"Șoseaua Cristianului"}},{"type":"Feature","geometry":{"type":"LineString","coordinates":[[25.56946,45.659707],[25.569629,45.659807],[25.569801,45.659916],[25.569825,45.659931],[25.570007,45.660046],[25.570218,45.660179]]},"properties":{"name":"Stația RAT Stadionul Municipal - Peron 1"}},{"type":"Feature","geometry":{"type":"LineString","coordinates":[[25.569001,45.659027],[25.56888,45.659056],[25.568754,45.659141]]},"properties":{"name":"Strada Mică"}},{"type":"Feature","geometry":{"type":"LineString","coordinates":[[25.562491,45.658301],[25.562464,45.658361],[25.562448,45.658425],[25.562426,45.658742],[25.562382,45.658916],[25.562325,45.659045],[25.562189,45.659261],[25.561827,45.659838],[25.561777,45.660044],[25.561762,45.660122]]},"properties":{"name":"Strada Cărămidăriei"}},{"type":"Feature","geometry":{"type":"LineString","coordinates":[[25.561604,45.660056],[25.561644,45.660007],[25.561707,45.659963],[25.561747,45.659909],[25.561827,45.659838]]},"properties":{"name":"Strada Cărămidăriei"}},{"type":"Feature","geometry":{"type":"LineString","coordinates":[[25.554114,45.660457],[25.553939,45.660568],[25.553882,45.660641],[25.553865,45.660711],[25.553878,45.660786],[25.553899,45.66084],[25.553943,45.660893],[25.554001,45.660924],[25.554088,45.660944],[25.554268,45.660984]]},"properties":{"name":"Strada Fânarului"}},{"type":"Feature","geometry":{"type":"LineString","coordinates":[[25.557311,45.660563],[25.557253,45.660612],[25.557161,45.660659],[25.557061,45.660684],[25.556946,45.660719]]},"properties":{"name":"Strada Fânarului"}},{"type":"Feature","geometry":{"type":"LineString","coordinates":[[25.558534,45.661076],[25.558533,45.660888],[25.55853,45.660843],[25.558527,45.660792],[25.558518,45.660763],[25.558394,45.660701],[25.558262,45.660668],[25.557808,45.660668],[25.557684,45.660679]]},"properties":{"name":"Strada Fânarului"}},{"type":"Feature","geometry":{"type":"LineString","coordinates":[[25.557423,45.660698],[25.557314,45.660718],[25.556946,45.660719],[25.556468,45.660752],[25.556016,45.660784],[25.555854,45.660795],[25.555766,45.660801],[25.555677,45.66081],[25.55507,45.660883],[25.554268,45.660984],[25.554092,45.661013],[25.553251,45.661087],[25.552734,45.661136],[25.55243,45.661142]]},"properties":{"name":"Strada Fânarului"}},{"type":"Feature","geometry":{"type":"LineString","coordinates":[[25.557728,45.660485],[25.557829,45.660494],[25.558015,45.660545],[25.558332,45.660611],[25.558436,45.660647],[25.558483,45.660694],[25.558518,45.660763]]},"properties":{"name":"Strada Fânarului"}},{"type":"Feature","geometry":{"type":"LineString","coordinates":[[25.557341,45.660485],[25.557385,45.660353],[25.557397,45.660218],[25.557328,45.660047],[25.557118,45.659551],[25.557053,45.659421],[25.557007,45.659366],[25.556948,45.659308],[25.556743,45.659144],[25.556548,45.65896],[25.556291,45.658693],[25.555984,45.65824],[25.555918,45.658208],[25.555549,45.657637],[25.55516,45.65702],[25.555015,45.656786],[25.554849,45.656565],[25.554686,45.656382],[25.554489,45.656197],[25.554298,45.656038],[25.554033,45.655855],[25.553788,45.655705],[25.553509,45.655561],[25.553242,45.655448],[25.552954,45.655342]]},"properties":{"name":"Strada Curmăturii"}},{"type":"Feature","geometry":{"type":"LineString","coordinates":[[25.635825,45.634719],[25.635819,45.634847]]},"properties":{"name":"Stația RAT Saturn - Peron 7"}},{"type":"Feature","geometry":{"type":"LineString","coordinates":[[25.63584,45.634523],[25.635836,45.634558],[25.635835,45.634572],[25.635826,45.634705]]},"properties":{"name":"Stația RAT Saturn - Peron 7"}},{"type":"Feature","geometry":{"type":"LineString","coordinates":[[25.63603,45.634969],[25.635873,45.634878],[25.635819,45.634847],[25.635752,45.634808],[25.635692,45.634774],[25.635627,45.634736],[25.635571,45.634704],[25.635497,45.634662],[25.635437,45.634627],[25.635071,45.6344],[25.634998,45.63432],[25.634987,45.634247],[25.63502,45.634195],[25.63507,45.634161],[25.635135,45.634146],[25.635186,45.634161],[25.635227,45.634182],[25.635438,45.634299],[25.635503,45.634336],[25.635567,45.634371],[25.635629,45.634405],[25.635698,45.634444],[25.635764,45.634481],[25.63584,45.634523]]},"properties":{"name":"Stația RAT Saturn"}},{"type":"Feature","geometry":{"type":"LineString","coordinates":[[25.63603,45.634969],[25.636026,45.634981],[25.636019,45.634997],[25.635957,45.635153],[25.635928,45.635325]]},"properties":{"name":"Bulevardul Saturn"}},{"type":"Feature","geometry":{"type":"LineString","coordinates":[[25.627452,45.649405],[25.627441,45.649322],[25.62745,45.649263],[25.627494,45.649162],[25.627527,45.649113],[25.627563,45.649074],[25.627605,45.649027],[25.627671,45.648952],[25.627994,45.648607],[25.628138,45.648398],[25.628308,45.648231],[25.628492,45.648052],[25.629031,45.647553],[25.629515,45.647098],[25.630503,45.646168],[25.631424,45.645293],[25.631512,45.64521],[25.631713,45.64502],[25.631834,45.644908],[25.632165,45.644597],[25.632265,45.644502],[25.632362,45.644416],[25.632418,45.644364],[25.632579,45.644211],[25.63284,45.643963],[25.633039,45.643772],[25.633185,45.643628],[25.633453,45.643373],[25.635019,45.641884],[25.635149,45.641764],[25.635418,45.64151],[25.635473,45.641457],[25.635531,45.641401],[25.635635,45.641299],[25.635841,45.641058],[25.63594,45.640922],[25.636041,45.640777],[25.636113,45.640648],[25.636225,45.640419],[25.636323,45.640188],[25.636379,45.639998],[25.636425,45.639804],[25.636459,45.639595],[25.636471,45.639023],[25.63647,45.638933],[25.636469,45.638843],[25.636466,45.638796],[25.636451,45.638563],[25.636449,45.638542],[25.636402,45.637499],[25.636401,45.637465],[25.636398,45.637356],[25.636395,45.637273],[25.636393,45.63719],[25.636373,45.636759],[25.636365,45.636599],[25.636356,45.636397],[25.63634,45.636201],[25.636325,45.636098],[25.636314,45.636037],[25.636279,45.635918],[25.636224,45.635791],[25.636178,45.635682],[25.636135,45.635595],[25.636068,45.6355],[25.635928,45.635325]]},"properties":{"name":"Bulevardul Saturn"}},{"type":"Feature","geometry":{"type":"LineString","coordinates":[[25.627042,45.649374],[25.627106,45.649271],[25.627134,45.64923],[25.627172,45.649189],[25.627351,45.649038],[25.627405,45.648993],[25.62751,45.648892],[25.627661,45.648745],[25.627818,45.648626],[25.628138,45.648398]]},"properties":{"name":"Bulevardul Saturn"}},{"type":"Feature","geometry":{"type":"LineString","coordinates":[[25.634249,45.634515],[25.634373,45.634532],[25.634454,45.63455],[25.634579,45.634596],[25.634671,45.634634],[25.634734,45.634666],[25.634864,45.634737],[25.635358,45.634994],[25.635433,45.635033],[25.635663,45.635175],[25.635928,45.635325],[25.635732,45.635112],[25.635569,45.634959],[25.635464,45.634884],[25.635361,45.634813],[25.63526,45.634751],[25.634898,45.634531],[25.634799,45.634463],[25.63469,45.634368],[25.634628,45.634304],[25.634569,45.634245]]},"properties":{"name":"Bulevardul Saturn"}},{"type":"Feature","geometry":{"type":"LineString","coordinates":[[25.625909,45.650089],[25.625822,45.650038],[25.625741,45.650008],[25.625674,45.649993],[25.625566,45.64999],[25.625499,45.649995],[25.625431,45.649999],[25.624407,45.650139],[25.623136,45.650331],[25.622848,45.650353],[25.622572,45.650363],[25.621655,45.650386],[25.621502,45.650389],[25.621361,45.650396],[25.621123,45.650412],[25.620821,45.650432],[25.620577,45.650462],[25.620334,45.650501],[25.618146,45.650879],[25.617031,45.651095],[25.616931,45.651115],[25.616522,45.651179],[25.616233,45.651237],[25.61606,45.651286]]},"properties":{"name":"Strada Zizinului"}},{"type":"Feature","geometry":{"type":"LineString","coordinates":[[25.616039,45.65115],[25.616256,45.651099],[25.616503,45.65107],[25.616675,45.651033],[25.616888,45.650995],[25.61786,45.650835],[25.618231,45.650768],[25.620276,45.650416],[25.620476,45.650381],[25.620656,45.650355],[25.620828,45.650334],[25.621065,45.650318],[25.621351,45.650304],[25.62149,45.6503],[25.621646,45.650299],[25.622565,45.650266],[25.622826,45.650255],[25.623074,45.650234],[25.623969,45.650113],[25.624931,45.649981],[25.625321,45.649928],[25.625406,45.649917],[25.625625,45.649885],[25.625839,45.649854],[25.626016,45.649858]]},"properties":{"name":"Strada Zizinului"}},{"type":"Feature","geometry":{"type":"LineString","coordinates":[[25.654986,45.64897],[25.654871,45.648927],[25.654767,45.648909],[25.654628,45.6489],[25.654293,45.648884]]},"properties":{"name":"Strada Zizinului"}},{"type":"Feature","geometry":{"type":"LineString","coordinates":[[25.654985,45.648815],[25.65489,45.648821],[25.654763,45.648832],[25.654458,45.648853],[25.654293,45.648884],[25.65364,45.648937],[25.653203,45.648966],[25.652483,45.649004],[25.651969,45.64902],[25.651888,45.649022],[25.651565,45.649029],[25.650127,45.649056],[25.648592,45.649096],[25.648155,45.649107],[25.647816,45.649112],[25.647459,45.649113],[25.646566,45.649127],[25.646062,45.649138],[25.645174,45.64916],[25.644868,45.64916],[25.644417,45.649152],[25.644014,45.649138],[25.643815,45.649131],[25.64364,45.64913],[25.643473,45.649124],[25.642883,45.649094],[25.641735,45.649052],[25.641516,45.649043],[25.640633,45.649003],[25.640409,45.648999],[25.640201,45.648997],[25.639912,45.649006],[25.639574,45.64903],[25.639006,45.649057],[25.638363,45.649092],[25.638016,45.649121],[25.635879,45.649234],[25.633094,45.649358],[25.631505,45.649424],[25.631241,45.649433],[25.629808,45.649495],[25.628902,45.649533],[25.628833,45.649535],[25.628775,45.649538],[25.628716,45.64954],[25.628648,45.649544],[25.62858,45.649547],[25.628499,45.649553],[25.628343,45.649565],[25.628203,45.649576],[25.628167,45.649581]]},"properties":{"name":"Strada Zizinului"}},{"type":"Feature","geometry":{"type":"LineString","coordinates":[[25.627366,45.64966],[25.627554,45.649662],[25.627961,45.64963],[25.628167,45.649581],[25.627993,45.64956],[25.627821,45.649554],[25.627637,45.649528],[25.627487,45.649471]]},"properties":{"name":"Strada Zizinului"}},{"type":"Feature","geometry":{"type":"LineString","coordinates":[[25.777891,45.645068],[25.777845,45.645099],[25.77754,45.645292],[25.777073,45.645635],[25.776878,45.645792],[25.776664,45.645959],[25.776496,45.646105],[25.77618,45.646461],[25.77607,45.646574],[25.775957,45.646671],[25.775794,45.646788],[25.775635,45.646888],[25.773918,45.6478],[25.773656,45.647947],[25.773465,45.648058],[25.773252,45.648159],[25.772974,45.648269],[25.772501,45.648411],[25.772227,45.648493],[25.772001,45.648561],[25.771527,45.64868],[25.771306,45.648688],[25.771068,45.648672],[25.770822,45.648636],[25.77006,45.648486],[25.768152,45.647997],[25.767748,45.647883],[25.767477,45.6478],[25.766562,45.647352],[25.766387,45.647305],[25.766158,45.647301],[25.765935,45.647373],[25.764962,45.648066],[25.764825,45.648141],[25.764568,45.648256]]},"properties":{"name":"Strada Zizinului"}},{"type":"Feature","geometry":{"type":"LineString","coordinates":[[25.632657,45.633147],[25.632668,45.633077],[25.632673,45.633045],[25.632682,45.632981],[25.632705,45.632834],[25.632709,45.632809]]},"properties":{"name":"Stația RAT Roman - Peron 6"}},{"type":"Feature","geometry":{"type":"LineString","coordinates":[[25.607375,45.659673],[25.607559,45.659734],[25.607775,45.65978],[25.607889,45.659802],[25.608085,45.659836],[25.609176,45.660069],[25.610391,45.66033],[25.610537,45.660351],[25.610719,45.660364],[25.610879,45.660367],[25.611066,45.66036],[25.611338,45.660332],[25.611526,45.660303],[25.61173,45.660265],[25.612341,45.66013],[25.612885,45.66002],[25.612991,45.659992],[25.613078,45.659959]]},"properties":{"name":"Bulevardul Gării"}},{"type":"Feature","geometry":{"type":"LineString","coordinates":[[25.613603,45.659912],[25.613701,45.659918],[25.613767,45.659918],[25.61384,45.659913],[25.61448,45.659839],[25.614812,45.659795],[25.616683,45.659519],[25.618608,45.659218],[25.619672,45.659054],[25.62004,45.658984],[25.620328,45.658919],[25.6205,45.658871],[25.620663,45.658821],[25.620797,45.65877],[25.620852,45.658749],[25.62101,45.658677],[25.621147,45.658615],[25.621253,45.658565],[25.62133,45.658509],[25.62143,45.658406]]},"properties":{"name":"Bulevardul Gării"}},{"type":"Feature","geometry":{"type":"LineString","coordinates":[[25.621646,45.658623],[25.621298,45.65878],[25.621057,45.658862],[25.620976,45.658889],[25.620801,45.658953],[25.62068,45.658988],[25.620312,45.659062],[25.619468,45.659194],[25.618609,45.659329],[25.61714,45.659566],[25.61589,45.659764],[25.614964,45.659918],[25.614875,45.659932],[25.614824,45.65994],[25.614525,45.659985],[25.614125,45.660051],[25.613765,45.660107],[25.613628,45.66012]]},"properties":{"name":"Bulevardul Gării"}},{"type":"Feature","geometry":{"type":"LineString","coordinates":[[25.613136,45.660183],[25.612963,45.660206],[25.61269,45.66025],[25.61241,45.660303],[25.612117,45.66036],[25.611881,45.660398],[25.611634,45.660431],[25.611408,45.660456],[25.611229,45.660473],[25.61106,45.660482],[25.610857,45.660484],[25.610672,45.660477],[25.610489,45.660459],[25.610336,45.660436],[25.609132,45.660176],[25.6085,45.660043]]},"properties":{"name":"Bulevardul Gării"}},{"type":"Feature","geometry":{"type":"LineString","coordinates":[[25.607488,45.660356],[25.607493,45.660272],[25.607509,45.660215],[25.60754,45.660162],[25.607589,45.660108],[25.607647,45.660071],[25.60771,45.660043],[25.607785,45.660021],[25.607866,45.660009],[25.607907,45.660004],[25.607937,45.660001],[25.608226,45.660021],[25.6085,45.660043],[25.608161,45.659951],[25.607964,45.659917],[25.607926,45.659912],[25.607875,45.659906],[25.607646,45.659892],[25.607581,45.659891],[25.607526,45.659897],[25.607443,45.659919]]},"properties":{"name":"Bulevardul Gării"}},{"type":"Feature","geometry":{"type":"LineString","coordinates":[[25.621749,45.658236],[25.621854,45.65819],[25.62199,45.658097],[25.622082,45.658029],[25.622159,45.657949],[25.622176,45.657927],[25.622192,45.657905],[25.622339,45.65766],[25.622891,45.656543],[25.623663,45.65494],[25.623757,45.654736],[25.623978,45.654247],[25.624028,45.654132],[25.624119,45.653951],[25.62424,45.653692],[25.624343,45.653505],[25.625652,45.650959],[25.625892,45.650515],[25.62592,45.650463],[25.625962,45.650339],[25.625977,45.650275],[25.625979,45.650221],[25.625961,45.650141]]},"properties":{"name":"Bulevardul Alexandru Vlahuță"}},{"type":"Feature","geometry":{"type":"LineString","coordinates":[[25.626276,45.650167],[25.626189,45.650274],[25.626141,45.650342],[25.626087,45.650443],[25.626062,45.65049],[25.626012,45.650586],[25.625795,45.650996],[25.62487,45.652779],[25.624686,45.653135],[25.624464,45.653563],[25.624448,45.653594],[25.624351,45.653788],[25.624196,45.654097],[25.624162,45.654166],[25.624106,45.654289],[25.623978,45.65457],[25.623834,45.654873],[25.622888,45.65685],[25.622639,45.657357],[25.622488,45.657691]]},"properties":{"name":"Bulevardul Alexandru Vlahuță"}},{"type":"Feature","geometry":{"type":"LineString","coordinates":[[25.621989,45.658401],[25.622052,45.658295],[25.622086,45.658244],[25.622193,45.658136],[25.622279,45.658037],[25.622336,45.657955],[25.622387,45.657877],[25.622415,45.657833],[25.622488,45.657691],[25.622488,45.657849],[25.622468,45.657905],[25.622438,45.657988],[25.622318,45.658282],[25.622289,45.658365],[25.622272,45.658489],[25.622289,45.658562],[25.622318,45.658632],[25.622362,45.658691],[25.62243,45.658768]]},"properties":{"name":"Bulevardul Alexandru Vlahuță"}},{"type":"Feature","geometry":{"type":"LineString","coordinates":[[25.635629,45.634405],[25.635629,45.63445],[25.635629,45.634465],[25.635628,45.634596]]},"properties":{"name":"Stația RAT Saturn - Peron 4"}},{"type":"Feature","geometry":{"type":"LineString","coordinates":[[25.635628,45.634615],[25.635627,45.634736]]},"properties":{"name":"Stația RAT Saturn - Peron 4"}},{"type":"Feature","geometry":{"type":"LineString","coordinates":[[25.570218,45.66012],[25.570052,45.660013],[25.569871,45.659896],[25.569847,45.659881],[25.569675,45.65977],[25.569548,45.659688]]},"properties":{"name":"Stația RAT Stadionul Municipal - Peron 2"}},{"type":"Feature","geometry":{"type":"LineString","coordinates":[[25.581351,45.664338],[25.581167,45.664349],[25.581025,45.664357],[25.580923,45.664373],[25.580883,45.664389],[25.580837,45.664406],[25.580771,45.664445],[25.580743,45.664507],[25.580709,45.66459],[25.580653,45.66475],[25.580179,45.666122],[25.580125,45.666277],[25.58004,45.66652]]},"properties":{"name":"Strada Borzești"}},{"type":"Feature","geometry":{"type":"LineString","coordinates":[[25.580771,45.664445],[25.580729,45.664382],[25.580669,45.66432],[25.580598,45.664271],[25.580504,45.664218],[25.580417,45.66417]]},"properties":{"name":"Strada Borzești"}},{"type":"Feature","geometry":{"type":"LineString","coordinates":[[25.579725,45.666519],[25.579767,45.666543],[25.579808,45.666571],[25.57985,45.666601],[25.579889,45.666633],[25.579913,45.666667],[25.579924,45.666695],[25.579923,45.666737],[25.579861,45.666851],[25.579642,45.667289],[25.579632,45.667318],[25.579632,45.66734]]},"properties":{"name":"Strada Borzești"}},{"type":"Feature","geometry":{"type":"LineString","coordinates":[[25.580709,45.66459],[25.580931,45.66463],[25.581761,45.664812],[25.582757,45.665031],[25.583745,45.665246],[25.583916,45.665285],[25.584034,45.665312],[25.584119,45.665332],[25.584981,45.665534],[25.586229,45.665811],[25.587489,45.666104],[25.588517,45.666344],[25.588661,45.666376],[25.588757,45.666399],[25.588957,45.666444],[25.590018,45.666678],[25.590057,45.666687]]},"properties":{"name":"Strada Buzești"}},{"type":"Feature","geometry":{"type":"LineString","coordinates":[[25.591278,45.666733],[25.591134,45.666727],[25.590923,45.666717],[25.590057,45.666687],[25.590398,45.666756],[25.590896,45.666852],[25.591205,45.666929]]},"properties":{"name":"Strada Buzești"}},{"type":"Feature","geometry":{"type":"LineString","coordinates":[[25.591556,45.666748],[25.591781,45.666806],[25.59195,45.666842]]},"properties":{"name":"Strada Independenței"}},{"type":"Feature","geometry":{"type":"LineString","coordinates":[[25.598779,45.666427],[25.598719,45.666449],[25.598597,45.666492]]},"properties":{"name":"Strada Independenței"}},{"type":"Feature","geometry":{"type":"LineString","coordinates":[[25.598791,45.666509],[25.598597,45.666492],[25.598382,45.666509],[25.598149,45.666528],[25.597376,45.666585],[25.597244,45.666593],[25.596128,45.666664],[25.592855,45.666836],[25.592581,45.666847],[25.59233,45.666851],[25.592061,45.666848],[25.591999,45.666846],[25.59195,45.666842],[25.591859,45.666847],[25.591784,45.666853],[25.5917,45.666864],[25.591624,45.666878]]},"properties":{"name":"Strada Independenței"}},{"type":"Feature","geometry":{"type":"LineString","coordinates":[[25.599035,45.666382],[25.599237,45.666446],[25.599367,45.666438],[25.599537,45.666427],[25.59987,45.666406],[25.600631,45.666352],[25.600837,45.666338],[25.600988,45.666327],[25.601011,45.666326],[25.601746,45.666276],[25.602375,45.666233],[25.603033,45.666189],[25.603267,45.666173],[25.603549,45.666154],[25.603752,45.66614],[25.603888,45.666131],[25.604287,45.666104],[25.604379,45.666097],[25.604715,45.666075],[25.606171,45.665976],[25.607611,45.665879],[25.608479,45.665828],[25.608549,45.665824],[25.608641,45.665819],[25.608773,45.665812],[25.608922,45.665767],[25.609,45.665739],[25.609074,45.66571],[25.60915,45.665675]]},"properties":{"name":"Strada Independenței"}},{"type":"Feature","geometry":{"type":"LineString","coordinates":[[25.60922,45.665851],[25.609106,45.665829],[25.609013,45.665817],[25.608931,45.665813],[25.608773,45.665812]]},"properties":{"name":"Strada Independenței"}},{"type":"Feature","geometry":{"type":"LineString","coordinates":[[25.599237,45.666446],[25.599131,45.666483],[25.599059,45.666511]]},"properties":{"name":"Strada Independenței"}},{"type":"Feature","geometry":{"type":"LineString","coordinates":[[25.595628,45.666778],[25.595632,45.666721],[25.595664,45.666607],[25.595599,45.666492],[25.595572,45.666472],[25.595434,45.666547],[25.595242,45.666659],[25.595052,45.666771],[25.594937,45.666835],[25.594594,45.666867],[25.594273,45.667119],[25.594159,45.667201],[25.593475,45.667721],[25.593432,45.667771],[25.593425,45.667801]]},"properties":{"name":"Strada Independenței"}},{"type":"Feature","geometry":{"type":"LineString","coordinates":[[25.614815,45.682042],[25.614856,45.682011],[25.614931,45.681953]]},"properties":{"name":"Stația RAT Rulmentul - Peron 5"}},{"type":"Feature","geometry":{"type":"LineString","coordinates":[[25.614989,45.681909],[25.615066,45.681848]]},"properties":{"name":"Stația RAT Rulmentul - Peron 5"}},{"type":"Feature","geometry":{"type":"LineString","coordinates":[[25.552635,45.64535],[25.552916,45.645533],[25.556332,45.647873],[25.556462,45.647962],[25.556643,45.648082],[25.556984,45.648324],[25.557023,45.648351],[25.558262,45.649192],[25.558487,45.649342],[25.558786,45.649512],[25.559014,45.649645],[25.559097,45.649699],[25.559293,45.649872],[25.559373,45.649953],[25.559987,45.650654],[25.560664,45.651393],[25.560925,45.651656],[25.561071,45.651778],[25.561209,45.65186],[25.561324,45.651906],[25.561515,45.651938],[25.562108,45.651956],[25.562264,45.651958],[25.562469,45.651973],[25.562606,45.652001],[25.562857,45.652062],[25.562982,45.652097],[25.563425,45.65228],[25.563943,45.65253],[25.564053,45.65258],[25.564218,45.652661],[25.564696,45.652871],[25.565003,45.653009],[25.565159,45.653067],[25.565737,45.65325],[25.565857,45.653285],[25.565995,45.653327],[25.566073,45.653349],[25.566231,45.653393],[25.566375,45.65343],[25.566486,45.653461],[25.566858,45.653573],[25.567104,45.65365],[25.567394,45.653759],[25.567641,45.653865],[25.567863,45.653968],[25.568428,45.654237],[25.568961,45.654517],[25.569182,45.654624],[25.569383,45.654717],[25.569515,45.654764],[25.569641,45.654788],[25.569796,45.654803],[25.570003,45.654792],[25.570188,45.654754],[25.570317,45.654703],[25.570361,45.654686],[25.570592,45.65458],[25.570777,45.654507],[25.570932,45.654455],[25.571101,45.65442],[25.571298,45.654391],[25.571476,45.654381],[25.571681,45.65438],[25.572063,45.654406],[25.572304,45.654428],[25.57267,45.654468],[25.573007,45.654507],[25.573164,45.654537],[25.573302,45.654575],[25.573453,45.654629],[25.573593,45.654692],[25.573723,45.654762],[25.57389,45.654876],[25.574062,45.655017],[25.574177,45.655128],[25.574314,45.655285],[25.574691,45.655699],[25.574807,45.655828],[25.574854,45.655881],[25.574918,45.655953],[25.575005,45.656044],[25.575111,45.656153],[25.575215,45.656241],[25.575333,45.656318],[25.575455,45.656388],[25.575589,45.656451],[25.575708,45.656499],[25.575913,45.65658],[25.576188,45.656695],[25.576341,45.656755],[25.576459,45.656809],[25.576598,45.656882],[25.576728,45.656973],[25.576884,45.657086],[25.577215,45.657307],[25.577282,45.657352],[25.577407,45.657418],[25.577593,45.657503],[25.578151,45.657768],[25.578364,45.65787],[25.578546,45.657949],[25.57872,45.658022],[25.57898,45.658122],[25.579112,45.658171],[25.579388,45.658264],[25.579702,45.658366],[25.579914,45.658427],[25.580312,45.658516],[25.580358,45.658527],[25.580493,45.658557]]},"properties":{"name":"Strada Carierei"}},{"type":"Feature","geometry":{"type":"LineString","coordinates":[[25.55635,45.664453],[25.556456,45.664447],[25.557227,45.6644],[25.557742,45.664369],[25.558084,45.664348],[25.558428,45.664327],[25.55912,45.664285],[25.559621,45.664255],[25.560448,45.664202],[25.560539,45.664196],[25.56101,45.664166],[25.561533,45.664138],[25.562065,45.664106],[25.562245,45.664094],[25.562855,45.664054],[25.562953,45.664044],[25.563088,45.664031],[25.563282,45.664007],[25.563421,45.664011],[25.563686,45.664035],[25.563903,45.66406],[25.564269,45.664103],[25.564555,45.664136],[25.564944,45.664175],[25.56508,45.664191],[25.565322,45.664221],[25.565782,45.664279],[25.56617,45.664333]]},"properties":{"name":"Strada Egretei"}},{"type":"Feature","geometry":{"type":"LineString","coordinates":[[25.566356,45.66436],[25.566202,45.664337],[25.56617,45.664333],[25.566201,45.664351],[25.566285,45.664402],[25.566348,45.664456],[25.566395,45.664519]]},"properties":{"name":"Strada Egretei"}},{"type":"Feature","geometry":{"type":"LineString","coordinates":[[25.566356,45.66436],[25.566461,45.664367],[25.566531,45.664367],[25.566591,45.664363],[25.566644,45.664325],[25.566843,45.663958],[25.566956,45.663761],[25.566975,45.663729],[25.567005,45.663681],[25.567223,45.663286],[25.567358,45.663054],[25.567451,45.662896]]},"properties":{"name":"Strada Spicului"}},{"type":"Feature","geometry":{"type":"LineString","coordinates":[[25.566503,45.664606],[25.566458,45.664659],[25.566444,45.664683],[25.566325,45.664879],[25.566137,45.665189],[25.566022,45.665379]]},"properties":{"name":"Strada Spicului"}},{"type":"Feature","geometry":{"type":"LineString","coordinates":[[25.567451,45.662896],[25.567528,45.662932],[25.569064,45.663616],[25.57036,45.664182],[25.570614,45.664295],[25.570746,45.66435],[25.571919,45.664871],[25.571968,45.664891],[25.572002,45.664906],[25.573537,45.665578],[25.573626,45.66563]]},"properties":{"name":"Strada Lanurilor"}},{"type":"Feature","geometry":{"type":"LineString","coordinates":[[25.573626,45.66563],[25.573541,45.6657],[25.572681,45.666404],[25.572214,45.666804],[25.572071,45.666925],[25.572019,45.666974],[25.571775,45.667202]]},"properties":{"name":"Strada Agricultorilor"}},{"type":"Feature","geometry":{"type":"LineString","coordinates":[[25.571775,45.667202],[25.571793,45.667231],[25.571829,45.667261],[25.571885,45.667284]]},"properties":{"name":"Strada Gheorghe Doja"}},{"type":"Feature","geometry":{"type":"LineString","coordinates":[[25.577549,45.66659],[25.577506,45.666565],[25.577447,45.66654],[25.577379,45.666526],[25.577312,45.666526],[25.577144,45.666533],[25.576996,45.666543],[25.576843,45.666567],[25.57642,45.666587],[25.576111,45.666609],[25.575579,45.666627],[25.575384,45.666638],[25.575262,45.666647],[25.575141,45.666661],[25.574997,45.666684],[25.574758,45.666728],[25.574152,45.666844],[25.572491,45.667173],[25.571914,45.667279],[25.571885,45.667284],[25.571559,45.667384]]},"properties":{"name":"Strada Gheorghe Doja"}},{"type":"Feature","geometry":{"type":"LineString","coordinates":[[25.577701,45.666448],[25.577776,45.666449],[25.577881,45.66645],[25.578245,45.666469],[25.579219,45.666508],[25.579521,45.666515],[25.579651,45.666517],[25.579696,45.666518],[25.579725,45.666519],[25.58004,45.66652]]},"properties":{"name":"Strada Gheorghe Doja"}},{"type":"Feature","geometry":{"type":"LineString","coordinates":[[25.57738,45.666692],[25.577345,45.666653],[25.577316,45.666629],[25.577281,45.66661],[25.577235,45.666595],[25.577187,45.666584],[25.577139,45.666578],[25.577089,45.666573],[25.576998,45.666572],[25.576843,45.666567]]},"properties":{"name":"Strada Gheorghe Doja"}},{"type":"Feature","geometry":{"type":"LineString","coordinates":[[25.579219,45.666508],[25.57923,45.666435],[25.579338,45.665836],[25.579577,45.664486],[25.579589,45.664455],[25.57963,45.664429],[25.579696,45.664423],[25.580709,45.66459]]},"properties":{"name":"Strada Cosmești"}},{"type":"Feature","geometry":{"type":"LineString","coordinates":[[25.611812,45.671196],[25.611963,45.671199],[25.612029,45.671205],[25.612138,45.671204],[25.61227,45.67119],[25.612399,45.671174],[25.613883,45.670975],[25.614632,45.670874],[25.615458,45.670763],[25.615861,45.670711],[25.616024,45.670687],[25.616088,45.670673],[25.616176,45.670644],[25.616249,45.670602]]},"properties":{"name":"Strada Zaharia Stancu"}},{"type":"Feature","geometry":{"type":"LineString","coordinates":[[25.616628,45.670583],[25.616763,45.670589],[25.616861,45.670581],[25.616931,45.670572],[25.61749,45.6705],[25.618442,45.670373],[25.619864,45.670181],[25.620049,45.670154],[25.620107,45.670144],[25.620165,45.670119]]},"properties":{"name":"Strada Zaharia Stancu"}},{"type":"Feature","geometry":{"type":"LineString","coordinates":[[25.620692,45.670056],[25.620789,45.670056],[25.620849,45.670053],[25.621011,45.670034],[25.621715,45.669944],[25.623204,45.669747],[25.624814,45.669534],[25.625238,45.669478],[25.628067,45.669104],[25.628402,45.669059],[25.62904,45.668975],[25.630078,45.668838],[25.630291,45.668812],[25.630376,45.668796],[25.630435,45.668779],[25.630562,45.668745]]},"properties":{"name":"Strada Zaharia Stancu"}},{"type":"Feature","geometry":{"type":"LineString","coordinates":[[25.631057,45.668637],[25.631244,45.668725],[25.631343,45.668767],[25.631513,45.668818],[25.631647,45.668833],[25.631777,45.668876]]},"properties":{"name":"Strada Zaharia Stancu"}},{"type":"Feature","geometry":{"type":"LineString","coordinates":[[25.637505,45.669291],[25.637415,45.669346],[25.637351,45.669379],[25.637305,45.669397],[25.637247,45.669411],[25.637185,45.669418],[25.637116,45.669416],[25.637014,45.669409],[25.636914,45.669403],[25.636715,45.669419]]},"properties":{"name":"Strada Zaharia Stancu"}},{"type":"Feature","geometry":{"type":"LineString","coordinates":[[25.637648,45.669491],[25.637523,45.669499],[25.637416,45.669502],[25.637189,45.669484],[25.637004,45.669468],[25.636901,45.669459],[25.636715,45.669419],[25.636625,45.669412],[25.634858,45.669292],[25.634281,45.669252],[25.634164,45.669244],[25.634045,45.669238],[25.633836,45.669213],[25.633818,45.669211],[25.633423,45.669129],[25.632934,45.669026],[25.632754,45.668989],[25.632349,45.668935],[25.632048,45.668902],[25.631962,45.668893],[25.631777,45.668876],[25.631611,45.668891],[25.631438,45.668883],[25.631333,45.668872],[25.631231,45.668866],[25.63111,45.66889]]},"properties":{"name":"Strada Zaharia Stancu"}},{"type":"Feature","geometry":{"type":"LineString","coordinates":[[25.630608,45.668902],[25.630499,45.668899],[25.630385,45.668897],[25.630245,45.668917],[25.629636,45.668997],[25.628933,45.669089],[25.628428,45.669155],[25.627683,45.669253],[25.625783,45.669502],[25.625264,45.66957],[25.6242,45.669709],[25.622935,45.669875],[25.622302,45.669957],[25.621549,45.670056],[25.62104,45.670121],[25.620855,45.670153],[25.620799,45.670167],[25.620723,45.670193]]},"properties":{"name":"Strada Zaharia Stancu"}},{"type":"Feature","geometry":{"type":"LineString","coordinates":[[25.616291,45.670808],[25.616168,45.670778],[25.6161,45.67078],[25.615888,45.670802],[25.61525,45.670886],[25.613674,45.671093],[25.612428,45.671262],[25.612271,45.671285],[25.612107,45.67132],[25.612034,45.671336],[25.611956,45.671367],[25.611815,45.671427]]},"properties":{"name":"Strada Zaharia Stancu"}},{"type":"Feature","geometry":{"type":"LineString","coordinates":[[25.620205,45.670262],[25.620082,45.670252],[25.620036,45.670253],[25.619886,45.670273],[25.618465,45.670476],[25.616777,45.670697],[25.616675,45.670724]]},"properties":{"name":"Strada Zaharia Stancu"}},{"type":"Feature","geometry":{"type":"LineString","coordinates":[[25.647769,45.675898],[25.647759,45.675794],[25.647756,45.675761]]},"properties":{"name":"Stație RAT Triaj - Peron 5"}},{"type":"Feature","geometry":{"type":"LineString","coordinates":[[25.647744,45.675632],[25.647739,45.675579]]},"properties":{"name":"Stație RAT Triaj - Peron 5"}},{"type":"Feature","geometry":{"type":"LineString","coordinates":[[25.6205,45.670349],[25.620523,45.670429],[25.62055,45.67052],[25.620683,45.671],[25.620743,45.671361],[25.620764,45.671447],[25.620943,45.672147],[25.621343,45.673622],[25.621409,45.67387]]},"properties":{"name":"Strada Tudor Arghezi"}},{"type":"Feature","geometry":{"type":"LineString","coordinates":[[25.621409,45.67387],[25.62086,45.673971],[25.620135,45.674101],[25.619781,45.674167],[25.619596,45.674203],[25.6191,45.674294],[25.618867,45.674338],[25.618747,45.674359],[25.618062,45.674483]]},"properties":{"name":"Strada Henri Coandă"}},{"type":"Feature","geometry":{"type":"LineString","coordinates":[[25.572019,45.666974],[25.571949,45.666944],[25.570584,45.666352],[25.57053,45.666329],[25.569279,45.665786],[25.56922,45.665761],[25.56864,45.665509],[25.568461,45.665431],[25.568146,45.665295],[25.568079,45.665266],[25.567524,45.665025],[25.567035,45.664813],[25.566689,45.664663],[25.566658,45.66465],[25.566569,45.664621],[25.566519,45.664605]]},"properties":{"name":"Strada Molnar Janos"}},{"type":"Feature","geometry":{"type":"LineString","coordinates":[[25.565736,45.665825],[25.565772,45.665806],[25.565782,45.665787],[25.565931,45.665523],[25.566022,45.665379]]},"properties":{"name":"Strada Pescărușului"}},{"type":"Feature","geometry":{"type":"LineString","coordinates":[[25.565736,45.665825],[25.565685,45.665826],[25.565608,45.665819],[25.565346,45.665785],[25.565143,45.665754],[25.564953,45.665729],[25.564655,45.665693],[25.564543,45.665679],[25.56415,45.665633],[25.564084,45.665625],[25.564057,45.665623],[25.563692,45.6656],[25.563572,45.665598],[25.563414,45.665609],[25.563374,45.665614],[25.563274,45.665627],[25.563175,45.665641],[25.563023,45.665658],[25.562633,45.665694],[25.562205,45.665722],[25.561725,45.665756],[25.56126,45.665783],[25.561151,45.66579],[25.560783,45.665807],[25.560728,45.665809],[25.560325,45.665834],[25.560259,45.665839],[25.559861,45.665864],[25.559436,45.665891],[25.559321,45.665899],[25.558979,45.665921],[25.558644,45.665942],[25.558518,45.66595],[25.558034,45.665982],[25.557972,45.665986],[25.557516,45.666015],[25.557438,45.66602],[25.557063,45.666039],[25.55673,45.666053],[25.556655,45.666056],[25.556587,45.666037]]},"properties":{"name":"Strada Pelicanului"}},{"type":"Feature","geometry":{"type":"LineString","coordinates":[[25.569863,45.659627],[25.570032,45.659737],[25.570062,45.659756],[25.570238,45.65987]]},"properties":{"name":"Stația RAT Stadionul Municipal - Peron 5"}},{"type":"Feature","geometry":{"type":"LineString","coordinates":[[25.588004,45.645696],[25.588179,45.645732],[25.588277,45.645751],[25.588564,45.645806]]},"properties":{"name":"Stația RAT Livada Poștei - Peron 2"}},{"type":"Feature","geometry":{"type":"LineString","coordinates":[[25.649821,45.618938],[25.64982,45.618888],[25.649823,45.618854],[25.649815,45.618817],[25.649801,45.618771],[25.649781,45.618734],[25.649744,45.618697],[25.64966,45.618645],[25.649561,45.618572]]},"properties":{"name":"Strada Lacurilor"}},{"type":"Feature","geometry":{"type":"LineString","coordinates":[[25.639967,45.615662],[25.640053,45.615629],[25.640138,45.615604],[25.640322,45.615566],[25.640513,45.615536],[25.640599,45.615525],[25.640761,45.615516],[25.640947,45.615512],[25.641133,45.615518],[25.641342,45.615534],[25.641518,45.615554],[25.642027,45.61561],[25.642457,45.615664],[25.642512,45.615674],[25.642753,45.615726],[25.643024,45.615797],[25.643435,45.615908],[25.643656,45.615969],[25.644195,45.616136],[25.64507,45.616409],[25.645218,45.616459],[25.645594,45.616593],[25.645691,45.616626],[25.645939,45.616712],[25.646094,45.616768],[25.646205,45.61681],[25.646303,45.61685],[25.646662,45.617019],[25.646754,45.617068],[25.647402,45.6174],[25.647804,45.617614],[25.648233,45.617842],[25.648479,45.617974],[25.648689,45.618083],[25.648836,45.618159],[25.649037,45.618273],[25.649216,45.618376],[25.649347,45.61845],[25.649561,45.618572],[25.6497,45.618614],[25.649791,45.61865],[25.649897,45.61871],[25.649981,45.618759],[25.650095,45.618811]]},"properties":{"name":"Strada Lacurilor"}},{"type":"Feature","geometry":{"type":"LineString","coordinates":[[25.639967,45.615662],[25.639859,45.615613],[25.639764,45.615581],[25.639581,45.615527],[25.639359,45.615473],[25.638832,45.615352],[25.636958,45.61498],[25.636215,45.614861],[25.635888,45.614849],[25.635611,45.614858],[25.635409,45.614852],[25.634892,45.614762],[25.634451,45.614648],[25.633951,45.614518],[25.63383,45.614485],[25.633667,45.614423],[25.633616,45.614403],[25.633333,45.614266],[25.633267,45.614238]]},"properties":{"name":"Strada Stejarului"}},{"type":"Feature","geometry":{"type":"LineString","coordinates":[[25.655825,45.607257],[25.655889,45.607186],[25.655967,45.607115],[25.656129,45.607015]]},"properties":{"name":"Strada Stejarului"}},{"type":"Feature","geometry":{"type":"LineString","coordinates":[[25.658738,45.604679],[25.658617,45.60472],[25.658515,45.604774],[25.658434,45.604825],[25.658341,45.604897],[25.658253,45.604986],[25.658159,45.605096],[25.657758,45.605578],[25.657402,45.605996],[25.65723,45.606193],[25.657054,45.606385],[25.656934,45.606489],[25.656814,45.606592],[25.656692,45.606678],[25.656284,45.606919],[25.656129,45.607015],[25.656153,45.607117],[25.656204,45.607234],[25.656258,45.607329],[25.656275,45.607354],[25.656321,45.607421],[25.656409,45.607524]]},"properties":{"name":"Strada Stejarului"}},{"type":"Feature","geometry":{"type":"LineString","coordinates":[[25.633267,45.614238],[25.633225,45.614233],[25.633184,45.614234],[25.633073,45.61427],[25.632957,45.614309],[25.632805,45.614343],[25.632563,45.614355],[25.632393,45.614338],[25.632351,45.614333],[25.632215,45.614323],[25.632052,45.614311],[25.631909,45.61433],[25.631769,45.614373],[25.631654,45.61443],[25.631404,45.614617],[25.631325,45.614671],[25.630914,45.615077],[25.63084,45.615142],[25.630676,45.615279],[25.630427,45.615483],[25.630335,45.615551],[25.630296,45.615639],[25.630283,45.615787],[25.630376,45.61625],[25.630429,45.616526],[25.630434,45.616963],[25.630439,45.617197],[25.63046,45.617305],[25.630496,45.617374],[25.630574,45.617448],[25.63066,45.61749],[25.630892,45.617554],[25.63108,45.617626],[25.631176,45.617686],[25.631262,45.617751],[25.631349,45.617818],[25.631475,45.617919],[25.631612,45.618003],[25.631769,45.618073],[25.632277,45.618271],[25.632385,45.618317],[25.632956,45.618677],[25.633359,45.618959],[25.633433,45.61902],[25.633485,45.619071],[25.633535,45.619144],[25.633577,45.619219],[25.633606,45.61929],[25.633655,45.619437],[25.633677,45.619513],[25.633829,45.619966],[25.633868,45.620078]]},"properties":{"name":"Strada Brazilor"}},{"type":"Feature","geometry":{"type":"LineString","coordinates":[[25.634057,45.620547],[25.634094,45.62063],[25.634125,45.6207],[25.6342,45.620843],[25.634276,45.62098],[25.634291,45.621004],[25.634362,45.621108],[25.634414,45.621176],[25.634485,45.621264],[25.634869,45.621709],[25.634957,45.621794],[25.635152,45.621983],[25.635228,45.62205],[25.635318,45.622118],[25.635344,45.622131],[25.635377,45.62215],[25.635553,45.622202],[25.635719,45.622251],[25.635808,45.622278]]},"properties":{"name":"Strada Brazilor"}},{"type":"Feature","geometry":{"type":"LineString","coordinates":[[25.633868,45.620078],[25.633989,45.620179],[25.634031,45.62029],[25.634082,45.620424],[25.634057,45.620547]]},"properties":{"name":"Stația RAT Noua - Peron 1"}},{"type":"Feature","geometry":{"type":"LineString","coordinates":[[25.63585,45.622277],[25.635908,45.622251],[25.635955,45.622224],[25.635997,45.622189],[25.636145,45.621994],[25.636359,45.62149],[25.636453,45.62127],[25.636634,45.62083],[25.636746,45.620559],[25.636771,45.620493],[25.636993,45.619917],[25.63721,45.619412],[25.637283,45.619258],[25.637357,45.619107],[25.637646,45.61855],[25.637699,45.618461],[25.637811,45.618282],[25.63806,45.61787],[25.638315,45.617511],[25.638383,45.617427],[25.638788,45.616935],[25.639362,45.616286],[25.639418,45.61622],[25.639651,45.615937],[25.639742,45.615833],[25.639816,45.615762],[25.639886,45.615708],[25.639967,45.615662]]},"properties":{"name":"Strada Prunului"}},{"type":"Feature","geometry":{"type":"LineString","coordinates":[[25.612058,45.660741],[25.612297,45.660783],[25.612356,45.660793],[25.61246,45.660811]]},"properties":{"name":"Stația RATBv Terminal Gară - Peron 6"}},{"type":"Feature","geometry":{"type":"LineString","coordinates":[[25.658738,45.604679],[25.658955,45.604631],[25.659907,45.604514],[25.659983,45.604505],[25.660572,45.604404]]},"properties":{"name":"Strada Bolnoc"}},{"type":"Feature","geometry":{"type":"LineString","coordinates":[[25.658899,45.612899],[25.658916,45.61298],[25.658945,45.613059],[25.658988,45.613138],[25.659047,45.613201],[25.659139,45.613255],[25.659226,45.613288],[25.659312,45.61331],[25.659404,45.613326],[25.659544,45.613342]]},"properties":{"name":"DN1A"}},{"type":"Feature","geometry":{"type":"LineString","coordinates":[[25.658348,45.61403],[25.658292,45.614032],[25.658237,45.614029],[25.658199,45.614025],[25.658121,45.614006],[25.658049,45.613976],[25.658008,45.61395],[25.657964,45.613916],[25.65792,45.613873],[25.657875,45.613808]]},"properties":{"name":"DN1A"}},{"type":"Feature","geometry":{"type":"LineString","coordinates":[[25.735169,45.602265],[25.73537,45.602172],[25.73558,45.602099],[25.735752,45.602049]]},"properties":{"name":"DN1A"}},{"type":"Feature","geometry":{"type":"LineString","coordinates":[[25.69178,45.616811],[25.69162,45.616907],[25.691148,45.617212],[25.690567,45.61756],[25.690459,45.617606],[25.690338,45.617638],[25.690236,45.617649],[25.689856,45.617671],[25.689701,45.61768],[25.689608,45.617689],[25.689558,45.617694],[25.689237,45.617733],[25.688978,45.61776],[25.68882,45.617768],[25.688658,45.617765],[25.688539,45.617752],[25.688416,45.617724],[25.688327,45.617694],[25.688223,45.617641],[25.688023,45.617526],[25.687903,45.617481],[25.687752,45.617467],[25.687523,45.617482],[25.687388,45.617503],[25.687253,45.617525],[25.686901,45.617596],[25.686406,45.617701],[25.685578,45.617878],[25.685288,45.617941],[25.685174,45.617963],[25.685115,45.617974],[25.684926,45.618004],[25.684767,45.618024],[25.684497,45.618045],[25.684334,45.618056],[25.683731,45.618101],[25.683,45.618151],[25.68247,45.618183],[25.68229,45.618192],[25.682145,45.618193],[25.68203,45.61819],[25.681927,45.618181],[25.681828,45.618163],[25.681739,45.618132],[25.681664,45.618094],[25.681613,45.61806],[25.68156,45.618016],[25.68128,45.617764],[25.681089,45.61758],[25.680954,45.617458],[25.68068,45.617234],[25.680483,45.617084],[25.680409,45.617031],[25.680285,45.61695],[25.680075,45.616819],[25.679825,45.616671],[25.679089,45.616269],[25.678928,45.616168],[25.678772,45.616057],[25.678593,45.615904],[25.678333,45.615664],[25.678159,45.615517],[25.677891,45.615283],[25.677547,45.615018],[25.677322,45.614875],[25.677232,45.614826],[25.677142,45.614783],[25.677027,45.614732],[25.67698,45.614716],[25.676888,45.614684],[25.676812,45.614658],[25.676608,45.614587],[25.676321,45.614483],[25.675982,45.614351],[25.675754,45.614256],[25.675534,45.614145],[25.675313,45.614014],[25.67515,45.61389],[25.674904,45.613667],[25.674803,45.613596],[25.674626,45.613493],[25.674487,45.613417],[25.674275,45.613317],[25.674059,45.61324],[25.673833,45.613173],[25.673617,45.613119],[25.673239,45.613035],[25.673033,45.612988],[25.672857,45.612943],[25.672664,45.612885],[25.672431,45.612803],[25.672134,45.612689],[25.67203,45.612664],[25.671932,45.61265],[25.671782,45.612647],[25.671414,45.612653],[25.671083,45.612661],[25.670606,45.612669],[25.66949,45.612683],[25.669059,45.612691],[25.668939,45.612693],[25.668804,45.61269],[25.668756,45.612688],[25.668634,45.612683],[25.668563,45.612675],[25.66845,45.612659],[25.668277,45.612638],[25.668066,45.612612],[25.66788,45.612599],[25.667683,45.612598],[25.667504,45.612605],[25.667297,45.612622],[25.667088,45.612641],[25.666716,45.612688],[25.666423,45.612719],[25.666123,45.612739],[25.665827,45.612755],[25.665481,45.61277],[25.665212,45.612785],[25.665075,45.612791],[25.66434,45.612821],[25.663752,45.612842],[25.663557,45.612849],[25.663235,45.612854],[25.662607,45.612867],[25.66251,45.612869],[25.662013,45.612878],[25.661688,45.61288],[25.661435,45.612888],[25.661314,45.612895],[25.661219,45.612907],[25.661115,45.612925],[25.660944,45.612967],[25.660732,45.613027],[25.660268,45.613157],[25.659757,45.613296],[25.65969,45.613311],[25.65962,45.613326],[25.659544,45.613342],[25.659408,45.613362],[25.659243,45.613376],[25.659054,45.613388],[25.658901,45.613402],[25.658792,45.613417],[25.658694,45.613437],[25.658573,45.613471],[25.658472,45.61351]]},"properties":{"name":"Bulevardul Brașovului"}},{"type":"Feature","geometry":{"type":"LineString","coordinates":[[25.65962,45.613326],[25.659629,45.613436],[25.659631,45.613511],[25.659627,45.613635],[25.659595,45.613994],[25.659495,45.614012],[25.659392,45.614031],[25.659291,45.614043],[25.659148,45.614049],[25.658975,45.614048],[25.658348,45.61403]]},"properties":{"name":"Strada Timiș"}},{"type":"Feature","geometry":{"type":"LineString","coordinates":[[25.657875,45.613808],[25.657889,45.613701],[25.657903,45.613647],[25.657926,45.613582],[25.658254,45.612828],[25.658288,45.61277],[25.65835,45.612685],[25.65846,45.612554],[25.658626,45.612383],[25.658673,45.612327],[25.65872,45.612252],[25.658744,45.612192],[25.658763,45.61213],[25.658795,45.611884],[25.658823,45.61167],[25.658926,45.611308]]},"properties":{"name":"Strada Timișul Sec (Centura Brașovului)"}},{"type":"Feature","geometry":{"type":"LineString","coordinates":[[25.65392,45.60713],[25.653732,45.607004],[25.653479,45.606835],[25.653373,45.606743],[25.653207,45.606581]]},"properties":{"name":"Strada Gării Dârste"}},{"type":"Feature","geometry":{"type":"LineString","coordinates":[[25.635438,45.634299],[25.635438,45.634357],[25.635438,45.634367],[25.635439,45.634491],[25.635439,45.634509],[25.635437,45.634627]]},"properties":{"name":"Stația RAT Saturn - Peron 1"}},{"type":"Feature","geometry":{"type":"LineString","coordinates":[[25.541327,45.685591],[25.541357,45.685552],[25.541493,45.685382],[25.541734,45.685114],[25.541931,45.684862],[25.54249,45.684142],[25.543179,45.68326],[25.543261,45.683152],[25.543298,45.683107],[25.543381,45.682992],[25.543514,45.682806],[25.543828,45.682394],[25.54435,45.681703],[25.544578,45.68143],[25.544699,45.681286],[25.545021,45.680922],[25.545531,45.680451],[25.545584,45.680402],[25.545769,45.680249],[25.545974,45.680118]]},"properties":{"name":"Strada Fundăturii"}},{"type":"Feature","geometry":{"type":"LineString","coordinates":[[25.558209,45.698194],[25.558166,45.698178],[25.557909,45.698082],[25.557377,45.69791],[25.556888,45.697762],[25.556535,45.697643],[25.556312,45.697544],[25.556101,45.697442],[25.555814,45.697284],[25.555481,45.69706],[25.552787,45.695039],[25.552716,45.694983],[25.552659,45.694926],[25.552589,45.69484],[25.552561,45.694719],[25.552536,45.694593],[25.552509,45.694441],[25.552399,45.693829],[25.55237,45.69367],[25.552349,45.693552],[25.55233,45.693458],[25.552225,45.693342],[25.552088,45.693268],[25.551935,45.693224],[25.551726,45.693183],[25.551473,45.693134],[25.55136,45.69311],[25.551252,45.693077],[25.551127,45.69301],[25.55099,45.692922],[25.550789,45.692793],[25.550391,45.692537],[25.549498,45.691933],[25.54937,45.691847],[25.549073,45.691615],[25.548757,45.691367],[25.548406,45.691091],[25.548051,45.690811],[25.54789,45.690684],[25.547608,45.690445],[25.547112,45.689976],[25.547007,45.689883],[25.545259,45.688187],[25.544843,45.687817],[25.544582,45.687575],[25.544411,45.687453],[25.542866,45.686503],[25.542222,45.68613],[25.541448,45.68567],[25.541408,45.685645],[25.541327,45.685591],[25.539963,45.68478],[25.539791,45.684706],[25.539605,45.684653],[25.539517,45.684643],[25.539405,45.684644],[25.53917,45.684675],[25.538914,45.684734],[25.538654,45.684791],[25.538353,45.684862],[25.538188,45.684934],[25.537999,45.685037],[25.53666,45.685877],[25.53625,45.686138],[25.534891,45.686981],[25.533693,45.687748],[25.533501,45.687883],[25.533386,45.687942],[25.533308,45.687969],[25.533222,45.687986]]},"properties":{"name":"Strada Albinelor"}},{"type":"Feature","geometry":{"type":"LineString","coordinates":[[25.558371,45.698268],[25.558469,45.698314],[25.558617,45.698391],[25.558809,45.698492],[25.559561,45.698863],[25.560257,45.699194],[25.56211,45.700125],[25.562226,45.700185],[25.563229,45.700689],[25.563823,45.700987],[25.563993,45.701072],[25.564418,45.701279],[25.564586,45.70136],[25.565415,45.701773],[25.565512,45.701822],[25.566272,45.702207],[25.566546,45.702343],[25.567012,45.702574],[25.568429,45.703285],[25.568656,45.703403],[25.570678,45.704415],[25.571542,45.704837],[25.571679,45.70491],[25.571872,45.705024],[25.571987,45.70512],[25.572142,45.705278],[25.57233,45.705471],[25.569735,45.708383],[25.569617,45.708517],[25.569592,45.708555],[25.569579,45.708601],[25.569572,45.70866],[25.569579,45.708719],[25.569598,45.708766],[25.569635,45.708811],[25.569899,45.709146],[25.569991,45.709264],[25.570058,45.709357],[25.570067,45.709381],[25.570088,45.709439],[25.570101,45.709475],[25.570117,45.709548],[25.570123,45.709614],[25.570124,45.709708],[25.570105,45.7098],[25.570034,45.709873],[25.569912,45.709938],[25.569588,45.710062],[25.569453,45.71011],[25.568785,45.710326],[25.568689,45.710356],[25.568621,45.710394],[25.568576,45.710442],[25.568533,45.710506],[25.568115,45.711442],[25.568111,45.711482],[25.568109,45.711506],[25.568128,45.711562],[25.568163,45.711615],[25.568222,45.711656],[25.569694,45.712267],[25.570752,45.71273],[25.570777,45.71274],[25.570862,45.712776],[25.571008,45.712839],[25.572638,45.713523],[25.572888,45.713623],[25.573749,45.713928],[25.574649,45.714235],[25.575052,45.714362],[25.575309,45.714441],[25.575496,45.714503],[25.575719,45.71455],[25.575956,45.714587],[25.576281,45.714622],[25.577182,45.714669],[25.577323,45.714677],[25.578438,45.714705],[25.578808,45.714716],[25.579149,45.714714],[25.579428,45.714691],[25.579505,45.714685]]},"properties":{"name":"Strada Fagurului"}},{"type":"Feature","geometry":{"type":"LineString","coordinates":[[25.57233,45.705471],[25.572535,45.705658],[25.572807,45.705881],[25.573191,45.706193],[25.573562,45.706463],[25.573614,45.706496],[25.57411,45.706786],[25.57522,45.707455],[25.575381,45.707549],[25.575501,45.707611],[25.575612,45.707642],[25.575837,45.707683],[25.576223,45.707732],[25.577328,45.707887],[25.577498,45.707912],[25.577769,45.707951],[25.578132,45.708006],[25.578804,45.708105],[25.579103,45.708148],[25.579158,45.708156],[25.579585,45.708221],[25.57994,45.708283],[25.580342,45.708344],[25.580411,45.708354]]},"properties":{"name":"Strada Fântânii"}},{"type":"Feature","geometry":{"type":"LineString","coordinates":[[25.580607,45.707103],[25.580546,45.707345],[25.580509,45.707587],[25.580474,45.707825],[25.580411,45.708354]]},"properties":{"name":"Calea Feldioarei"}},{"type":"Feature","geometry":{"type":"LineString","coordinates":[[25.583169,45.693454],[25.583203,45.693545],[25.58318,45.693848],[25.583141,45.694141],[25.583154,45.694263]]},"properties":{"name":"Calea Feldioarei"}},{"type":"Feature","geometry":{"type":"LineString","coordinates":[[25.583245,45.693215],[25.583315,45.692935],[25.583338,45.692836],[25.58335,45.692777],[25.583396,45.692489],[25.583458,45.692113],[25.583484,45.691974],[25.58351,45.69168],[25.583514,45.691617],[25.583509,45.691495],[25.583479,45.691238],[25.583223,45.689931],[25.5832,45.689822],[25.583143,45.689561],[25.583095,45.689342],[25.583007,45.688907],[25.582933,45.688543],[25.582888,45.688323],[25.58276,45.687716],[25.582688,45.687362],[25.582621,45.687065],[25.58259,45.686876],[25.582547,45.686662],[25.582516,45.686508],[25.58249,45.686305],[25.582419,45.685811],[25.582386,45.685617],[25.582356,45.685477],[25.582341,45.685399],[25.582339,45.685334],[25.582342,45.685299]]},"properties":{"name":"Calea Feldioarei"}},{"type":"Feature","geometry":{"type":"LineString","coordinates":[[25.582785,45.685296],[25.582781,45.685368],[25.582761,45.685446],[25.58272,45.685552],[25.582655,45.685749],[25.582634,45.685831],[25.582606,45.686067],[25.582609,45.686285],[25.582634,45.686517],[25.582678,45.686817],[25.582824,45.687576],[25.582877,45.687869],[25.582963,45.688284],[25.583095,45.688909],[25.583213,45.689467],[25.583312,45.689916],[25.583343,45.69005],[25.583354,45.690118],[25.583397,45.690305],[25.58347,45.690636],[25.583588,45.691241],[25.583616,45.691494],[25.58362,45.691669],[25.583604,45.691973],[25.583551,45.692309],[25.583503,45.692608],[25.583495,45.692668],[25.583458,45.692961],[25.583436,45.693128],[25.583431,45.693218]]},"properties":{"name":"Calea Feldioarei"}},{"type":"Feature","geometry":{"type":"LineString","coordinates":[[25.583381,45.693503],[25.583323,45.693624],[25.58326,45.693848],[25.583227,45.694053],[25.583214,45.694165],[25.583154,45.694263],[25.583095,45.694665],[25.583077,45.694832],[25.582979,45.695517],[25.582965,45.695632],[25.582852,45.696467],[25.58282,45.696661],[25.582791,45.696813],[25.582744,45.696979],[25.582665,45.697151],[25.582495,45.697458],[25.582169,45.697956],[25.582045,45.698148],[25.581924,45.698332],[25.581835,45.698478],[25.581396,45.699195],[25.581221,45.699539],[25.581094,45.69984],[25.580759,45.700887],[25.580742,45.700945],[25.580625,45.701359],[25.580567,45.701657],[25.58052,45.702018],[25.58048,45.702448],[25.580432,45.702993],[25.58037,45.703683],[25.580324,45.7042],[25.580311,45.704521],[25.580321,45.70479],[25.580349,45.705073],[25.580428,45.705597],[25.580442,45.705698],[25.580487,45.70599],[25.580505,45.706162],[25.580578,45.706733],[25.580597,45.706907],[25.580607,45.707103],[25.580648,45.707322],[25.580632,45.707532],[25.580614,45.707663]]},"properties":{"name":"Calea Feldioarei"}},{"type":"Feature","geometry":{"type":"LineString","coordinates":[[25.582306,45.685114],[25.582284,45.685074],[25.582266,45.685026],[25.582186,45.684593]]},"properties":{"name":"Calea Feldioarei"}},{"type":"Feature","geometry":{"type":"LineString","coordinates":[[25.577499,45.666772],[25.577555,45.666834],[25.577625,45.666977],[25.577683,45.667019]]},"properties":{"name":"Calea Feldioarei"}},{"type":"Feature","geometry":{"type":"LineString","coordinates":[[25.577644,45.666688],[25.577654,45.666796],[25.577658,45.666845],[25.577683,45.66693],[25.577683,45.667019],[25.577741,45.667131],[25.57784,45.667322],[25.578054,45.667732],[25.578267,45.668164],[25.578339,45.66831],[25.578401,45.668452],[25.578453,45.668596],[25.578502,45.668741],[25.578598,45.669062],[25.578685,45.669408],[25.578908,45.670217],[25.579009,45.670587],[25.579027,45.670652],[25.579127,45.671005],[25.579144,45.671065],[25.579162,45.671138],[25.579278,45.671526],[25.579393,45.671945],[25.579504,45.672362],[25.579605,45.672799],[25.579679,45.673153],[25.57977,45.673591],[25.57978,45.673638],[25.579787,45.673674],[25.579897,45.674208],[25.579909,45.674263],[25.580147,45.675388],[25.580186,45.675554],[25.580221,45.675712],[25.580312,45.676146],[25.580343,45.676294],[25.580517,45.677087],[25.58059,45.67744],[25.580893,45.678905],[25.581071,45.679705],[25.581291,45.6806],[25.58147,45.68132],[25.581553,45.681686],[25.581574,45.681778],[25.5816,45.681891],[25.581645,45.682087],[25.58167,45.682197],[25.581706,45.682355],[25.581718,45.682408],[25.581808,45.682802],[25.581902,45.683215],[25.582023,45.683744],[25.582098,45.684135],[25.582186,45.684593],[25.582492,45.684911],[25.582525,45.684949],[25.582557,45.684992]]},"properties":{"name":"Calea Feldioarei"}},{"type":"Feature","geometry":{"type":"LineString","coordinates":[[25.581744,45.749386],[25.581751,45.749335],[25.581788,45.749052]]},"properties":{"name":"Calea Feldioarei"}},{"type":"Feature","geometry":{"type":"LineString","coordinates":[[25.581766,45.748786],[25.581771,45.748865],[25.581774,45.748902],[25.581788,45.749052],[25.581867,45.748925],[25.581929,45.748834]]},"properties":{"name":"Calea Feldioarei"}},{"type":"Feature","geometry":{"type":"LineString","coordinates":[[25.581776,45.748659],[25.581762,45.748348],[25.581753,45.748165]]},"properties":{"name":"Calea Feldioarei"}},{"type":"Feature","geometry":{"type":"LineString","coordinates":[[25.582,45.748645],[25.581952,45.748551],[25.581874,45.748395],[25.581753,45.748165],[25.581682,45.747984],[25.581626,45.747856],[25.581525,45.747676],[25.581392,45.747471],[25.581275,45.747306],[25.581025,45.746965],[25.580896,45.746784],[25.580689,45.746474],[25.580412,45.746023],[25.580241,45.745718],[25.579962,45.74522],[25.57974,45.744825],[25.579471,45.744341],[25.579178,45.743815],[25.578829,45.743211],[25.578531,45.742682],[25.578435,45.742481],[25.578351,45.742296],[25.578277,45.742094],[25.578205,45.741856],[25.578153,45.741629],[25.578115,45.741443],[25.578082,45.741131],[25.578049,45.740829],[25.578017,45.740616],[25.577995,45.740326],[25.577938,45.739718],[25.577874,45.739128],[25.577827,45.738593],[25.577776,45.73805],[25.577722,45.737501],[25.577679,45.737002],[25.577623,45.736395],[25.577572,45.735798],[25.577537,45.735012],[25.577529,45.734598],[25.577506,45.733989],[25.577479,45.733561],[25.57746,45.733307],[25.577441,45.733033],[25.577422,45.732721],[25.577379,45.732212],[25.577338,45.731712],[25.577297,45.731211],[25.577286,45.731092],[25.577266,45.730844],[25.577252,45.730594],[25.577252,45.730385],[25.577269,45.730133],[25.577298,45.72997],[25.577348,45.729716],[25.577365,45.729638],[25.577449,45.729229],[25.577573,45.728716],[25.577728,45.728045],[25.57789,45.727373],[25.578154,45.726286],[25.578353,45.725525],[25.578759,45.724043],[25.57903,45.723032],[25.579093,45.722804],[25.579187,45.722449],[25.579283,45.722107],[25.579367,45.721771],[25.579591,45.720965],[25.579689,45.720616],[25.579792,45.720245],[25.579907,45.719875],[25.580034,45.719496],[25.580104,45.719256],[25.580143,45.719083],[25.580182,45.718893],[25.580222,45.718678],[25.580233,45.718594],[25.58024,45.718518],[25.580251,45.718364],[25.580257,45.718156],[25.580256,45.71799],[25.580241,45.717829],[25.580198,45.717547],[25.580091,45.717074],[25.579992,45.716698],[25.579862,45.716212],[25.579717,45.71564],[25.579611,45.715178],[25.579505,45.714685],[25.579478,45.714517],[25.579454,45.714293],[25.579442,45.714133],[25.579446,45.713974],[25.579456,45.713828],[25.579478,45.713668],[25.579563,45.71321],[25.579606,45.712961],[25.579643,45.712734],[25.579683,45.712555],[25.579703,45.712481],[25.579806,45.712043],[25.579858,45.711814],[25.579878,45.711735],[25.58004,45.710974],[25.580226,45.710019],[25.580304,45.709623],[25.580337,45.709428]]},"properties":{"name":"Calea Feldioarei"}},{"type":"Feature","geometry":{"type":"LineString","coordinates":[[25.580614,45.707663],[25.580533,45.70784],[25.580493,45.708201],[25.580477,45.708308],[25.580475,45.708325],[25.580468,45.708335],[25.58045,45.708343],[25.580411,45.708354],[25.580367,45.708794],[25.580315,45.709243],[25.580337,45.709428],[25.580418,45.709255],[25.580453,45.709105],[25.580503,45.708761],[25.580533,45.708459],[25.580578,45.707998],[25.580605,45.707752],[25.580614,45.707663]]},"properties":{"name":"Calea Feldioarei"}},{"type":"Feature","geometry":{"type":"LineString","coordinates":[[25.588588,45.645536],[25.588463,45.645509],[25.588102,45.645558],[25.587672,45.645618],[25.587635,45.645653],[25.587612,45.645694]]},"properties":{"name":"Stația RAT Livada Poștei - Peron 6"}},{"type":"Feature","geometry":{"type":"LineString","coordinates":[[25.588588,45.645536],[25.588659,45.645557],[25.588761,45.645589],[25.588874,45.645608],[25.58912,45.645663],[25.589222,45.6457]]},"properties":{"name":"Stația Livada Poștei"}},{"type":"Feature","geometry":{"type":"LineString","coordinates":[[25.587876,45.645976],[25.587775,45.645984],[25.587632,45.646015],[25.587445,45.646077],[25.587426,45.646085],[25.587373,45.646096]]},"properties":{"name":"Strada Șirul Livezii"}},{"type":"Feature","geometry":{"type":"LineString","coordinates":[[25.583841,45.647949],[25.584059,45.647848],[25.586249,45.646692],[25.587373,45.646096],[25.587405,45.646066],[25.587421,45.646054],[25.587521,45.645992],[25.587614,45.645948],[25.587699,45.64592],[25.587821,45.645896]]},"properties":{"name":"Strada Șirul Livezii"}},{"type":"Feature","geometry":{"type":"LineString","coordinates":[[25.583841,45.647949],[25.583603,45.648034],[25.583449,45.648079],[25.583335,45.648102],[25.583237,45.648107],[25.58313,45.648096],[25.583037,45.648074],[25.582938,45.648031],[25.582871,45.647987],[25.58282,45.647936],[25.582786,45.647887],[25.582766,45.647828],[25.582757,45.647768],[25.58277,45.647711],[25.582794,45.647647],[25.582829,45.647594],[25.582916,45.647498],[25.583033,45.647405],[25.583234,45.647288],[25.583562,45.647084],[25.583635,45.647041],[25.583708,45.646999],[25.583755,45.646977],[25.583965,45.646849],[25.584173,45.646706],[25.584339,45.64657],[25.584503,45.646431],[25.584669,45.646274],[25.58477,45.646172],[25.584857,45.646061],[25.584998,45.645876],[25.585146,45.645665],[25.58617,45.643805],[25.586237,45.643652],[25.58629,45.643483],[25.586301,45.643424],[25.586311,45.643372],[25.586311,45.643299],[25.586294,45.643216],[25.586242,45.643152],[25.586173,45.643076],[25.586067,45.643012],[25.585957,45.642967],[25.58585,45.642936],[25.585735,45.642924],[25.585623,45.642927],[25.585465,45.642938],[25.585015,45.642991],[25.584868,45.643],[25.584737,45.642995],[25.584642,45.642977],[25.584575,45.642957],[25.584527,45.642933],[25.584468,45.642902],[25.584415,45.642869],[25.58435,45.6428],[25.584316,45.642731],[25.584298,45.64266],[25.58431,45.64258],[25.584329,45.642502],[25.584422,45.642335],[25.584518,45.642128],[25.584536,45.642072],[25.584536,45.642025],[25.584503,45.641986],[25.584465,45.641964],[25.584403,45.641942],[25.58434,45.641937],[25.58429,45.641949],[25.584241,45.641967],[25.584187,45.642007],[25.584124,45.642062],[25.584013,45.642169],[25.583889,45.642291],[25.583821,45.642353],[25.583719,45.642436],[25.583562,45.642559],[25.583383,45.642686],[25.582592,45.643199],[25.58209,45.643524],[25.581614,45.643842],[25.581114,45.644169],[25.580905,45.644305],[25.580743,45.64441],[25.580632,45.644491],[25.580524,45.64458],[25.580416,45.644685],[25.580359,45.644764],[25.580323,45.644828],[25.580304,45.64489],[25.580279,45.644989],[25.580257,45.645094],[25.580202,45.645422],[25.580174,45.645547],[25.580142,45.645649],[25.580093,45.645737],[25.580031,45.64581],[25.579944,45.645869],[25.579844,45.645908],[25.579733,45.645938],[25.579621,45.645958],[25.57948,45.64596],[25.579343,45.64594],[25.57922,45.645915],[25.579083,45.64588],[25.578714,45.645797],[25.578573,45.64578],[25.578442,45.645776],[25.578279,45.645784],[25.578134,45.645809],[25.578006,45.645839],[25.577793,45.6459],[25.57724,45.64609],[25.577046,45.646154],[25.576863,45.646208]]},"properties":{"name":"Calea Poienii"}},{"type":"Feature","geometry":{"type":"LineString","coordinates":[[25.576863,45.646208],[25.576759,45.646234],[25.576738,45.646236],[25.57661,45.64625],[25.576495,45.646255],[25.576346,45.646254],[25.576193,45.646237],[25.576045,45.646213],[25.575879,45.646177],[25.575731,45.646125],[25.575565,45.646045],[25.575426,45.645963],[25.575289,45.645858],[25.575124,45.645722],[25.574979,45.645591],[25.574761,45.645389],[25.574655,45.645288],[25.574547,45.645201],[25.574447,45.645129],[25.574328,45.645061],[25.574187,45.645003],[25.574064,45.644967],[25.573927,45.64495],[25.573751,45.644943],[25.57319,45.644954],[25.572983,45.644949],[25.572798,45.644923],[25.572648,45.644891],[25.572487,45.644846],[25.571622,45.644533],[25.571181,45.644376],[25.570879,45.644269],[25.570665,45.644192],[25.570247,45.644058],[25.569993,45.643978],[25.569706,45.643907],[25.569411,45.643845],[25.568905,45.64377],[25.568346,45.643699],[25.568102,45.64366],[25.567987,45.643632],[25.567911,45.643608],[25.567823,45.643571],[25.567706,45.64351],[25.567453,45.643354],[25.567217,45.643197],[25.567118,45.64314],[25.567012,45.643087],[25.566832,45.643022],[25.566678,45.642983],[25.566496,45.642945],[25.566323,45.642919],[25.565698,45.642856],[25.565523,45.642839],[25.56535,45.642821],[25.565176,45.642799],[25.565008,45.642766],[25.564798,45.642702],[25.564683,45.642652],[25.56459,45.642605],[25.564481,45.642536],[25.564387,45.642455],[25.564189,45.642256],[25.564074,45.642143],[25.563961,45.642044],[25.563858,45.641969],[25.563712,45.641887],[25.563586,45.64184],[25.563469,45.641807],[25.563331,45.641784],[25.563191,45.641772],[25.563051,45.641779],[25.562914,45.641797],[25.562795,45.641819],[25.562662,45.641857],[25.562548,45.641898],[25.562463,45.64194],[25.562387,45.641981],[25.562122,45.642167],[25.561902,45.642334],[25.561821,45.642375],[25.561727,45.6424],[25.561611,45.642405],[25.561504,45.642389],[25.561403,45.642341],[25.561344,45.642289],[25.56131,45.642237],[25.561279,45.64216],[25.561268,45.642096],[25.561268,45.641984],[25.561336,45.641157],[25.56136,45.640984],[25.56139,45.640836],[25.561426,45.64073],[25.561472,45.640619],[25.561537,45.640501],[25.561626,45.640358],[25.56172,45.640239],[25.561797,45.640156],[25.56192,45.640042],[25.562097,45.639921],[25.562563,45.639649],[25.562732,45.639546],[25.562877,45.639442],[25.562976,45.639359],[25.563074,45.639253],[25.56316,45.639134],[25.563217,45.639018],[25.563367,45.63864],[25.563409,45.638551],[25.563464,45.638457],[25.563527,45.638375],[25.563604,45.638303],[25.563705,45.638228],[25.563831,45.638136],[25.564045,45.638002],[25.564178,45.637904],[25.564245,45.637846],[25.564298,45.637782],[25.564335,45.637732],[25.564377,45.637657],[25.564404,45.637573],[25.564552,45.636721],[25.5646,45.63643],[25.564654,45.636105],[25.564709,45.635792],[25.564728,45.635618],[25.564725,45.635512],[25.564713,45.635398],[25.564683,45.635289],[25.564644,45.635189],[25.564595,45.635085],[25.564518,45.634962],[25.564468,45.634874],[25.564428,45.634777],[25.564411,45.634695],[25.564415,45.634622],[25.564431,45.634548],[25.564457,45.634473],[25.56461,45.634169],[25.564649,45.634088],[25.564681,45.634002],[25.564699,45.633918],[25.564699,45.633842],[25.564689,45.633769],[25.564651,45.633668],[25.564591,45.63359],[25.564519,45.633521],[25.564436,45.633466],[25.56431,45.633413],[25.564224,45.633386],[25.564124,45.633367],[25.564023,45.633355],[25.563857,45.633347],[25.563626,45.633347]]},"properties":{"name":"Strada Stejerișului"}},{"type":"Feature","geometry":{"type":"LineString","coordinates":[[25.563626,45.633347],[25.562994,45.633347],[25.562647,45.633347],[25.561742,45.633351],[25.56104,45.633362],[25.56087,45.633355],[25.560736,45.633339],[25.560642,45.633316],[25.560573,45.633292],[25.560506,45.63324],[25.560482,45.633179],[25.560494,45.633117],[25.560551,45.633056],[25.560584,45.633038],[25.560675,45.63301],[25.560778,45.632994],[25.561059,45.63297],[25.561417,45.63294],[25.561514,45.632927],[25.561619,45.632904],[25.561708,45.632874],[25.56179,45.632834],[25.561844,45.632797],[25.561899,45.632745],[25.561932,45.632692],[25.56194,45.632625],[25.561927,45.632562],[25.56189,45.632517],[25.561838,45.632484],[25.561782,45.632464],[25.561675,45.632447],[25.561583,45.632445],[25.561479,45.632455],[25.561067,45.632508],[25.560899,45.632527],[25.560763,45.632536],[25.560605,45.632534],[25.560474,45.632526],[25.560338,45.632505],[25.559833,45.632399],[25.558987,45.632188],[25.558853,45.632142],[25.558765,45.6321],[25.558693,45.632049],[25.558634,45.631988],[25.558591,45.631904],[25.558563,45.631825],[25.558548,45.631741],[25.558559,45.631667],[25.558596,45.631578],[25.558652,45.631502],[25.558758,45.631413],[25.558899,45.631342],[25.559104,45.631265],[25.559229,45.631215],[25.559311,45.631171],[25.55937,45.631119],[25.5594,45.631079],[25.559415,45.631028],[25.559412,45.630969],[25.559385,45.630918],[25.559335,45.630879],[25.559256,45.63085],[25.559156,45.630833],[25.559065,45.630834],[25.558964,45.630848],[25.558833,45.630879],[25.558706,45.630932],[25.55858,45.630998],[25.558464,45.63107],[25.55831,45.631192],[25.558213,45.631298],[25.558137,45.6314],[25.558076,45.631509],[25.558018,45.631659],[25.557935,45.631814],[25.557889,45.631876],[25.557837,45.631918],[25.557755,45.631947],[25.557663,45.631953],[25.557585,45.631932],[25.557532,45.63189],[25.55751,45.631828],[25.55753,45.631753],[25.557563,45.631698],[25.557605,45.631641],[25.557711,45.631528],[25.557939,45.63128],[25.558022,45.631168],[25.558053,45.631081],[25.558058,45.63101],[25.558048,45.630937],[25.558023,45.630868],[25.557982,45.630808],[25.557916,45.630746],[25.557802,45.63066],[25.557622,45.630535],[25.557446,45.630403],[25.557384,45.630335],[25.557332,45.630245],[25.557305,45.630155],[25.557301,45.630055],[25.557316,45.629981],[25.557347,45.629905],[25.557431,45.629813],[25.557546,45.62974],[25.557732,45.62965],[25.557951,45.629554],[25.558084,45.629495],[25.558183,45.629437],[25.558265,45.629374],[25.558336,45.6293],[25.55839,45.629216],[25.558432,45.629119],[25.558452,45.629017],[25.558514,45.62858],[25.558642,45.6277],[25.558651,45.62756],[25.558614,45.627438],[25.558532,45.627325],[25.558427,45.62724],[25.558325,45.627183],[25.558152,45.627132],[25.55802,45.627112],[25.557877,45.62712],[25.557754,45.62715],[25.557653,45.627185],[25.557558,45.627231],[25.557442,45.627319],[25.557339,45.627414],[25.557251,45.627519],[25.557117,45.627711],[25.556984,45.627909],[25.556893,45.628065],[25.556786,45.628222],[25.556681,45.628349],[25.556565,45.628446],[25.556415,45.62854],[25.556246,45.62861],[25.556085,45.62865],[25.555901,45.628677],[25.555765,45.628686],[25.555631,45.628684],[25.555502,45.628673],[25.555375,45.628654],[25.555235,45.628621],[25.555094,45.628572],[25.554671,45.628413],[25.554488,45.628345],[25.55433,45.62829],[25.554173,45.628246],[25.554055,45.628222],[25.553931,45.628207],[25.553773,45.628208],[25.553627,45.628225],[25.553484,45.628257],[25.553354,45.628297],[25.553236,45.628341],[25.553084,45.62841],[25.552873,45.628523],[25.552425,45.628755],[25.552172,45.628869],[25.552051,45.628917],[25.551892,45.628966],[25.551778,45.628991],[25.551646,45.62901],[25.551498,45.629016],[25.551352,45.629006],[25.551209,45.628991],[25.551046,45.628961],[25.55092,45.628927],[25.550794,45.628882],[25.55064,45.628798],[25.550502,45.628709],[25.550362,45.628559],[25.55027,45.62841],[25.550231,45.628286],[25.550215,45.628135],[25.550216,45.627979],[25.550214,45.627749],[25.550203,45.626675],[25.550197,45.626063],[25.550203,45.625878],[25.550211,45.625707],[25.550232,45.62556],[25.550267,45.625435],[25.550325,45.625301],[25.550589,45.624788],[25.55064,45.62469],[25.550686,45.624563],[25.550714,45.624447],[25.550723,45.624298],[25.550696,45.624128],[25.550657,45.624013],[25.550605,45.623902],[25.550539,45.623804],[25.55045,45.623703],[25.550353,45.623621],[25.550219,45.623536],[25.550067,45.623456],[25.549819,45.623362],[25.549577,45.623278],[25.549246,45.62316],[25.548689,45.622971],[25.547856,45.622682],[25.54764,45.622619],[25.547466,45.62258],[25.547281,45.622546],[25.547116,45.622521],[25.546951,45.62251],[25.546771,45.62251],[25.546567,45.62253],[25.546373,45.622562],[25.545827,45.622694],[25.545665,45.622729],[25.545557,45.622747],[25.545447,45.622754],[25.545292,45.62275],[25.545195,45.622732],[25.545112,45.622701],[25.545034,45.622662],[25.544969,45.622604],[25.544919,45.622546],[25.544857,45.622444],[25.544771,45.6223],[25.544694,45.622153],[25.544588,45.622013],[25.544481,45.621924],[25.544365,45.621863],[25.544244,45.621823],[25.544123,45.621801],[25.543563,45.621745],[25.543399,45.621723],[25.543271,45.621683],[25.543182,45.621622],[25.543115,45.621552],[25.543071,45.621484],[25.543049,45.62141],[25.543042,45.621338],[25.543043,45.621237],[25.543047,45.62107],[25.543047,45.620925],[25.543045,45.620829],[25.543038,45.620735],[25.543016,45.62064],[25.542861,45.620184],[25.542839,45.620066],[25.542845,45.619945],[25.542865,45.619852],[25.542896,45.61977],[25.542947,45.619687],[25.543018,45.619604],[25.543111,45.619509],[25.543157,45.619459],[25.543468,45.619128],[25.544097,45.618437],[25.544421,45.618067],[25.544556,45.617892],[25.544725,45.617695],[25.544855,45.617571],[25.544979,45.61748],[25.545103,45.617407],[25.545236,45.617349],[25.545383,45.617296],[25.545964,45.617123],[25.546146,45.617066],[25.546314,45.617003],[25.54649,45.61692],[25.546629,45.616835],[25.546751,45.616743],[25.546844,45.616654],[25.546931,45.61655],[25.546996,45.616456],[25.54704,45.616369],[25.547071,45.616262],[25.547084,45.616145],[25.547083,45.616035],[25.547072,45.615935],[25.547025,45.615681],[25.547004,45.615581],[25.546908,45.615104],[25.546841,45.61475],[25.546701,45.613911],[25.546632,45.613475],[25.546595,45.613189],[25.546592,45.61304],[25.546605,45.612883],[25.546637,45.612714],[25.546704,45.612527],[25.546799,45.612357],[25.546928,45.612177],[25.547076,45.612026],[25.547281,45.611857],[25.547477,45.611726],[25.547699,45.611608],[25.547939,45.611508],[25.548193,45.611425],[25.548466,45.61136],[25.548735,45.611322],[25.549039,45.611301],[25.550014,45.61127],[25.550604,45.611249],[25.550931,45.611237],[25.551137,45.61122],[25.551275,45.611202],[25.551424,45.611175],[25.551534,45.611149]]},"properties":{"name":"DN1E"}},{"type":"Feature","geometry":{"type":"LineString","coordinates":[[25.551534,45.611149],[25.551668,45.611111],[25.551776,45.611073],[25.551878,45.611033],[25.552001,45.610978],[25.552122,45.610915],[25.552192,45.610873],[25.552274,45.610815],[25.552356,45.610744],[25.552451,45.61064],[25.552536,45.610534],[25.552614,45.610417],[25.552701,45.610271],[25.552854,45.610012]]},"properties":{"name":"Strada Poiana Soarelui"}},{"type":"Feature","geometry":{"type":"LineString","coordinates":[[25.553228,45.609173],[25.553208,45.609241],[25.55319,45.609293],[25.553165,45.609355],[25.553119,45.609454],[25.552854,45.610012],[25.552938,45.60988],[25.553394,45.609184]]},"properties":{"name":"Strada Poiana Soarelui"}},{"type":"Feature","geometry":{"type":"LineString","coordinates":[[25.553311,45.609015],[25.553373,45.608977],[25.553417,45.608943],[25.553461,45.6089],[25.55354,45.608806],[25.553845,45.608452],[25.553937,45.608346]]},"properties":{"name":"Strada Poiana Soarelui"}},{"type":"Feature","geometry":{"type":"LineString","coordinates":[[25.553654,45.594926],[25.553633,45.594988],[25.553612,45.595046],[25.55338,45.595528],[25.553308,45.59567],[25.553077,45.596156],[25.552735,45.596924],[25.552476,45.597493],[25.552375,45.5977],[25.551747,45.598758],[25.55167,45.598892],[25.551633,45.598992],[25.551622,45.599086],[25.551633,45.599165],[25.551668,45.599247],[25.551713,45.599313],[25.55178,45.599371],[25.551887,45.599433],[25.552038,45.599501],[25.552185,45.599544],[25.552451,45.599615],[25.552658,45.599692],[25.552837,45.599776],[25.552934,45.599851],[25.552988,45.599927],[25.553025,45.600011],[25.553036,45.600077],[25.553025,45.600146],[25.552995,45.600242],[25.552942,45.600333],[25.552752,45.600578],[25.552682,45.60067],[25.552643,45.600755],[25.552623,45.600823],[25.552614,45.600894],[25.552615,45.601021],[25.552708,45.60133],[25.553017,45.602277],[25.553052,45.602372],[25.553099,45.602462],[25.553153,45.602541],[25.553225,45.602607],[25.553311,45.602662],[25.553522,45.602753],[25.553699,45.6028],[25.553888,45.602833],[25.554326,45.602892],[25.554507,45.602923],[25.554678,45.602961],[25.554836,45.603],[25.55497,45.603065],[25.555067,45.603143],[25.555129,45.603218],[25.55516,45.603299],[25.555154,45.603394],[25.555137,45.60347],[25.55509,45.60359],[25.554723,45.604333],[25.554438,45.604903],[25.554303,45.605179],[25.554237,45.605333],[25.554188,45.605487],[25.554161,45.605644],[25.554158,45.605818],[25.554171,45.605946],[25.554195,45.60609],[25.554456,45.607064],[25.554473,45.607149],[25.554481,45.607234],[25.554484,45.607312],[25.554476,45.607388],[25.554461,45.607477],[25.554447,45.607528],[25.554418,45.607602],[25.554369,45.60769],[25.554285,45.607821],[25.554217,45.607925],[25.55416,45.608012],[25.554101,45.608102],[25.554004,45.608248],[25.553937,45.608346],[25.553645,45.60879],[25.5535,45.609026],[25.553449,45.609111]]},"properties":{"name":"Strada Poiana Soarelui"}},{"type":"Feature","geometry":{"type":"LineString","coordinates":[[25.553654,45.594926],[25.553532,45.59492],[25.553517,45.59492],[25.553473,45.594954],[25.553398,45.594959],[25.553225,45.594951],[25.553061,45.594942],[25.552905,45.594933],[25.552738,45.594915],[25.552709,45.594896]]},"properties":{"name":"Strada Poiana lui Neagoe"}},{"type":"Feature","geometry":{"type":"LineString","coordinates":[[25.587821,45.645896],[25.587678,45.645833],[25.587644,45.645794],[25.587626,45.645753],[25.587612,45.645694]]},"properties":{"name":"Strada După Ziduri"}},{"type":"Feature","geometry":{"type":"LineString","coordinates":[[25.635567,45.634371],[25.635566,45.63442],[25.635567,45.634433],[25.635566,45.634561],[25.635566,45.634579],[25.635571,45.634704]]},"properties":{"name":"Stația RAT Saturn - Peron 3"}},{"type":"Feature","geometry":{"type":"LineString","coordinates":[[25.647606,45.675797],[25.647595,45.675698],[25.647591,45.675656]]},"properties":{"name":"Stație RAT Triaj - Peron 3"}},{"type":"Feature","geometry":{"type":"LineString","coordinates":[[25.647577,45.675534],[25.64757,45.675473]]},"properties":{"name":"Stație RAT Triaj - Peron 3"}},{"type":"Feature","geometry":{"type":"LineString","coordinates":[[25.58183,45.664442],[25.581925,45.664286],[25.582083,45.664146],[25.582542,45.663741],[25.582831,45.663508],[25.582939,45.663421],[25.583078,45.663309],[25.583351,45.663089],[25.583377,45.663068],[25.583581,45.662903],[25.583918,45.662616],[25.584287,45.662281],[25.584467,45.662101],[25.584691,45.661834],[25.584751,45.66176],[25.585041,45.661352],[25.585158,45.661175],[25.585297,45.660911],[25.585432,45.660644],[25.585596,45.66033],[25.585869,45.659868],[25.585958,45.659728],[25.586012,45.659658],[25.586344,45.659165],[25.586402,45.659095],[25.586485,45.658995],[25.586768,45.658685],[25.586828,45.658626],[25.58703,45.65841],[25.587236,45.658245],[25.587318,45.658182],[25.587489,45.65808],[25.587957,45.657806],[25.588181,45.657665],[25.58821,45.657645]]},"properties":{"name":"Strada Avram Iancu"}},{"type":"Feature","geometry":{"type":"LineString","coordinates":[[25.588439,45.657492],[25.588369,45.657535],[25.588324,45.657562],[25.588258,45.657608],[25.58821,45.657645],[25.588286,45.657633],[25.588362,45.657627],[25.58841,45.657626],[25.58847,45.657629],[25.588502,45.657634],[25.588539,45.657642]]},"properties":{"name":"Strada Avram Iancu"}},{"type":"Feature","geometry":{"type":"LineString","coordinates":[[25.588548,45.657394],[25.588829,45.657193]]},"properties":{"name":"Strada Avram Iancu"}},{"type":"Feature","geometry":{"type":"LineString","coordinates":[[25.593968,45.653298],[25.593626,45.653594],[25.593505,45.653699],[25.592949,45.65418],[25.592412,45.654623],[25.59207,45.654902],[25.591978,45.65497],[25.591828,45.655081],[25.591691,45.655178],[25.590967,45.655674],[25.590724,45.655834],[25.590029,45.656316],[25.589269,45.656883],[25.589157,45.656961],[25.588829,45.657193],[25.588757,45.657293],[25.588744,45.657322],[25.588742,45.657348],[25.588749,45.657383],[25.588765,45.657415]]},"properties":{"name":"Strada Avram Iancu"}},{"type":"Feature","geometry":{"type":"LineString","coordinates":[[25.68442,45.713677],[25.684432,45.713851],[25.684438,45.713993],[25.684441,45.714068],[25.684449,45.714244],[25.684451,45.714289],[25.684455,45.714649],[25.684437,45.714707],[25.684407,45.714745],[25.684328,45.714792],[25.684251,45.714817],[25.684155,45.714832],[25.684034,45.714837],[25.6839,45.714838],[25.683715,45.714828],[25.683544,45.71481],[25.683362,45.714783],[25.682655,45.714673],[25.682418,45.714638],[25.68239,45.714633],[25.682267,45.714611],[25.681225,45.714429],[25.680701,45.714338],[25.679468,45.714113],[25.679133,45.714047],[25.678096,45.713858],[25.676884,45.713638],[25.676593,45.713587]]},"properties":{"name":"Strada Avram Iancu"}},{"type":"Feature","geometry":{"type":"LineString","coordinates":[[25.674175,45.719331],[25.674427,45.718705],[25.675113,45.716947],[25.67529,45.716487],[25.675583,45.715789],[25.675667,45.715569],[25.675738,45.715336],[25.676011,45.714361],[25.676061,45.714178],[25.676194,45.713748]]},"properties":{"name":"Strada Avram Iancu"}},{"type":"Feature","geometry":{"type":"LineString","coordinates":[[25.676194,45.713748],[25.676302,45.713639],[25.676385,45.713604],[25.676464,45.713594],[25.676593,45.713587],[25.67649,45.713519],[25.676419,45.713448],[25.676348,45.713367],[25.676287,45.71325],[25.676251,45.713512],[25.676236,45.713598],[25.676194,45.713748]]},"properties":{"name":"Strada Avram Iancu"}},{"type":"Feature","geometry":{"type":"LineString","coordinates":[[25.593968,45.653298],[25.594088,45.653194],[25.594594,45.652762],[25.594705,45.652667],[25.594824,45.65256],[25.594875,45.65251],[25.594921,45.652461],[25.594965,45.652406],[25.595055,45.65229],[25.595489,45.651681],[25.5955,45.651665],[25.59553,45.651621],[25.595566,45.651572],[25.595606,45.651519],[25.595778,45.651328],[25.596002,45.651104],[25.59603,45.651076],[25.596459,45.650732],[25.596995,45.650299],[25.597054,45.650251],[25.59719,45.650141]]},"properties":{"name":"Strada Alexandru Ioan Cuza"}},{"type":"Feature","geometry":{"type":"LineString","coordinates":[[25.597327,45.649952],[25.597295,45.649996],[25.59719,45.650141],[25.597449,45.650004]]},"properties":{"name":"Strada Alexandru Ioan Cuza"}},{"type":"Feature","geometry":{"type":"LineString","coordinates":[[25.597499,45.649829],[25.597619,45.649781],[25.597679,45.64975],[25.597927,45.649602],[25.598149,45.649461],[25.598226,45.649406],[25.598376,45.649289],[25.59844,45.649237],[25.598557,45.649144],[25.598709,45.648998],[25.59876,45.648925],[25.598777,45.648868],[25.59878,45.648801],[25.598764,45.648762],[25.59876,45.648752],[25.598728,45.648704],[25.598654,45.64863]]},"properties":{"name":"Strada Alexandru Ioan Cuza"}},{"type":"Feature","geometry":{"type":"LineString","coordinates":[[25.599337,45.648894],[25.599171,45.648894],[25.599116,45.648898],[25.599105,45.648899],[25.59904,45.648911],[25.598969,45.648928],[25.598785,45.649055],[25.598506,45.649286],[25.598295,45.649447],[25.597995,45.649645],[25.597636,45.649885],[25.597576,45.649925]]},"properties":{"name":"Strada Alexandru Ioan Cuza"}},{"type":"Feature","geometry":{"type":"LineString","coordinates":[[25.598489,45.648155],[25.598544,45.648035],[25.598609,45.647892],[25.598665,45.647794],[25.599008,45.647247],[25.599078,45.647105],[25.599103,45.647051],[25.599149,45.646947],[25.599246,45.646359],[25.599308,45.646094],[25.59935,45.645947],[25.59936,45.645916],[25.599368,45.645889],[25.599379,45.645864],[25.599534,45.645783]]},"properties":{"name":"Strada Vlad Țepeș"}},{"type":"Feature","geometry":{"type":"LineString","coordinates":[[25.635698,45.634444],[25.635696,45.634485],[25.635695,45.6345],[25.635692,45.634631]]},"properties":{"name":"Stația RAT Saturn - Peron 5"}},{"type":"Feature","geometry":{"type":"LineString","coordinates":[[25.635692,45.634651],[25.635692,45.634774]]},"properties":{"name":"Stația RAT Saturn - Peron 5"}},{"type":"Feature","geometry":{"type":"LineString","coordinates":[[25.569756,45.659648],[25.569801,45.659676],[25.569969,45.659786],[25.569997,45.659803],[25.570176,45.659918],[25.570229,45.659951]]},"properties":{"name":"Stația RAT Stadionul Municipal - Peron 4"}},{"type":"Feature","geometry":{"type":"LineString","coordinates":[[25.595357,45.660055],[25.595668,45.66017],[25.595741,45.660229],[25.595866,45.660267],[25.595986,45.660304],[25.596262,45.660384],[25.596872,45.660575],[25.596977,45.66059],[25.597056,45.660594],[25.597152,45.660595],[25.597307,45.660592],[25.597952,45.660547],[25.599908,45.660401],[25.600556,45.660353],[25.600888,45.660328],[25.601112,45.660311],[25.601296,45.660297],[25.601343,45.660294],[25.601445,45.660286],[25.60153,45.66028],[25.601901,45.660252],[25.602036,45.660242],[25.602492,45.660208],[25.605276,45.660001],[25.605584,45.65998]]},"properties":{"name":"Strada Aurel Vlaicu"}},{"type":"Feature","geometry":{"type":"LineString","coordinates":[[25.606927,45.659711],[25.606849,45.659746],[25.606792,45.659766],[25.606691,45.659795],[25.606601,45.659815],[25.606452,45.65984],[25.606365,45.659851],[25.605935,45.659898],[25.605584,45.65998],[25.605955,45.65999],[25.606476,45.659951],[25.606554,45.659945],[25.606679,45.659938],[25.606745,45.659939],[25.606811,45.659945],[25.606967,45.659974]]},"properties":{"name":"Strada Aurel Vlaicu"}},{"type":"Feature","geometry":{"type":"LineString","coordinates":[[25.595741,45.660229],[25.595619,45.660226],[25.595396,45.660179],[25.595311,45.660161]]},"properties":{"name":"Strada Aurel Vlaicu"}},{"type":"Feature","geometry":{"type":"LineString","coordinates":[[25.635503,45.634336],[25.635504,45.63439],[25.635503,45.6344],[25.635501,45.634483]]},"properties":{"name":"Stația RAT Saturn - Peron 2"}},{"type":"Feature","geometry":{"type":"LineString","coordinates":[[25.6355,45.634544],[25.635497,45.634662]]},"properties":{"name":"Stația RAT Saturn - Peron 2"}},{"type":"Feature","geometry":{"type":"LineString","coordinates":[[25.647689,45.675848],[25.647679,45.675745],[25.647675,45.675709]]},"properties":{"name":"Stație RAT Triaj - Peron 4"}},{"type":"Feature","geometry":{"type":"LineString","coordinates":[[25.647662,45.675582],[25.647656,45.675527]]},"properties":{"name":"Stație RAT Triaj - Peron 4"}},{"type":"Feature","geometry":{"type":"LineString","coordinates":[[25.596875,45.719008],[25.596447,45.718807],[25.596422,45.718795],[25.596146,45.718667],[25.595974,45.718582],[25.595435,45.718317],[25.594722,45.717966],[25.594204,45.717716],[25.59415,45.717686],[25.594001,45.717612],[25.593845,45.717541],[25.593505,45.717406],[25.59194,45.716842],[25.591776,45.716782],[25.59122,45.716582],[25.591131,45.716551],[25.590579,45.716349],[25.589813,45.716063],[25.589002,45.715792],[25.588274,45.715548],[25.587596,45.715319],[25.587348,45.715236],[25.58664,45.714981],[25.586311,45.714866],[25.584443,45.714217],[25.584223,45.714135],[25.58421,45.714131],[25.583949,45.71404],[25.583421,45.713852],[25.58313,45.713747],[25.582546,45.713535],[25.581279,45.713094],[25.580523,45.712831],[25.580247,45.712737],[25.579837,45.712609],[25.579683,45.712555]]},"properties":{"name":"Strada Baciului"}},{"type":"Feature","geometry":{"type":"LineString","coordinates":[[25.579283,45.722107],[25.579215,45.722144],[25.579165,45.722165],[25.579118,45.722177],[25.579044,45.722183],[25.578938,45.722167]]},"properties":{"name":"Strada Bressan"}},{"type":"Feature","geometry":{"type":"LineString","coordinates":[[25.571202,45.722738],[25.571231,45.722758]]},"properties":{"name":"Strada Bressan"}},{"type":"Feature","geometry":{"type":"LineString","coordinates":[[25.571276,45.722778],[25.571548,45.722868],[25.572927,45.723213],[25.574212,45.723557],[25.575018,45.723766],[25.575127,45.723781],[25.575201,45.723784],[25.575297,45.723774],[25.575389,45.723758],[25.575526,45.723729],[25.575679,45.723683],[25.575842,45.723614],[25.576628,45.723242],[25.577183,45.722979],[25.577784,45.722702],[25.578492,45.722378],[25.578834,45.722216],[25.578938,45.722167],[25.579076,45.722108],[25.579204,45.72202],[25.579272,45.721944],[25.579367,45.721771]]},"properties":{"name":"Strada Bressan"}},{"type":"Feature","geometry":{"type":"LineString","coordinates":[[25.569991,45.709264],[25.569867,45.709282],[25.569767,45.709286],[25.569613,45.709285],[25.569425,45.709278],[25.569242,45.709261],[25.569076,45.709241],[25.568737,45.709174],[25.568462,45.709129],[25.568091,45.709092],[25.567722,45.709069],[25.567497,45.709034],[25.566452,45.708771],[25.566103,45.708692],[25.565997,45.708665],[25.565884,45.708618],[25.56574,45.708528],[25.565342,45.708179],[25.564785,45.707665],[25.564662,45.707554],[25.564353,45.707283],[25.56405,45.707033],[25.563914,45.706956],[25.563611,45.706801],[25.563085,45.706536],[25.562992,45.706488],[25.56287,45.706426],[25.562573,45.706327],[25.558989,45.705132],[25.558502,45.704922],[25.558461,45.704905],[25.558276,45.704831],[25.557876,45.704648],[25.557576,45.704499],[25.557443,45.704425],[25.557297,45.704336],[25.557175,45.704242],[25.557061,45.704148],[25.556896,45.703973],[25.556757,45.703808],[25.556678,45.703703],[25.55663,45.703636],[25.556586,45.703532],[25.55658,45.703436],[25.55657,45.703173],[25.556577,45.702956],[25.55655,45.702852],[25.556492,45.702742],[25.556248,45.702401],[25.556133,45.702263],[25.556101,45.702222],[25.5559,45.701965],[25.555876,45.701935],[25.555843,45.701894]]},"properties":{"name":"Strada Izvorului"}},{"type":"Feature","geometry":{"type":"LineString","coordinates":[[25.704218,45.670838],[25.704222,45.670924],[25.704237,45.671192],[25.704264,45.671548],[25.704309,45.672104],[25.704333,45.672398],[25.704347,45.672459],[25.704389,45.672507],[25.704464,45.672542],[25.704549,45.672567],[25.704696,45.672589],[25.705057,45.672627]]},"properties":{"name":"Strada Izvorului"}},{"type":"Feature","geometry":{"type":"LineString","coordinates":[[25.704265,45.651263],[25.704251,45.65135],[25.704067,45.652563],[25.703955,45.653161],[25.703932,45.653421],[25.703901,45.653756],[25.703879,45.653969],[25.703871,45.654033],[25.703865,45.654077],[25.703835,45.654281],[25.703813,45.654509],[25.703799,45.654677],[25.703802,45.654889],[25.703782,45.655214],[25.703767,45.655459],[25.703766,45.655478],[25.703741,45.655794],[25.703719,45.656217],[25.703702,45.656511],[25.703682,45.656772],[25.703663,45.657272],[25.703631,45.657684],[25.703574,45.658082],[25.703502,45.658666],[25.703477,45.658867],[25.703446,45.659113],[25.70342,45.659353],[25.703414,45.659411],[25.703394,45.659593],[25.703387,45.659678],[25.703366,45.659942],[25.703327,45.660352],[25.703302,45.660652],[25.703316,45.660883],[25.703349,45.661141],[25.703418,45.661426],[25.70352,45.662021],[25.703531,45.662198],[25.703545,45.662287],[25.70357,45.662496],[25.703599,45.662702],[25.703641,45.662999],[25.703675,45.663344],[25.70371,45.663708],[25.703717,45.663768],[25.703733,45.663899],[25.703788,45.664361],[25.703871,45.664933],[25.70394,45.665325],[25.703994,45.665822],[25.704022,45.666245],[25.704052,45.666691],[25.704045,45.666822],[25.704023,45.667084],[25.704016,45.667186],[25.704008,45.667299],[25.704004,45.667455],[25.704001,45.66761],[25.704045,45.668012],[25.704088,45.668943],[25.70413,45.669566],[25.70416,45.669917],[25.704191,45.67036],[25.704198,45.67048],[25.704216,45.670801]]},"properties":{"name":"Strada Izvorului"}},{"type":"Feature","geometry":{"type":"LineString","coordinates":[[25.55822,45.698291],[25.558179,45.69834],[25.558006,45.698587],[25.557805,45.698894],[25.557193,45.699781],[25.557045,45.699997],[25.556983,45.700083],[25.55682,45.700324],[25.556732,45.700458],[25.556512,45.700763],[25.556167,45.701227],[25.55599,45.701505],[25.555912,45.701679],[25.555843,45.701894],[25.55583,45.701927],[25.555728,45.702181],[25.55572,45.702201],[25.555676,45.70231],[25.555628,45.70243],[25.555603,45.702486],[25.555526,45.702678],[25.555417,45.702902],[25.555249,45.703214],[25.554971,45.703661],[25.554781,45.703979],[25.554383,45.704643],[25.554294,45.704797],[25.553669,45.705833],[25.553585,45.705972],[25.553453,45.706193],[25.55333,45.706394],[25.553143,45.706703],[25.553059,45.706853],[25.553007,45.706924],[25.552953,45.706993],[25.552829,45.707132],[25.552767,45.707201],[25.552724,45.707239],[25.552672,45.707287],[25.552645,45.707331],[25.552598,45.707399],[25.552495,45.707637],[25.552383,45.707973],[25.552233,45.708457],[25.552079,45.708933],[25.55203,45.709082],[25.551919,45.709438],[25.551833,45.709729],[25.551687,45.710323],[25.551415,45.711598],[25.55138,45.711772],[25.551209,45.712617],[25.551172,45.712817],[25.551159,45.712893],[25.551102,45.713174],[25.551085,45.713302],[25.551075,45.713418],[25.551079,45.713595],[25.551093,45.713983],[25.551114,45.714493],[25.551121,45.714664],[25.551127,45.714817],[25.551133,45.71496],[25.551144,45.715427],[25.551147,45.715525],[25.55116,45.716063],[25.551162,45.71627],[25.551197,45.71685],[25.55125,45.717206],[25.551367,45.717833],[25.551398,45.717988],[25.551413,45.71806],[25.551444,45.718243],[25.551555,45.71889],[25.551791,45.720263],[25.551906,45.720938],[25.551911,45.720961],[25.551923,45.721032],[25.551982,45.721411],[25.551987,45.721568],[25.551987,45.721628],[25.551989,45.721729],[25.552004,45.721817],[25.55203,45.721881],[25.552278,45.722358],[25.552307,45.722415],[25.552967,45.72365],[25.553104,45.723906]]},"properties":{"name":"Strada Bârsei"}},{"type":"Feature","geometry":{"type":"LineString","coordinates":[[25.448975,45.690443],[25.449107,45.690403],[25.449196,45.69037],[25.44928,45.690336],[25.449371,45.690295]]},"properties":{"name":"Strada Bârsei"}},{"type":"Feature","geometry":{"type":"LineString","coordinates":[[25.458044,45.686668],[25.457896,45.686729],[25.457765,45.686779],[25.457461,45.686905],[25.457404,45.686928],[25.456829,45.687163],[25.456376,45.687349],[25.45549,45.687714],[25.454988,45.687918],[25.454368,45.688165],[25.453294,45.688593],[25.453091,45.688674],[25.453028,45.6887],[25.452803,45.688792],[25.452108,45.689086],[25.452043,45.689113],[25.451139,45.689487],[25.450796,45.689637],[25.450018,45.689993],[25.449825,45.690082],[25.449371,45.690295],[25.449309,45.690337],[25.449274,45.690364],[25.449247,45.690387],[25.449189,45.690443],[25.449146,45.690493],[25.449095,45.690563]]},"properties":{"name":"Strada Bârsei"}},{"type":"Feature","geometry":{"type":"LineString","coordinates":[[25.54165,45.673107],[25.542294,45.673178],[25.54251,45.673201],[25.542644,45.673203],[25.542728,45.673185],[25.542899,45.673105],[25.543204,45.672874],[25.544684,45.671753],[25.545489,45.671152],[25.547676,45.669572],[25.547859,45.669437],[25.547987,45.669341],[25.548146,45.669224],[25.548879,45.668682],[25.549271,45.668392],[25.550346,45.667598],[25.550526,45.667464],[25.552122,45.666284],[25.553339,45.665382],[25.553517,45.665253],[25.554006,45.664891],[25.554527,45.664506],[25.555003,45.664154],[25.555129,45.664061],[25.55536,45.66389],[25.555569,45.663736],[25.555908,45.663485],[25.556095,45.663347],[25.556491,45.663054],[25.557058,45.662634],[25.557804,45.662083],[25.558171,45.661823],[25.558304,45.661704],[25.558397,45.661596],[25.558463,45.661482],[25.558493,45.661374],[25.558524,45.661205],[25.558534,45.661076]]},"properties":{"name":"Strada Institutului"}},{"type":"Feature","geometry":{"type":"LineString","coordinates":[[25.632408,45.633021],[25.632414,45.632952],[25.632417,45.632913],[25.632422,45.632853],[25.632435,45.632701],[25.632437,45.632675]]},"properties":{"name":"Stația RAT Roman - Peron 3"}},{"type":"Feature","geometry":{"type":"LineString","coordinates":[[25.544582,45.687575],[25.544689,45.687595],[25.544803,45.68761],[25.544898,45.687604],[25.545016,45.687583]]},"properties":{"name":"Strada Lânii"}},{"type":"Feature","geometry":{"type":"LineString","coordinates":[[25.571775,45.667202],[25.571559,45.667384],[25.571101,45.667772],[25.570995,45.667863],[25.570728,45.668091],[25.570423,45.668341],[25.570063,45.668641],[25.569914,45.66875],[25.569751,45.668846],[25.569612,45.66892],[25.569388,45.669018],[25.569185,45.669092],[25.569025,45.669144],[25.568872,45.669192],[25.568373,45.669352],[25.56812,45.669446],[25.56791,45.669551],[25.567781,45.669631],[25.567043,45.670089],[25.566667,45.670333],[25.566381,45.670519],[25.566095,45.670701],[25.566039,45.670739],[25.565854,45.670861],[25.56576,45.670919],[25.565562,45.671057],[25.565296,45.671229],[25.565173,45.671305],[25.564278,45.67189],[25.564182,45.671949],[25.563961,45.672108],[25.563696,45.67233],[25.563498,45.672508],[25.56327,45.672698],[25.563208,45.672744],[25.56231,45.673479],[25.562181,45.673578],[25.562095,45.673639],[25.561979,45.673714],[25.561744,45.673852],[25.561397,45.674055],[25.561139,45.67421],[25.56077,45.674439],[25.559976,45.67509],[25.559656,45.675348],[25.558709,45.676127],[25.558214,45.676529],[25.556073,45.678281],[25.555935,45.678387],[25.555734,45.67856],[25.555642,45.678648],[25.555508,45.678805],[25.555437,45.678908],[25.555353,45.679051],[25.555239,45.679278],[25.555183,45.679438],[25.555128,45.679628],[25.55511,45.679798],[25.555025,45.680455],[25.554963,45.680856],[25.554925,45.681093],[25.554838,45.681338],[25.554781,45.681451],[25.554704,45.681573],[25.554466,45.681846],[25.554413,45.681898],[25.554327,45.681982],[25.554174,45.68211],[25.553608,45.682548],[25.553548,45.682596],[25.553452,45.682668],[25.55325,45.682814],[25.553075,45.682932],[25.552952,45.682999],[25.552469,45.683228],[25.552393,45.68326],[25.551764,45.683529],[25.551194,45.68379],[25.550891,45.683935],[25.550366,45.684246],[25.549176,45.684996],[25.548983,45.685105],[25.548573,45.685355],[25.548273,45.685547],[25.548003,45.685743],[25.547715,45.68597],[25.546653,45.686849],[25.546443,45.686995],[25.546287,45.687076],[25.545563,45.687363],[25.545478,45.6874],[25.545016,45.687583],[25.544902,45.687635],[25.544874,45.687663],[25.544848,45.687703],[25.544841,45.687742],[25.544843,45.687817]]},"properties":{"name":"Strada Lânii"}},{"type":"Feature","geometry":{"type":"LineString","coordinates":[[25.55529,45.67893],[25.55525,45.679064],[25.555188,45.679191],[25.555135,45.679298],[25.555076,45.679454],[25.555038,45.679579],[25.555,45.679777],[25.554988,45.67997],[25.554944,45.680364],[25.554899,45.680632],[25.554869,45.680816],[25.554791,45.681157],[25.554746,45.681307],[25.554701,45.681421],[25.554646,45.681552],[25.554466,45.681846],[25.554781,45.681592],[25.554862,45.68147],[25.554928,45.681352],[25.554993,45.681183],[25.55503,45.681019],[25.555062,45.680837],[25.555104,45.680639],[25.555207,45.679982],[25.555223,45.679807],[25.555256,45.679602]]},"properties":{"name":"Strada Lânii"}},{"type":"Feature","geometry":{"type":"LineString","coordinates":[[25.612439,45.660742],[25.61235,45.660726]]},"properties":{"name":"Stația RATBv Terminal Gară - Peron 8"}},{"type":"Feature","geometry":{"type":"LineString","coordinates":[[25.61228,45.660713],[25.612037,45.66067]]},"properties":{"name":"Stația RATBv Terminal Gară - Peron 8"}},{"type":"Feature","geometry":{"type":"LineString","coordinates":[[25.612479,45.660876],[25.612374,45.660858],[25.61231,45.660847],[25.612076,45.660806]]},"properties":{"name":"Stația RATBv Terminal Gară - Peron 4"}},{"type":"Feature","geometry":{"type":"LineString","coordinates":[[25.610682,45.668244],[25.610823,45.668187],[25.610959,45.668163],[25.611156,45.668136],[25.611388,45.668103],[25.612048,45.668017],[25.613027,45.667883],[25.613511,45.667802],[25.613766,45.667741],[25.615009,45.66738],[25.616944,45.666816],[25.618416,45.666407],[25.618782,45.666303],[25.619026,45.66623],[25.619084,45.666207],[25.619132,45.666183]]},"properties":{"name":"Strada Camil Petrescu"}},{"type":"Feature","geometry":{"type":"LineString","coordinates":[[25.619571,45.666078],[25.61969,45.666065],[25.61976,45.666047],[25.619942,45.665997],[25.620503,45.665813],[25.620806,45.665719],[25.620999,45.66566],[25.621203,45.665609],[25.621399,45.665568],[25.621664,45.665521],[25.621791,45.665505],[25.622023,45.665482],[25.622305,45.665465],[25.62265,45.665461],[25.622943,45.665475],[25.623271,45.665505],[25.623629,45.665558],[25.623949,45.665625],[25.624239,45.665711],[25.624546,45.665819],[25.624971,45.666007],[25.626019,45.666471],[25.628006,45.66735],[25.629238,45.667895],[25.630392,45.668405],[25.630549,45.668474],[25.630673,45.668518],[25.630857,45.66858]]},"properties":{"name":"Strada Camil Petrescu"}},{"type":"Feature","geometry":{"type":"LineString","coordinates":[[25.613571,45.637527],[25.613686,45.637594],[25.61418,45.637865],[25.614783,45.638206],[25.614846,45.638242],[25.615053,45.638352],[25.615402,45.638537],[25.615761,45.638738],[25.615836,45.63878],[25.616107,45.63893],[25.616692,45.639259],[25.617254,45.63957],[25.618422,45.640192],[25.618562,45.640269],[25.618801,45.6404],[25.618856,45.64043],[25.618978,45.640458]]},"properties":{"name":"Strada Vasile Alecsandri"}},{"type":"Feature","geometry":{"type":"LineString","coordinates":[[25.613571,45.637527],[25.613378,45.637582],[25.612765,45.637789],[25.612537,45.637866],[25.612492,45.637881],[25.611406,45.638242],[25.611117,45.638329],[25.611067,45.638345],[25.610352,45.638583],[25.610137,45.638654]]},"properties":{"name":"Strada Tâmpei"}},{"type":"Feature","geometry":{"type":"LineString","coordinates":[[25.6439,45.665562],[25.644239,45.665627],[25.644673,45.665718],[25.645386,45.665904],[25.64914,45.66704]]},"properties":{"name":"Strada Timiș Triaj"}},{"type":"Feature","geometry":{"type":"LineString","coordinates":[[25.649413,45.667117],[25.649421,45.667101],[25.649458,45.667035],[25.649539,45.666914],[25.649427,45.666881],[25.649256,45.666835],[25.64918,45.66697],[25.649168,45.666991],[25.64914,45.66704],[25.649413,45.667117]]},"properties":{"name":"Strada Timiș Triaj"}},{"type":"Feature","geometry":{"type":"LineString","coordinates":[[25.639705,45.661395],[25.639806,45.661288],[25.639955,45.661117],[25.640075,45.660996],[25.640204,45.660855],[25.641232,45.659742],[25.641523,45.659449],[25.641954,45.659016],[25.642188,45.658803],[25.642321,45.658695],[25.642456,45.658593],[25.642748,45.658393],[25.642906,45.658284],[25.643068,45.658173],[25.643166,45.658106],[25.643431,45.657932],[25.64368,45.657811],[25.643951,45.657674],[25.644087,45.657606],[25.644238,45.657529],[25.645261,45.657042],[25.645631,45.656867],[25.646274,45.656563],[25.646846,45.656301],[25.646925,45.656265],[25.647157,45.656155],[25.647354,45.656063],[25.647449,45.656021],[25.647628,45.655961],[25.647812,45.655906],[25.647978,45.655863],[25.648026,45.655853],[25.648147,45.655827],[25.648404,45.655785],[25.648699,45.655744],[25.649261,45.655668],[25.650379,45.655522],[25.650673,45.655476],[25.650822,45.655452],[25.650972,45.655423],[25.65105,45.655405],[25.651129,45.655387],[25.651202,45.655362],[25.651272,45.655334],[25.651343,45.655305],[25.651414,45.65527],[25.651542,45.655199],[25.651663,45.655123],[25.65178,45.655043],[25.651899,45.654956],[25.652011,45.654863],[25.652113,45.654774],[25.652209,45.65468],[25.652961,45.653964],[25.653342,45.653609],[25.653664,45.653291],[25.653741,45.653214],[25.653992,45.652958],[25.654186,45.652755],[25.654366,45.652552],[25.654534,45.652345],[25.654819,45.651973],[25.655049,45.651656],[25.655135,45.651525],[25.655218,45.651393],[25.655371,45.651123],[25.655462,45.65095],[25.655508,45.650866],[25.655551,45.650777],[25.655561,45.650746],[25.65558,45.650692],[25.655608,45.650604],[25.655622,45.650535],[25.655627,45.65046],[25.655631,45.650375],[25.655623,45.650283],[25.655614,45.650214],[25.655598,45.650147],[25.655537,45.649943],[25.655403,45.649534]]},"properties":{"name":"Strada Timișul Sec"}},{"type":"Feature","geometry":{"type":"LineString","coordinates":[[25.65507,45.649015],[25.655133,45.649085],[25.655202,45.6492],[25.655304,45.6494],[25.655403,45.649534],[25.655387,45.649382],[25.655369,45.649289],[25.655352,45.649201],[25.655313,45.648945]]},"properties":{"name":"Strada Timișul Sec"}},{"type":"Feature","geometry":{"type":"LineString","coordinates":[[25.63337,45.66511],[25.633537,45.66511],[25.633686,45.665106],[25.633851,45.665098],[25.634018,45.665089],[25.634056,45.66509],[25.634091,45.665093],[25.634118,45.665101],[25.63415,45.665114],[25.634167,45.665128],[25.634184,45.665149],[25.634203,45.665177]]},"properties":{"name":"Strada Timișul Sec"}},{"type":"Feature","geometry":{"type":"LineString","coordinates":[[25.635544,45.665794],[25.635486,45.665772],[25.63541,45.665744],[25.635365,45.665728],[25.63524,45.665673],[25.634907,45.665498],[25.63478,45.665432],[25.634336,45.665219],[25.634289,45.665202],[25.634244,45.665188],[25.634203,45.665177],[25.634146,45.665165],[25.634088,45.665158],[25.634029,45.665157],[25.633968,45.665159],[25.633909,45.665167],[25.633865,45.665181],[25.633827,45.665199],[25.633796,45.665224],[25.633777,45.665249],[25.633763,45.66528],[25.633757,45.665317],[25.633757,45.665356],[25.633763,45.665437]]},"properties":{"name":"Strada Timișul Sec"}},{"type":"Feature","geometry":{"type":"LineString","coordinates":[[25.65868,45.613078],[25.658686,45.612983],[25.658666,45.612926],[25.658611,45.612884],[25.65855,45.612865],[25.658495,45.612856],[25.658435,45.612854],[25.658373,45.612871],[25.65833,45.612898],[25.658292,45.612943],[25.658258,45.613004],[25.658181,45.613189],[25.658047,45.613526],[25.658028,45.613614],[25.658023,45.613693],[25.658032,45.613748],[25.658064,45.613836],[25.658096,45.613879],[25.658156,45.613932],[25.658222,45.613973],[25.658279,45.614002],[25.658348,45.61403]]},"properties":{"name":"Strada Timișul Sec"}},{"type":"Feature","geometry":{"type":"LineString","coordinates":[[25.665089,45.648995],[25.66516,45.648991],[25.665559,45.648976],[25.666153,45.648961],[25.666578,45.648961],[25.667428,45.648979],[25.669366,45.649015],[25.670033,45.649018],[25.670928,45.649006],[25.671768,45.648994],[25.672541,45.648994],[25.673238,45.649004],[25.674506,45.649037],[25.675582,45.64908],[25.677281,45.649145],[25.677708,45.649157],[25.678293,45.649143],[25.678861,45.649143],[25.67919,45.649161],[25.679809,45.649225],[25.680364,45.649283],[25.680807,45.649333],[25.682766,45.649543],[25.683036,45.649572],[25.68611,45.649903],[25.686561,45.64995],[25.687393,45.650037],[25.68849,45.65016],[25.691207,45.650446],[25.6938,45.650604],[25.695673,45.650713],[25.696314,45.65075],[25.699427,45.650931],[25.700262,45.650959],[25.700433,45.650965],[25.701254,45.651007],[25.703026,45.651159],[25.703704,45.651218],[25.703852,45.65123],[25.704265,45.651263],[25.704534,45.651285],[25.704889,45.651314],[25.705157,45.651336],[25.705727,45.651381],[25.705999,45.651406],[25.70617,45.651423],[25.707825,45.651579],[25.708731,45.651665],[25.708858,45.651676],[25.709104,45.651689],[25.709321,45.651696],[25.709422,45.651697],[25.709861,45.651705],[25.710845,45.651721],[25.713349,45.651766],[25.71343,45.651769],[25.713998,45.651789],[25.715835,45.651871],[25.718898,45.652028],[25.722853,45.652107],[25.723047,45.652111],[25.723133,45.652113],[25.72471,45.652165],[25.725158,45.652195],[25.725842,45.652278],[25.727076,45.652465],[25.729044,45.652835],[25.730402,45.653069],[25.731096,45.653163],[25.731979,45.65327],[25.732416,45.6533],[25.733036,45.653335],[25.734921,45.653378],[25.735903,45.653375],[25.740168,45.65329],[25.74451,45.653202],[25.745333,45.653198],[25.745953,45.65323],[25.746077,45.653241],[25.747184,45.653324],[25.749035,45.653418],[25.750132,45.653508],[25.750955,45.653601],[25.752747,45.653824],[25.752927,45.653843],[25.75311,45.653862],[25.753149,45.653866],[25.75326,45.653875],[25.75337,45.653884],[25.75371,45.653905],[25.754174,45.653918],[25.754442,45.653922],[25.754936,45.653918],[25.755343,45.653907],[25.755594,45.653897],[25.755875,45.653883],[25.756121,45.653857],[25.756263,45.653842],[25.756314,45.653831],[25.756438,45.653744],[25.756526,45.653626]]},"properties":{"name":"DJ103A"}},{"type":"Feature","geometry":{"type":"LineString","coordinates":[[25.664117,45.64911],[25.66421,45.649077],[25.664356,45.649054],[25.664755,45.649025],[25.665089,45.648995],[25.664543,45.649],[25.664393,45.648994],[25.664242,45.648978],[25.664088,45.648956]]},"properties":{"name":"DJ103A"}},{"type":"Feature","geometry":{"type":"LineString","coordinates":[[25.663683,45.649142],[25.663509,45.649103],[25.66296,45.64906]]},"properties":{"name":"DJ103A"}},{"type":"Feature","geometry":{"type":"LineString","coordinates":[[25.655327,45.648911],[25.655393,45.648855],[25.655486,45.648823],[25.655566,45.648801]]},"properties":{"name":"DJ103A"}},{"type":"Feature","geometry":{"type":"LineString","coordinates":[[25.65529,45.648812],[25.655481,45.648792],[25.655566,45.648801],[25.655608,45.648796],[25.656366,45.648756],[25.656856,45.648719],[25.65735,45.648687],[25.657681,45.648669],[25.658004,45.648658],[25.658146,45.648656],[25.658286,45.648655],[25.658545,45.648661],[25.658754,45.648673],[25.659048,45.648694],[25.659291,45.648719],[25.659984,45.648776],[25.66204,45.648974],[25.662422,45.649013],[25.66296,45.64906],[25.663413,45.649048],[25.663557,45.649028],[25.663659,45.649]]},"properties":{"name":"DJ103A"}},{"type":"Feature","geometry":{"type":"LineString","coordinates":[[25.756653,45.653687],[25.756565,45.65376],[25.756449,45.653808],[25.756314,45.653831]]},"properties":{"name":"DJ103A"}},{"type":"Feature","geometry":{"type":"LineString","coordinates":[[25.633829,45.619966],[25.634019,45.620116],[25.634091,45.620283],[25.634153,45.620427],[25.634094,45.62063]]},"properties":{"name":"Stația RAT Noua - Peron 2"}},{"type":"Feature","geometry":{"type":"LineString","coordinates":[[25.595628,45.666778],[25.595632,45.666899],[25.59568,45.667182],[25.595816,45.668032],[25.595872,45.668319],[25.595878,45.668348],[25.595892,45.668416],[25.595902,45.668468],[25.596144,45.670049],[25.596153,45.670103],[25.596162,45.670173],[25.596249,45.670765],[25.596305,45.671153],[25.596314,45.6712],[25.596323,45.671249]]},"properties":{"name":"Strada Argintului"}},{"type":"Feature","geometry":{"type":"LineString","coordinates":[[25.599586,45.671015],[25.599436,45.671023],[25.598686,45.671076],[25.598027,45.671118],[25.596902,45.671202],[25.596413,45.671241],[25.596323,45.671249],[25.595114,45.671315],[25.594628,45.671346],[25.594508,45.671353],[25.593917,45.671396],[25.593267,45.671443],[25.59317,45.671454],[25.593106,45.671471]]},"properties":{"name":"Strada Ioan V. Socec"}},{"type":"Feature","geometry":{"type":"LineString","coordinates":[[25.598805,45.666523],[25.598823,45.666561],[25.598852,45.666632],[25.598878,45.666709],[25.598885,45.666762],[25.598905,45.666884],[25.598912,45.666937],[25.598937,45.667084],[25.599099,45.66807],[25.599117,45.668143],[25.599134,45.668201],[25.599345,45.669638],[25.599406,45.670036],[25.599508,45.670701],[25.59954,45.6709],[25.599542,45.670922],[25.599549,45.670968],[25.599586,45.671015],[25.599624,45.671072],[25.599626,45.671085],[25.599627,45.671095],[25.599661,45.67134],[25.599685,45.671514],[25.599706,45.671658],[25.599736,45.671871],[25.599761,45.672054],[25.59978,45.672198],[25.599919,45.673221],[25.599928,45.673288],[25.599919,45.673358],[25.599914,45.673387],[25.599975,45.673917],[25.600115,45.674903],[25.600182,45.675542]]},"properties":{"name":"Strada 1 Decembrie 1918"}},{"type":"Feature","geometry":{"type":"LineString","coordinates":[[25.598985,45.666557],[25.598946,45.66659],[25.598917,45.666627],[25.598878,45.666709]]},"properties":{"name":"Strada 1 Decembrie 1918"}},{"type":"Feature","geometry":{"type":"LineString","coordinates":[[25.336443,45.568784],[25.336792,45.568862],[25.336877,45.568883],[25.336996,45.56891],[25.33729,45.568977],[25.33739,45.569001],[25.337693,45.569071],[25.337848,45.569112],[25.337944,45.569141],[25.338045,45.569176],[25.338145,45.569217],[25.338258,45.569266],[25.338379,45.569323],[25.338508,45.569388],[25.338624,45.569453],[25.338728,45.569516],[25.33884,45.569588],[25.338961,45.569669],[25.339175,45.569818],[25.339313,45.569908],[25.3394,45.569965],[25.339498,45.570025],[25.339592,45.570083],[25.339878,45.570261],[25.340135,45.570421],[25.340393,45.570565],[25.34052,45.570626]]},"properties":{"name":"Strada 1 Decembrie 1918"}},{"type":"Feature","geometry":{"type":"LineString","coordinates":[[25.593399,45.673926],[25.593458,45.673922],[25.594573,45.673849],[25.594967,45.673824],[25.595487,45.673789],[25.596258,45.673741],[25.596624,45.673709],[25.596687,45.673704],[25.596751,45.6737],[25.59715,45.67366],[25.597233,45.673652],[25.598087,45.673573],[25.598145,45.673567],[25.59859,45.673457],[25.59878,45.673436],[25.598945,45.673421],[25.599701,45.67337],[25.599726,45.673368],[25.599919,45.673358]]},"properties":{"name":"Strada Ștefan Baciu"}},{"type":"Feature","geometry":{"type":"LineString","coordinates":[[25.593106,45.671471],[25.593052,45.671507],[25.593017,45.67155],[25.59301,45.671581],[25.593049,45.671818],[25.593055,45.671857],[25.593224,45.672964],[25.593241,45.673076],[25.593288,45.673385],[25.593314,45.673552],[25.59335,45.673772],[25.593399,45.673926]]},"properties":{"name":"Strada Alexandru Ciurcu"}},{"type":"Feature","geometry":{"type":"LineString","coordinates":[[25.595892,45.668416],[25.595794,45.668423],[25.594835,45.66851],[25.594627,45.66852],[25.594594,45.668515],[25.594495,45.6685],[25.594375,45.668465],[25.594271,45.668416],[25.593976,45.6682],[25.593472,45.667875],[25.593435,45.667842],[25.593425,45.667801]]},"properties":{"name":"Strada Bronzului"}},{"type":"Feature","geometry":{"type":"LineString","coordinates":[[25.626613,45.661343],[25.626707,45.661271],[25.62709,45.660974],[25.62721,45.660902],[25.627318,45.660869],[25.627516,45.660823],[25.627767,45.660744],[25.628356,45.660492],[25.628852,45.660247],[25.629082,45.660114],[25.629316,45.659924],[25.629614,45.659648],[25.629959,45.659276],[25.630268,45.658802],[25.631103,45.657384],[25.631525,45.656659],[25.631668,45.656422]]},"properties":{"name":"Strada Ceferiștilor"}},{"type":"Feature","geometry":{"type":"LineString","coordinates":[[25.631668,45.656422],[25.631743,45.656442],[25.632599,45.656703],[25.633354,45.656904],[25.633629,45.656977],[25.633634,45.656978],[25.633684,45.656991]]},"properties":{"name":"Strada Dacia"}},{"type":"Feature","geometry":{"type":"LineString","coordinates":[[25.633684,45.656991],[25.632183,45.65955],[25.632065,45.659738],[25.631111,45.66138],[25.630472,45.66246],[25.630401,45.66258],[25.630122,45.663065],[25.630007,45.663262],[25.629915,45.663379]]},"properties":{"name":"Strada Pavilioanele CFR"}},{"type":"Feature","geometry":{"type":"LineString","coordinates":[[25.612019,45.660603],[25.61227,45.66065],[25.61242,45.660678]]},"properties":{"name":"Stația RATBv Terminal Gară - Peron 10"}},{"type":"Feature","geometry":{"type":"LineString","coordinates":[[25.55832,45.698176],[25.558343,45.698113],[25.558391,45.69804],[25.558482,45.697932],[25.559811,45.696389],[25.561015,45.694978],[25.56109,45.694889],[25.562023,45.693766],[25.562045,45.693745],[25.56214,45.693669],[25.562815,45.693149],[25.562914,45.693069],[25.563034,45.692975],[25.563208,45.692841],[25.5634,45.692706],[25.563519,45.692618],[25.563945,45.692297],[25.564984,45.691549],[25.565273,45.691335],[25.565477,45.691177],[25.565594,45.691086],[25.565881,45.69085],[25.5661,45.690643],[25.566262,45.690481],[25.566644,45.690083],[25.566806,45.689879],[25.567611,45.688797],[25.56767,45.688726],[25.567737,45.688646],[25.567841,45.688522],[25.56786,45.688501],[25.567964,45.688378],[25.568024,45.688311],[25.568081,45.688258],[25.568137,45.688213]]},"properties":{"name":"Strada Plugarilor"}},{"type":"Feature","geometry":{"type":"LineString","coordinates":[[25.568442,45.687888],[25.568469,45.687828],[25.568494,45.687781],[25.568517,45.687742],[25.568761,45.687382],[25.568889,45.687199],[25.569048,45.686971],[25.569109,45.686885],[25.569442,45.68641],[25.569522,45.686276],[25.569719,45.685927],[25.569791,45.685803],[25.570818,45.683989],[25.571676,45.682428],[25.571777,45.682241],[25.572026,45.68179],[25.572186,45.681481],[25.572377,45.681047],[25.572486,45.680786],[25.572515,45.680716],[25.572541,45.680642],[25.572598,45.680494],[25.572613,45.680456],[25.572872,45.679757],[25.573296,45.678638],[25.573564,45.677921],[25.573728,45.677477],[25.573751,45.677414],[25.573777,45.677348],[25.573996,45.676794],[25.574242,45.676124],[25.57433,45.675878],[25.574407,45.675663]]},"properties":{"name":"Strada Plugarilor"}},{"type":"Feature","geometry":{"type":"LineString","coordinates":[[25.562023,45.693766],[25.561887,45.693741],[25.561372,45.693749],[25.561267,45.69375],[25.559792,45.693772],[25.559246,45.693721],[25.558618,45.693671],[25.557891,45.693603],[25.557644,45.69358],[25.557437,45.693565],[25.556888,45.693513],[25.556169,45.693462],[25.554222,45.693426],[25.553278,45.69342],[25.552427,45.693455],[25.55233,45.693458]]},"properties":{"name":"Strada Surlașului"}},{"type":"Feature","geometry":{"type":"LineString","coordinates":[[25.555894,45.678978],[25.5559,45.679072],[25.55592,45.679143],[25.556013,45.67932],[25.556101,45.679483],[25.556219,45.679654],[25.556543,45.680013],[25.556781,45.680214],[25.557244,45.680602],[25.559939,45.68285],[25.561291,45.683942],[25.56219,45.684692],[25.56314,45.68549],[25.56372,45.685954],[25.563981,45.686177],[25.56428,45.686417],[25.564576,45.686643],[25.564846,45.686838],[25.565169,45.687041],[25.565472,45.687203],[25.565643,45.687275],[25.565999,45.687426],[25.566294,45.687525],[25.566628,45.687632],[25.56695,45.687705],[25.567206,45.687765],[25.567642,45.687854],[25.567902,45.687907],[25.567988,45.687921],[25.568048,45.687926],[25.568114,45.687929]]},"properties":{"name":"Centura Brașov"}},{"type":"Feature","geometry":{"type":"LineString","coordinates":[[25.568038,45.688068],[25.567973,45.688035],[25.567922,45.688015],[25.567867,45.687999],[25.567155,45.687832],[25.566707,45.687721],[25.566278,45.687598],[25.565898,45.687463],[25.565682,45.687374],[25.565422,45.687257],[25.565157,45.687113],[25.564793,45.686905],[25.56453,45.686728],[25.564218,45.686477],[25.5634,45.685805],[25.561813,45.684486],[25.558097,45.68143],[25.556793,45.680346],[25.556531,45.680126],[25.556255,45.679859]]},"properties":{"name":"Centura Brașov"}},{"type":"Feature","geometry":{"type":"LineString","coordinates":[[25.574407,45.675663],[25.57459,45.675076],[25.574709,45.674649],[25.574842,45.674216],[25.575013,45.673672],[25.575097,45.673378],[25.575178,45.673093],[25.575203,45.673007],[25.575219,45.67295],[25.575296,45.672717],[25.575661,45.671588],[25.575858,45.670965],[25.575942,45.670556],[25.576033,45.670026],[25.576191,45.669162],[25.576218,45.668974],[25.576229,45.668901],[25.576252,45.668767],[25.576333,45.668388],[25.576447,45.668093],[25.576569,45.66785],[25.576715,45.66763],[25.576884,45.667421],[25.577229,45.667027]]},"properties":{"name":"Strada Dimitrie Anghel"}},{"type":"Feature","geometry":{"type":"LineString","coordinates":[[25.577386,45.666711],[25.577346,45.666768],[25.577325,45.6668],[25.577234,45.666977],[25.577229,45.667027],[25.577275,45.667],[25.57733,45.666942],[25.577488,45.666771]]},"properties":{"name":"Strada Dimitrie Anghel"}},{"type":"Feature","geometry":{"type":"LineString","coordinates":[[25.601113,45.646796],[25.601049,45.646849],[25.600802,45.64728],[25.60039,45.648024],[25.599949,45.648648],[25.599856,45.648747],[25.599621,45.648882],[25.59951,45.648937]]},"properties":{"name":"Strada Agrișelor"}},{"type":"Feature","geometry":{"type":"LineString","coordinates":[[25.585745,45.681956],[25.585408,45.681916],[25.585054,45.681874],[25.58495,45.681862]]},"properties":{"name":"Strada Montana"}},{"type":"Feature","geometry":{"type":"LineString","coordinates":[[25.558645,45.620185],[25.558872,45.620311],[25.558912,45.620334],[25.559081,45.620432],[25.559165,45.620477],[25.55953,45.620655],[25.55962,45.620694],[25.559768,45.620758],[25.559829,45.620799],[25.559862,45.62084],[25.559915,45.620921],[25.559947,45.620994],[25.55998,45.621103],[25.560028,45.621189],[25.560117,45.621276],[25.560303,45.621395],[25.560401,45.621462],[25.560536,45.621526],[25.560608,45.621576],[25.560751,45.621707],[25.560946,45.621885],[25.560993,45.621938],[25.561115,45.622021],[25.561253,45.622072],[25.56139,45.622088],[25.561538,45.622111],[25.561669,45.622128],[25.561755,45.622156],[25.561849,45.62221],[25.5619,45.622249],[25.562074,45.62243],[25.562164,45.62252],[25.562246,45.622585],[25.562396,45.62268],[25.562616,45.622784],[25.562799,45.622919],[25.562835,45.622965],[25.562905,45.623039],[25.563025,45.6232],[25.563267,45.623482],[25.563402,45.623553],[25.563487,45.623616],[25.56359,45.623709],[25.563972,45.623987],[25.564246,45.624192],[25.56436,45.624269],[25.5644,45.624291],[25.564487,45.624335],[25.564512,45.624347],[25.564682,45.624431],[25.564796,45.624486],[25.565048,45.624612],[25.565294,45.624764],[25.565595,45.624962],[25.565866,45.625177],[25.565879,45.625187],[25.56611,45.62542],[25.566257,45.625655],[25.566341,45.625805],[25.566402,45.62593],[25.566408,45.625947],[25.566674,45.626243],[25.566695,45.626265],[25.566725,45.6263],[25.566887,45.62648],[25.567014,45.626639],[25.567199,45.626773],[25.567359,45.626887],[25.567499,45.627016],[25.567698,45.627258],[25.567829,45.627418],[25.567883,45.627508]]},"properties":{"name":"Strada Podul Crețului"}},{"type":"Feature","geometry":{"type":"LineString","coordinates":[[25.567883,45.627508],[25.567897,45.627605],[25.567902,45.627638],[25.56795,45.627805]]},"properties":{"name":"Strada Învățătorilor"}},{"type":"Feature","geometry":{"type":"LineString","coordinates":[[25.570119,45.629893],[25.569931,45.629816],[25.56968,45.629712],[25.569154,45.629492],[25.569029,45.629441],[25.568992,45.629421],[25.568943,45.629394],[25.568733,45.629276],[25.568621,45.629178],[25.568394,45.628678],[25.568328,45.628534],[25.568163,45.628111],[25.568039,45.627925],[25.567994,45.627865],[25.56795,45.627805],[25.567834,45.627728],[25.567724,45.627646],[25.567586,45.627537],[25.56748,45.627435],[25.567375,45.627295],[25.567298,45.627186],[25.567183,45.627091],[25.567019,45.627001],[25.566842,45.626917],[25.566751,45.626838],[25.566662,45.626726],[25.566599,45.626621],[25.566536,45.626474],[25.566496,45.626337],[25.56646,45.626188],[25.566451,45.626148],[25.566429,45.626005],[25.566408,45.625947]]},"properties":{"name":"Strada Învățătorilor"}},{"type":"Feature","geometry":{"type":"LineString","coordinates":[[25.570633,45.629866],[25.570798,45.629839],[25.570898,45.629826],[25.571038,45.629806],[25.571175,45.629801],[25.571209,45.629799],[25.571382,45.629797],[25.571496,45.629799],[25.57164,45.629824],[25.5718,45.629878],[25.571937,45.62995],[25.572405,45.630267],[25.57269,45.63043],[25.572789,45.630486],[25.57293,45.63057],[25.573053,45.630642],[25.573117,45.630689]]},"properties":{"name":"Strada Egalității"}},{"type":"Feature","geometry":{"type":"LineString","coordinates":[[25.585865,45.63887],[25.585898,45.638898],[25.585937,45.638926],[25.585988,45.63896],[25.586124,45.639047],[25.586153,45.639064],[25.586315,45.639129],[25.586411,45.639175],[25.58665,45.639279],[25.586906,45.639388],[25.587335,45.639568],[25.587501,45.639639],[25.588159,45.639917],[25.588298,45.639979],[25.589088,45.64032],[25.589717,45.640588],[25.58979,45.640622]]},"properties":{"name":"Strada Poarta Schei"}},{"type":"Feature","geometry":{"type":"LineString","coordinates":[[25.58979,45.640622],[25.590082,45.64068],[25.590503,45.640806],[25.590657,45.640878],[25.590799,45.640974],[25.590896,45.641078],[25.591036,45.641296],[25.591047,45.641322],[25.591067,45.641366]]},"properties":{"name":"Strada Grigoraș Dinicu"}},{"type":"Feature","geometry":{"type":"LineString","coordinates":[[25.591067,45.641366],[25.591298,45.641421],[25.592355,45.641668],[25.592387,45.641678],[25.592714,45.641782],[25.592743,45.641795],[25.592781,45.641808],[25.59408,45.642273],[25.595175,45.642665],[25.595279,45.642703],[25.595836,45.642915],[25.595968,45.642986],[25.596339,45.643208],[25.596468,45.643284],[25.596515,45.643313],[25.596976,45.643596],[25.59704,45.643638],[25.597202,45.64374],[25.597968,45.644351],[25.598248,45.644574],[25.598479,45.644737],[25.598635,45.644854],[25.598754,45.644953],[25.598837,45.645025],[25.599047,45.645238],[25.59914,45.64537],[25.599251,45.645499],[25.599322,45.645572],[25.599534,45.645783]]},"properties":{"name":"Strada Nicolae Bălcescu"}},{"type":"Feature","geometry":{"type":"LineString","coordinates":[[25.632215,45.632925],[25.632219,45.632859],[25.632221,45.632812],[25.632225,45.632753],[25.632233,45.632613],[25.632235,45.632575]]},"properties":{"name":"Stația RAT Roman - Peron 1"}},{"type":"Feature","geometry":{"type":"LineString","coordinates":[[25.61825,45.663892],[25.617872,45.66394],[25.61766,45.663966],[25.617626,45.663971],[25.617258,45.664018],[25.617089,45.66404],[25.615285,45.664272],[25.614764,45.664338],[25.614564,45.664364],[25.614486,45.664374],[25.614353,45.664391],[25.614239,45.664406],[25.614131,45.66442],[25.614027,45.664433],[25.613962,45.664442],[25.612813,45.664589],[25.612392,45.664643],[25.612226,45.664665],[25.612196,45.664668]]},"properties":{"name":"Strada Turnului"}},{"type":"Feature","geometry":{"type":"LineString","coordinates":[[25.609564,45.665828],[25.609676,45.665785],[25.60976,45.66576],[25.609849,45.66574],[25.609987,45.665715],[25.610229,45.665681],[25.610361,45.665643],[25.610596,45.665612],[25.610685,45.6656],[25.610729,45.665595],[25.610999,45.66556],[25.611019,45.665557],[25.611038,45.665555],[25.611265,45.665526],[25.611315,45.665519],[25.612324,45.665389],[25.612363,45.665385],[25.612295,45.665075],[25.612237,45.664834],[25.612235,45.664825],[25.612196,45.664668],[25.611445,45.664777],[25.610935,45.664851],[25.609692,45.66503],[25.609612,45.665042],[25.609429,45.665068],[25.609219,45.665099]]},"properties":{"name":"Strada Turnului"}},{"type":"Feature","geometry":{"type":"LineString","coordinates":[[25.627638,45.632714],[25.62753,45.632639],[25.627453,45.632588],[25.626803,45.632164],[25.626608,45.632037],[25.625995,45.631637],[25.625033,45.631055],[25.624797,45.630913],[25.62453,45.630752],[25.624484,45.630724],[25.624133,45.630512],[25.623313,45.630017],[25.623174,45.629939],[25.623078,45.629909],[25.622911,45.6299],[25.622783,45.6299],[25.62264,45.629885],[25.622522,45.629838],[25.622447,45.62978],[25.622427,45.629696],[25.622429,45.629575],[25.622457,45.6294],[25.622503,45.629197],[25.622521,45.629093],[25.622526,45.62898],[25.622515,45.628837],[25.622504,45.628709],[25.622488,45.628583],[25.622484,45.628439],[25.622487,45.628244],[25.622487,45.62798],[25.622487,45.627908],[25.62248,45.627716],[25.622481,45.627656],[25.622482,45.627632]]},"properties":{"name":"Strada Panselelor"}},{"type":"Feature","geometry":{"type":"LineString","coordinates":[[25.622445,45.627487],[25.622409,45.627485],[25.622378,45.627493],[25.622358,45.627507],[25.622354,45.627529],[25.622358,45.62755],[25.622368,45.627572],[25.622384,45.627592],[25.622405,45.627607],[25.622434,45.627621],[25.622454,45.627628],[25.622482,45.627632],[25.622519,45.627621],[25.622539,45.627604],[25.622548,45.627576],[25.622541,45.627549],[25.622507,45.627518]]},"properties":{"name":"Strada Panselelor"}},{"type":"Feature","geometry":{"type":"LineString","coordinates":[[25.635712,45.665869],[25.635766,45.665912],[25.635842,45.665969],[25.636029,45.66608],[25.636077,45.666117],[25.636122,45.666161],[25.636145,45.666193],[25.63616,45.666222],[25.636192,45.66639],[25.636215,45.666506],[25.636232,45.666562],[25.636258,45.66661],[25.636287,45.666658],[25.636332,45.666707],[25.636385,45.666753],[25.636509,45.666836],[25.636683,45.666945],[25.63695,45.66709],[25.637806,45.667553],[25.637864,45.667583],[25.637958,45.667631],[25.638014,45.66766],[25.638336,45.667834],[25.639204,45.668309],[25.639313,45.668366],[25.639408,45.668418],[25.639753,45.668593],[25.640083,45.668765],[25.64021,45.668819],[25.640316,45.668869],[25.640519,45.668944],[25.64066,45.668989],[25.640925,45.669067],[25.641171,45.669133],[25.6422,45.669361],[25.642351,45.669402],[25.642507,45.669453],[25.642671,45.669523],[25.642762,45.669562],[25.642889,45.669619],[25.643063,45.669717],[25.643147,45.66977],[25.643264,45.669854],[25.643385,45.669949],[25.643554,45.670093],[25.643655,45.670191],[25.644019,45.670567],[25.644127,45.670685],[25.644256,45.670836],[25.644507,45.671161],[25.644988,45.67182],[25.645137,45.672022],[25.645517,45.672574],[25.645634,45.672751],[25.645664,45.672796],[25.646019,45.673337],[25.646076,45.67344],[25.646124,45.673536]]},"properties":{"name":"Fundătura Hărmanului"}},{"type":"Feature","geometry":{"type":"LineString","coordinates":[[25.654154,45.678309],[25.654007,45.678606],[25.65397,45.67863],[25.653912,45.678646],[25.653809,45.678629],[25.652679,45.677968],[25.650778,45.676838],[25.650716,45.676791],[25.650692,45.676744],[25.650659,45.676661],[25.650584,45.676504],[25.650458,45.676389],[25.648956,45.675496],[25.648764,45.67538],[25.648742,45.675367],[25.648638,45.675293],[25.648538,45.67522],[25.647898,45.674671],[25.647769,45.674573],[25.647615,45.674463],[25.647214,45.674198],[25.647065,45.674105],[25.646785,45.673915],[25.646429,45.673667],[25.64636,45.673621],[25.64631,45.673593],[25.646274,45.673576],[25.646233,45.673558],[25.646177,45.673544],[25.646124,45.673536],[25.646151,45.673617],[25.646192,45.673757],[25.646206,45.673809],[25.646204,45.673884],[25.646233,45.673991],[25.646272,45.674098]]},"properties":{"name":"Fundătura Hărmanului"}},{"type":"Feature","geometry":{"type":"LineString","coordinates":[[25.654317,45.678397],[25.654154,45.678309]]},"properties":{"name":"Strada Brașovului"}},{"type":"Feature","geometry":{"type":"LineString","coordinates":[[25.583942,45.818603],[25.584638,45.81818],[25.585086,45.817884],[25.5855,45.817627],[25.585761,45.817473],[25.586041,45.817331],[25.586613,45.817059]]},"properties":{"name":"Strada Brașovului"}},{"type":"Feature","geometry":{"type":"LineString","coordinates":[[25.58707,45.816829],[25.586931,45.816884],[25.586791,45.816948],[25.586613,45.817059],[25.586798,45.816995],[25.586982,45.816923],[25.587103,45.816877],[25.587203,45.81685],[25.587269,45.816838]]},"properties":{"name":"Strada Brașovului"}},{"type":"Feature","geometry":{"type":"LineString","coordinates":[[25.587519,45.81677],[25.587578,45.816772],[25.587723,45.816777],[25.587841,45.816792],[25.587959,45.816819],[25.588204,45.816897],[25.588389,45.816961],[25.588508,45.816996],[25.588645,45.817022],[25.588744,45.81703],[25.588851,45.817031],[25.588972,45.817017],[25.589165,45.816969],[25.589265,45.81693],[25.589366,45.816876],[25.589516,45.816758],[25.589595,45.816679],[25.589641,45.816609],[25.589684,45.816473],[25.589724,45.816309],[25.589793,45.816064],[25.589837,45.815865],[25.589858,45.815795],[25.589919,45.815689],[25.589993,45.815602],[25.590097,45.815551],[25.590013,45.81565],[25.589957,45.815761],[25.589921,45.81589],[25.589862,45.816123],[25.589781,45.816417],[25.589734,45.81658],[25.589696,45.816659],[25.589637,45.816739],[25.589554,45.816823],[25.58946,45.816907],[25.589341,45.816976],[25.589191,45.817035],[25.589044,45.817079],[25.588838,45.817103],[25.588702,45.8171],[25.588544,45.817075],[25.588466,45.817058],[25.588389,45.817037],[25.588314,45.817009]]},"properties":{"name":"Strada Brașovului"}},{"type":"Feature","geometry":{"type":"LineString","coordinates":[[25.637113,45.753149],[25.637876,45.754885],[25.638068,45.75536],[25.63829,45.755893],[25.638318,45.755986],[25.63855,45.756542],[25.638686,45.756888],[25.638814,45.757217],[25.638844,45.757309],[25.638921,45.757469],[25.638979,45.757597],[25.639119,45.757925],[25.639366,45.758523],[25.639414,45.758641],[25.639501,45.758839],[25.639591,45.759058],[25.639608,45.7591],[25.639804,45.759596],[25.639873,45.75979],[25.639939,45.760014],[25.639962,45.7601],[25.640011,45.760301],[25.640109,45.760654],[25.640145,45.76079],[25.640165,45.760909],[25.640165,45.761001],[25.640149,45.761113],[25.640124,45.7612],[25.64007,45.761315],[25.639994,45.761432],[25.639917,45.761544],[25.639819,45.761676],[25.639711,45.761805],[25.639613,45.761906],[25.639462,45.762041],[25.639181,45.762261],[25.638639,45.762655],[25.638555,45.76273],[25.6385,45.762787],[25.638457,45.762846],[25.638449,45.762905],[25.638452,45.762959],[25.638474,45.763039],[25.638518,45.763122],[25.638576,45.763214],[25.638705,45.763377],[25.638852,45.763562],[25.638873,45.763584],[25.639036,45.76375],[25.6393,45.763998],[25.63938,45.764063]]},"properties":{"name":"Strada Brașovului"}},{"type":"Feature","geometry":{"type":"LineString","coordinates":[[25.763134,45.717643],[25.76329,45.717685],[25.76357,45.717767],[25.763808,45.717842],[25.764098,45.717945],[25.764335,45.718032],[25.764838,45.718216],[25.76539,45.71841],[25.765597,45.718481],[25.765745,45.71853],[25.765867,45.718567],[25.766081,45.718624],[25.766265,45.718668],[25.766383,45.718696],[25.766517,45.718724],[25.766671,45.718753],[25.766721,45.718762],[25.766869,45.718784],[25.767468,45.718869],[25.768359,45.718977],[25.769159,45.719071],[25.77085,45.719287],[25.771113,45.719318],[25.771332,45.719344],[25.771582,45.719371],[25.77198,45.719408],[25.772113,45.719413],[25.772238,45.719416],[25.772362,45.719412],[25.772493,45.719405],[25.772586,45.719396],[25.77267,45.719388],[25.772789,45.719371],[25.772961,45.719341],[25.773138,45.719305],[25.773318,45.719264],[25.773663,45.71918],[25.773884,45.719123],[25.774329,45.71901],[25.774982,45.718851],[25.775164,45.718806],[25.775382,45.718752],[25.776402,45.718501],[25.777095,45.718324],[25.777227,45.718282],[25.777388,45.718209],[25.777522,45.718124],[25.777602,45.71804],[25.777663,45.71794],[25.777705,45.717832],[25.77774,45.717726],[25.77782,45.717448],[25.777897,45.71714],[25.778,45.71664],[25.778107,45.715868],[25.778157,45.715425],[25.778241,45.714778],[25.778259,45.714621],[25.778275,45.714544],[25.778297,45.714503],[25.778333,45.714471],[25.778382,45.714447],[25.778482,45.714414],[25.778761,45.71435],[25.779043,45.714285],[25.779519,45.714176],[25.780206,45.71401],[25.78044,45.713964],[25.780678,45.713928],[25.780904,45.713902],[25.78111,45.713888],[25.782628,45.713852],[25.782697,45.71385],[25.784568,45.713786],[25.7849,45.713775]]},"properties":{"name":"Strada Brașovului"}},{"type":"Feature","geometry":{"type":"LineString","coordinates":[[25.471388,45.617092],[25.470992,45.617236],[25.470411,45.617483]]},"properties":{"name":"Strada Nisipului"}},{"type":"Feature","geometry":{"type":"LineString","coordinates":[[25.471388,45.617092],[25.471793,45.616941],[25.47212,45.616818],[25.472608,45.616637],[25.472744,45.616584],[25.474953,45.615655],[25.47535,45.615484]]},"properties":{"name":"Strada Soarelui"}},{"type":"Feature","geometry":{"type":"LineString","coordinates":[[25.482234,45.625385],[25.482153,45.625414],[25.481515,45.625638],[25.481477,45.625645],[25.481432,45.625647],[25.481394,45.62564],[25.481363,45.625623],[25.480899,45.625151],[25.480841,45.625096],[25.480788,45.625066],[25.480744,45.625048],[25.480689,45.625036],[25.480602,45.625034],[25.480553,45.625045],[25.480494,45.625053],[25.480429,45.625058],[25.480347,45.625061],[25.480219,45.625061],[25.48006,45.625057],[25.479931,45.625052],[25.479777,45.625043],[25.479496,45.625021],[25.479399,45.625018],[25.479301,45.625019],[25.479246,45.625023],[25.479189,45.62503],[25.478958,45.625063],[25.478784,45.625097],[25.478657,45.625134],[25.478533,45.62518],[25.478393,45.625247],[25.478057,45.625426],[25.478013,45.62544],[25.477971,45.625443]]},"properties":{"name":"Piața Libertății"}},{"type":"Feature","geometry":{"type":"LineString","coordinates":[[25.477971,45.625443],[25.477928,45.625437],[25.477886,45.62542],[25.477843,45.625397],[25.477348,45.625089],[25.477178,45.624981],[25.477073,45.624915],[25.477025,45.624889],[25.476977,45.624868],[25.47692,45.624855]]},"properties":{"name":"Strada Morii"}},{"type":"Feature","geometry":{"type":"LineString","coordinates":[[25.506988,45.663197],[25.506913,45.66318],[25.506823,45.663162],[25.506571,45.663108],[25.505962,45.662977],[25.505142,45.662799],[25.504703,45.662697],[25.50454,45.662658],[25.504378,45.662619],[25.504334,45.662617],[25.504298,45.662623],[25.504255,45.662633],[25.504212,45.66265],[25.504184,45.662662],[25.504138,45.662682]]},"properties":{"name":"Strada Morii"}},{"type":"Feature","geometry":{"type":"LineString","coordinates":[[25.503829,45.66267],[25.503727,45.662575],[25.503644,45.662512],[25.503604,45.662483],[25.503548,45.662454],[25.503499,45.662428],[25.503136,45.662274],[25.503098,45.662258],[25.502968,45.662197],[25.502812,45.662114],[25.502702,45.662051],[25.502589,45.66198],[25.502476,45.661898],[25.502169,45.661654],[25.502144,45.661635],[25.502052,45.661552],[25.501995,45.661496],[25.501949,45.661442],[25.501901,45.66137],[25.501852,45.661278],[25.501816,45.661188],[25.501779,45.661077],[25.501757,45.660996],[25.501736,45.660915],[25.501721,45.660852],[25.501614,45.660549],[25.501528,45.660327],[25.50145,45.660156],[25.501345,45.659951],[25.501257,45.659801],[25.501194,45.6597],[25.501129,45.659622],[25.501037,45.659536],[25.500524,45.659131],[25.50048,45.659091],[25.500442,45.659049],[25.500414,45.659007],[25.500393,45.658964],[25.500383,45.658935],[25.500377,45.658915],[25.500333,45.658724],[25.500281,45.658566],[25.500217,45.658409],[25.500091,45.658106]]},"properties":{"name":"Strada Morii"}},{"type":"Feature","geometry":{"type":"LineString","coordinates":[[25.627816,45.717102],[25.627642,45.717113],[25.62756,45.717131],[25.627301,45.717197]]},"properties":{"name":"Strada Morii"}},{"type":"Feature","geometry":{"type":"LineString","coordinates":[[25.47692,45.624855],[25.476849,45.624858],[25.476777,45.624873],[25.476694,45.624898],[25.476562,45.624948],[25.476397,45.625016],[25.475332,45.625496],[25.475222,45.625557],[25.474598,45.625835],[25.473557,45.626265],[25.47334,45.626351],[25.472974,45.6265],[25.472645,45.626641],[25.472301,45.626785],[25.471966,45.626915],[25.471779,45.626995],[25.471038,45.627307],[25.470561,45.627507],[25.470514,45.627524],[25.469452,45.627974],[25.46915,45.628106],[25.4688,45.628258],[25.468435,45.628419],[25.4683,45.628478],[25.467185,45.628948],[25.466991,45.629035],[25.4663,45.629326],[25.465965,45.629478],[25.465821,45.629537],[25.465758,45.629566],[25.465399,45.629722],[25.464629,45.630033],[25.464081,45.630255],[25.4638,45.630362],[25.4635,45.630479]]},"properties":{"name":"Strada Vulcanului"}},{"type":"Feature","geometry":{"type":"LineString","coordinates":[[25.4635,45.630479],[25.462712,45.630791],[25.461899,45.631119],[25.461028,45.631488],[25.459915,45.631951],[25.459489,45.632134],[25.45932,45.632205],[25.458829,45.632413],[25.458702,45.632467],[25.458513,45.632547],[25.458147,45.632702]]},"properties":{"name":"DJ112B"}},{"type":"Feature","geometry":{"type":"LineString","coordinates":[[25.43413,45.636568],[25.43526,45.636359],[25.435987,45.636225],[25.436234,45.636183],[25.436479,45.63615],[25.43674,45.636125],[25.437027,45.63611],[25.437312,45.636105],[25.437601,45.636116],[25.437817,45.63614],[25.437995,45.636161],[25.438926,45.636288],[25.43895,45.636291],[25.439225,45.636328],[25.439562,45.636372],[25.439749,45.636391],[25.439926,45.6364],[25.440035,45.636405],[25.440227,45.636406],[25.441178,45.636378],[25.441372,45.636373],[25.442137,45.636351],[25.442247,45.636346],[25.44278,45.636325],[25.445336,45.636242],[25.446094,45.63622],[25.446326,45.636196],[25.446465,45.636169],[25.446593,45.636134],[25.447047,45.635974],[25.447537,45.635801],[25.447775,45.635718],[25.447817,45.635703],[25.448653,45.635413],[25.449607,45.635114],[25.450123,45.634965],[25.45072,45.634808],[25.4513,45.634661],[25.452256,45.63443],[25.453211,45.634198],[25.453502,45.634136],[25.453762,45.63409],[25.454267,45.634009],[25.454549,45.633951],[25.454855,45.633876],[25.455121,45.633795],[25.456476,45.633329],[25.45655,45.633304]]},"properties":{"name":"DJ112B"}},{"type":"Feature","geometry":{"type":"LineString","coordinates":[[25.457087,45.633066],[25.456974,45.633118],[25.45655,45.633304],[25.45716,45.633177]]},"properties":{"name":"DJ112B"}},{"type":"Feature","geometry":{"type":"LineString","coordinates":[[25.457561,45.632853],[25.458147,45.632702],[25.457815,45.632935],[25.4577,45.633009]]},"properties":{"name":"DJ112B"}},{"type":"Feature","geometry":{"type":"LineString","coordinates":[[25.47334,45.626351],[25.473217,45.626219],[25.472685,45.62564],[25.472514,45.62545],[25.472188,45.625061],[25.471648,45.624461],[25.471042,45.623764],[25.470665,45.623338],[25.470376,45.623018],[25.470055,45.622641],[25.469843,45.622399],[25.469664,45.622201],[25.469457,45.621954],[25.46906,45.621501],[25.46884,45.621245],[25.468634,45.621006],[25.468431,45.62078],[25.468301,45.620639],[25.468212,45.620541],[25.467836,45.620123],[25.467452,45.61971],[25.467367,45.619617],[25.467178,45.619402],[25.466901,45.619088]]},"properties":{"name":"Strada Preot Virgil Pop"}},{"type":"Feature","geometry":{"type":"LineString","coordinates":[[25.466901,45.619088],[25.470411,45.617483]]},"properties":{"name":"Strada Frații Buzești"}},{"type":"Feature","geometry":{"type":"LineString","coordinates":[[25.421402,45.63399],[25.422,45.63439],[25.422268,45.634573],[25.42254,45.634768],[25.422877,45.635018],[25.423318,45.635357],[25.42343,45.635444],[25.423529,45.635524]]},"properties":{"name":"Strada Principală"}},{"type":"Feature","geometry":{"type":"LineString","coordinates":[[25.734022,45.766705],[25.733941,45.766674],[25.731695,45.765841],[25.729793,45.765164],[25.727378,45.764372],[25.727229,45.764322],[25.727139,45.764291],[25.726923,45.764212],[25.726197,45.763945],[25.723972,45.76297],[25.723679,45.762826],[25.723549,45.762737],[25.72344,45.762612],[25.72338,45.76251],[25.723111,45.76176],[25.722982,45.76156],[25.722693,45.761196],[25.722518,45.760995],[25.72216,45.760569],[25.721752,45.760123],[25.721714,45.760077],[25.721427,45.759775],[25.720294,45.758648],[25.719851,45.758206],[25.719179,45.757558],[25.718719,45.757179],[25.718671,45.757136],[25.717572,45.756303],[25.717339,45.756155],[25.717037,45.755999],[25.715586,45.755429],[25.715373,45.755343],[25.715291,45.755306],[25.715216,45.755282],[25.715053,45.755217],[25.714687,45.755047],[25.714546,45.754992]]},"properties":{"name":"Strada Principală"}},{"type":"Feature","geometry":{"type":"LineString","coordinates":[[25.783498,45.759402],[25.781756,45.758563],[25.780669,45.758035],[25.780356,45.757858],[25.780057,45.757662],[25.778544,45.756498],[25.777777,45.755896],[25.776897,45.755213],[25.776754,45.755102],[25.776651,45.755024],[25.776263,45.754727],[25.775976,45.754506],[25.775864,45.754416],[25.774319,45.753227],[25.774098,45.75306],[25.774019,45.753],[25.773119,45.75232],[25.772921,45.752172],[25.772799,45.752077],[25.772147,45.751593],[25.771638,45.751211],[25.771117,45.750876],[25.770915,45.750748]]},"properties":{"name":"Strada Principală"}},{"type":"Feature","geometry":{"type":"LineString","coordinates":[[25.775026,45.639657],[25.775117,45.639838],[25.775233,45.640112],[25.77538,45.640366],[25.775475,45.640495],[25.775638,45.640706],[25.775891,45.640979],[25.776243,45.64134],[25.776741,45.6419],[25.7771,45.642329],[25.777257,45.642485],[25.777403,45.642577],[25.777731,45.642715],[25.77785,45.642773],[25.777912,45.642828],[25.777963,45.642909],[25.778002,45.643],[25.778071,45.643288],[25.77811,45.643689],[25.778165,45.644072],[25.778183,45.644255],[25.778185,45.6444],[25.778155,45.644584],[25.778123,45.64472],[25.778053,45.644881],[25.777971,45.644989],[25.777891,45.645068],[25.778041,45.645103],[25.77814,45.645151],[25.778269,45.645239],[25.77856,45.64562],[25.778593,45.645666],[25.778749,45.646003],[25.778891,45.646287],[25.778997,45.646446],[25.779173,45.646579],[25.779367,45.646663],[25.779734,45.646798],[25.780548,45.647096],[25.780988,45.647252],[25.781531,45.647368],[25.781942,45.647503],[25.782314,45.647636],[25.782687,45.647664],[25.783027,45.647634],[25.783349,45.647625],[25.783744,45.647667],[25.784072,45.647712],[25.78452,45.647757],[25.784709,45.647765],[25.784932,45.647734],[25.785196,45.647664],[25.785722,45.64748],[25.785867,45.647428],[25.786151,45.647398],[25.786501,45.647367],[25.786617,45.647357],[25.786852,45.647316],[25.787311,45.647191],[25.787429,45.647177],[25.787505,45.647175],[25.787634,45.647182],[25.787734,45.647175],[25.787846,45.647158],[25.788059,45.647101],[25.788398,45.647016],[25.788825,45.646928],[25.789185,45.646876],[25.789429,45.646816],[25.789659,45.646723],[25.789766,45.646689],[25.790021,45.646608],[25.790107,45.646583],[25.790418,45.646492],[25.790864,45.646357],[25.790886,45.646321],[25.790942,45.64623],[25.790968,45.646188],[25.791023,45.646123],[25.791099,45.646057],[25.791496,45.645826],[25.791767,45.645639],[25.79186,45.645554],[25.79195,45.645425],[25.792014,45.645239],[25.792078,45.644952],[25.79209,45.644802],[25.792079,45.6446],[25.79198,45.64444]]},"properties":{"name":"Strada Principală"}},{"type":"Feature","geometry":{"type":"LineString","coordinates":[[25.758899,45.63698],[25.758932,45.637019],[25.758962,45.637179],[25.75899,45.637352],[25.759005,45.637568],[25.758992,45.637721],[25.758956,45.637871],[25.758897,45.637992],[25.75886,45.638058],[25.758847,45.638079],[25.7588,45.638155],[25.758701,45.638318],[25.758693,45.638332],[25.758659,45.638419],[25.758637,45.638579],[25.75863,45.638743],[25.758596,45.638954],[25.758545,45.639124],[25.7585,45.639235],[25.75846,45.639348],[25.758435,45.639416],[25.75841,45.639491],[25.75835,45.639634],[25.758211,45.639813],[25.758045,45.639973],[25.757847,45.64013],[25.757656,45.640251],[25.757347,45.640395],[25.757103,45.640515],[25.756896,45.640635],[25.756764,45.640752],[25.756659,45.640842],[25.756572,45.641011],[25.756548,45.64117],[25.756502,45.641488],[25.756492,45.641553],[25.756472,45.641769],[25.756468,45.641877],[25.756506,45.642062],[25.756516,45.642112],[25.756632,45.642388],[25.756664,45.64254],[25.756675,45.642797],[25.756677,45.642834],[25.756782,45.642954],[25.75689,45.643036],[25.757073,45.643133],[25.757371,45.643235],[25.757626,45.643321],[25.757805,45.643408],[25.757974,45.643501],[25.758116,45.643617],[25.758307,45.643787],[25.758417,45.643895],[25.758537,45.64399],[25.758753,45.644141],[25.758932,45.644261],[25.759149,45.644422],[25.75942,45.64459],[25.759586,45.644679],[25.759764,45.644796],[25.759943,45.644957],[25.760046,45.6451],[25.76012,45.645231],[25.760209,45.645376],[25.760279,45.645474],[25.760397,45.645574],[25.760699,45.645788],[25.760825,45.645926],[25.760935,45.64606],[25.761014,45.646171],[25.761141,45.646286],[25.761335,45.646424],[25.761519,45.646576],[25.76174,45.646817],[25.761928,45.647064],[25.762122,45.647279],[25.762264,45.647421],[25.76246,45.647581],[25.762662,45.64771],[25.762932,45.647841],[25.763102,45.647916],[25.763305,45.647977],[25.763932,45.648101],[25.764448,45.64821],[25.764568,45.648256]]},"properties":{"name":"Strada Principală"}},{"type":"Feature","geometry":{"type":"LineString","coordinates":[[25.423529,45.635524],[25.423584,45.635497],[25.423629,45.635476],[25.424102,45.635253],[25.424893,45.634828],[25.42511,45.634715],[25.425579,45.634469],[25.425699,45.634417],[25.425816,45.634378],[25.425971,45.63435],[25.426183,45.634353],[25.426466,45.634378],[25.426671,45.634409],[25.427265,45.634513],[25.428302,45.634724],[25.428477,45.634767],[25.428653,45.634819],[25.428832,45.63489],[25.428975,45.634971],[25.429074,45.635035],[25.429178,45.635107],[25.429286,45.635192],[25.429486,45.635376],[25.429643,45.635537],[25.429822,45.635751],[25.429882,45.635824],[25.429973,45.63592],[25.430031,45.635972],[25.430102,45.636029],[25.430196,45.636081],[25.4303,45.636129],[25.430477,45.636192],[25.430671,45.636245],[25.43086,45.636288],[25.432532,45.636607],[25.432775,45.636647],[25.432835,45.636656],[25.433004,45.636676],[25.433158,45.636686],[25.433307,45.636682],[25.433533,45.636664],[25.433808,45.636628],[25.43413,45.636568]]},"properties":{"name":"Strada Cristianului"}},{"type":"Feature","geometry":{"type":"LineString","coordinates":[[25.457201,45.577382],[25.457131,45.577405],[25.45709,45.577424],[25.45706,45.577442],[25.457035,45.577459],[25.457008,45.577481],[25.456977,45.577514]]},"properties":{"name":"Strada Predeal"}},{"type":"Feature","geometry":{"type":"LineString","coordinates":[[25.45699,45.577545],[25.457061,45.577574],[25.457132,45.577597],[25.45722,45.577617],[25.457279,45.57763],[25.457361,45.577646],[25.457753,45.577658],[25.457822,45.57766],[25.458035,45.577576],[25.458108,45.577547]]},"properties":{"name":"Strada Ion Luca Caragiale"}},{"type":"Feature","geometry":{"type":"LineString","coordinates":[[25.458529,45.577821],[25.458562,45.577875],[25.458654,45.578026],[25.458676,45.578058],[25.458741,45.578151],[25.458864,45.578328],[25.459551,45.579358],[25.459882,45.579863],[25.459984,45.580018],[25.4602,45.580348],[25.460239,45.580479],[25.460282,45.580623],[25.460306,45.580705],[25.460311,45.580723],[25.460344,45.580835],[25.460377,45.580946],[25.460436,45.581147],[25.460604,45.58169],[25.460747,45.582171],[25.460919,45.582767],[25.460938,45.58284],[25.461009,45.583006],[25.461036,45.583064]]},"properties":{"name":"Strada Ion Luca Caragiale"}},{"type":"Feature","geometry":{"type":"LineString","coordinates":[[25.46106,45.583115],[25.461085,45.583147],[25.461113,45.583191],[25.461164,45.583286],[25.461204,45.583378]]},"properties":{"name":"Strada Ion Luca Caragiale"}},{"type":"Feature","geometry":{"type":"LineString","coordinates":[[25.464677,45.589838],[25.464574,45.589713],[25.464441,45.589554],[25.464262,45.589337],[25.464093,45.589148],[25.463885,45.588943],[25.463772,45.588851],[25.463617,45.588731],[25.463504,45.588655],[25.463168,45.588439],[25.463058,45.588359],[25.462974,45.588293],[25.462871,45.588212],[25.462689,45.588063],[25.462627,45.58801],[25.462368,45.587789],[25.462213,45.587638],[25.462057,45.587471],[25.46194,45.587326],[25.461822,45.587163],[25.461686,45.586958],[25.461622,45.586852],[25.461566,45.586754],[25.461502,45.586629],[25.461447,45.586505],[25.461415,45.58642],[25.461395,45.586342],[25.461385,45.586263],[25.461382,45.586191],[25.461383,45.586126],[25.461395,45.585935],[25.461501,45.585154],[25.461523,45.584967],[25.461571,45.584538],[25.461582,45.584417],[25.461584,45.584331],[25.461583,45.584246],[25.461577,45.584177],[25.461564,45.5841],[25.461536,45.583993],[25.46141,45.583759],[25.461348,45.583643],[25.461337,45.583623],[25.4613,45.583554],[25.461223,45.583412],[25.461204,45.583378],[25.46102,45.583217],[25.460966,45.583171]]},"properties":{"name":"Strada Ion Luca Caragiale"}},{"type":"Feature","geometry":{"type":"LineString","coordinates":[[25.464677,45.589838],[25.464589,45.589866],[25.464131,45.590035],[25.463616,45.590225],[25.462961,45.590465],[25.461664,45.590916],[25.461576,45.590947],[25.461439,45.590985],[25.461375,45.590991],[25.461302,45.590981],[25.461235,45.590954]]},"properties":{"name":"Strada Mihai Viteazul"}},{"type":"Feature","geometry":{"type":"LineString","coordinates":[[25.698539,45.725669],[25.698501,45.725594],[25.698434,45.72546],[25.698407,45.725407],[25.698341,45.725296],[25.698129,45.724992],[25.697677,45.724331],[25.697171,45.7235],[25.696858,45.722988],[25.696825,45.722925],[25.695749,45.721056],[25.695195,45.720058],[25.694558,45.71893],[25.694522,45.718861],[25.694507,45.718838],[25.69448,45.718782],[25.694345,45.718503],[25.694329,45.718468],[25.694283,45.718371],[25.694242,45.718264],[25.694223,45.718177],[25.694213,45.718095],[25.694209,45.717988],[25.694222,45.717867],[25.694296,45.717412],[25.694332,45.717216],[25.694693,45.715561],[25.69469,45.715522],[25.694682,45.715491],[25.694657,45.715454],[25.694621,45.715417],[25.694547,45.715371],[25.694439,45.715333],[25.694257,45.715302],[25.694022,45.71528],[25.69382,45.71526],[25.693209,45.715216],[25.692519,45.715142],[25.6918,45.715047],[25.691172,45.714941],[25.690117,45.714719],[25.689177,45.714514],[25.688315,45.714333],[25.68822,45.714313],[25.68759,45.714183],[25.68709,45.714096],[25.686211,45.713953],[25.685542,45.71385],[25.685377,45.713825],[25.684572,45.713701],[25.68442,45.713677]]},"properties":{"name":"Strada Mihai Viteazul"}},{"type":"Feature","geometry":{"type":"LineString","coordinates":[[25.460743,45.590073],[25.460827,45.590171],[25.460871,45.590229],[25.460914,45.590295],[25.460947,45.590362],[25.460972,45.590419],[25.46103,45.590585],[25.46107,45.590714],[25.461101,45.590787],[25.46113,45.590838],[25.461162,45.590883],[25.461198,45.590924],[25.461235,45.590954]]},"properties":{"name":"Strada Negoiu"}},{"type":"Feature","geometry":{"type":"LineString","coordinates":[[25.45946,45.589497],[25.459533,45.589508],[25.459708,45.589545],[25.459947,45.589605],[25.460149,45.58966],[25.46025,45.589694],[25.460334,45.589728],[25.460413,45.589767],[25.460512,45.589832],[25.460587,45.589902],[25.460672,45.589991],[25.460743,45.590073]]},"properties":{"name":"Piața Industriei"}},{"type":"Feature","geometry":{"type":"LineString","coordinates":[[25.45946,45.589497],[25.459101,45.589484],[25.458535,45.589464],[25.458414,45.589461],[25.458155,45.589454],[25.457111,45.589435],[25.457027,45.589436],[25.456225,45.589461],[25.455701,45.589489],[25.455574,45.589498],[25.455492,45.589504],[25.455378,45.589514]]},"properties":{"name":"Strada Uzinei"}},{"type":"Feature","geometry":{"type":"LineString","coordinates":[[25.45537,45.589559],[25.455399,45.589648],[25.455421,45.589706],[25.455448,45.589766],[25.455493,45.589855],[25.455518,45.589893],[25.455546,45.589934],[25.455602,45.590008],[25.455647,45.590061],[25.455781,45.590203],[25.455923,45.590337],[25.456041,45.590443],[25.456194,45.590563],[25.456531,45.590817],[25.456936,45.591119],[25.457267,45.591357],[25.457441,45.591484],[25.457575,45.591586],[25.457694,45.591686],[25.457779,45.591768],[25.457866,45.591868],[25.457942,45.591968],[25.457998,45.592056],[25.458052,45.592152],[25.458145,45.59234],[25.45824,45.592543],[25.458282,45.592629],[25.458319,45.592697],[25.458375,45.592782],[25.458427,45.592847],[25.458496,45.592918],[25.458569,45.592982],[25.458639,45.593034],[25.458724,45.593093],[25.458802,45.593143]]},"properties":{"name":"Strada Câmpului"}},{"type":"Feature","geometry":{"type":"LineString","coordinates":[[25.455493,45.589855],[25.455373,45.589766],[25.455324,45.589737],[25.455268,45.589714],[25.45517,45.589688]]},"properties":{"name":"Strada Câmpului"}},{"type":"Feature","geometry":{"type":"LineString","coordinates":[[25.458802,45.593143],[25.45888,45.593191],[25.45895,45.593228],[25.459016,45.593258],[25.4593,45.593378],[25.459646,45.593512],[25.459772,45.593561],[25.459932,45.593617],[25.460061,45.593668],[25.460227,45.593751],[25.460325,45.593808],[25.460404,45.593871],[25.460488,45.593953],[25.46056,45.594045],[25.460643,45.594167],[25.460728,45.594313],[25.460843,45.594505],[25.46142,45.595506],[25.461565,45.595755],[25.461753,45.596079],[25.461793,45.596147],[25.461887,45.596278],[25.461994,45.596403],[25.462105,45.596518],[25.462451,45.59683],[25.462704,45.59706],[25.463251,45.597583],[25.463362,45.59769],[25.463477,45.5978],[25.463582,45.5979],[25.463966,45.598264],[25.464312,45.598595],[25.464403,45.59868],[25.464505,45.598777],[25.464625,45.598892],[25.464693,45.598957]]},"properties":{"name":"Strada Caraiman"}},{"type":"Feature","geometry":{"type":"LineString","coordinates":[[25.464693,45.598957],[25.464909,45.599175],[25.46502,45.599297],[25.46504,45.59932],[25.46513,45.599445],[25.465149,45.599472],[25.465204,45.599552],[25.465259,45.59964],[25.465314,45.599736],[25.465396,45.599887],[25.465467,45.600037],[25.465552,45.600222],[25.465631,45.600433],[25.46568,45.60062],[25.465716,45.60078],[25.465744,45.600894],[25.465798,45.601165],[25.465839,45.601332],[25.465934,45.601702],[25.465948,45.601758],[25.465994,45.601929],[25.466055,45.602155],[25.466083,45.602258],[25.466121,45.602384],[25.466158,45.602505],[25.466173,45.602554],[25.466251,45.602789],[25.466355,45.603045],[25.466478,45.603332],[25.466551,45.603495],[25.466621,45.603643],[25.466663,45.603724],[25.466785,45.603963],[25.4669,45.604195],[25.467171,45.604758],[25.467284,45.60498],[25.467387,45.605166],[25.467586,45.605517],[25.467725,45.605752],[25.467883,45.606005],[25.468096,45.606336],[25.468349,45.606746],[25.468656,45.607267],[25.468885,45.60767],[25.469026,45.607913],[25.469118,45.608096],[25.469144,45.608148],[25.469188,45.608237],[25.469257,45.608385],[25.469355,45.6086],[25.469518,45.608988],[25.469682,45.609402],[25.46974,45.609554]]},"properties":{"name":"Calea Brașovului"}},{"type":"Feature","geometry":{"type":"LineString","coordinates":[[25.513556,45.663319],[25.513625,45.663318],[25.513689,45.663314],[25.513763,45.663301],[25.513852,45.663272],[25.514281,45.663083],[25.514879,45.662839],[25.515155,45.662744],[25.515288,45.662707],[25.515467,45.662668],[25.515478,45.662666],[25.515705,45.662625],[25.515951,45.662592],[25.516344,45.662554],[25.516502,45.662545],[25.516969,45.662516],[25.517501,45.662485],[25.518109,45.662455],[25.518778,45.662424],[25.519505,45.662382],[25.519934,45.662356],[25.520311,45.66234],[25.520805,45.662336],[25.521174,45.66235],[25.521426,45.662371],[25.522092,45.662429],[25.522388,45.662457],[25.522943,45.662518],[25.523764,45.662612],[25.524597,45.662696],[25.525567,45.662792],[25.525863,45.66281],[25.526206,45.662811],[25.526445,45.662807],[25.526691,45.662787],[25.526971,45.66276],[25.527372,45.662711],[25.527879,45.662651],[25.528437,45.66258],[25.529294,45.662475],[25.530215,45.662379],[25.530842,45.662319],[25.531297,45.662278],[25.531995,45.66221]]},"properties":{"name":"Calea Brașovului"}},{"type":"Feature","geometry":{"type":"LineString","coordinates":[[25.531928,45.662283],[25.531351,45.662347],[25.530627,45.662416],[25.529805,45.662498],[25.529197,45.662566],[25.52696,45.662845],[25.526649,45.662873],[25.526317,45.66289],[25.526027,45.662895],[25.525707,45.662884],[25.525507,45.662867],[25.524413,45.66275],[25.522474,45.662549],[25.521639,45.662467],[25.521408,45.662446],[25.52114,45.662429],[25.520799,45.662425]]},"properties":{"name":"Calea Brașovului"}},{"type":"Feature","geometry":{"type":"LineString","coordinates":[[25.519509,45.66247],[25.518503,45.662525],[25.517731,45.662558],[25.517179,45.662586],[25.516919,45.662599],[25.516405,45.662627],[25.516092,45.66265],[25.515935,45.662669],[25.51581,45.662682],[25.515735,45.662693],[25.515614,45.662711],[25.515431,45.662746],[25.515321,45.662773],[25.515208,45.662802],[25.515037,45.662854],[25.514901,45.662898],[25.514762,45.662947],[25.514571,45.663026],[25.514319,45.663131],[25.513931,45.663314],[25.513824,45.663371],[25.513788,45.663393],[25.513754,45.663431],[25.51372,45.663499]]},"properties":{"name":"Calea Brașovului"}},{"type":"Feature","geometry":{"type":"LineString","coordinates":[[25.460061,45.593668],[25.460155,45.593619],[25.460256,45.593566],[25.460965,45.593232],[25.46105,45.593196],[25.461137,45.593167],[25.461277,45.593129],[25.461479,45.593077],[25.462298,45.592867],[25.462451,45.592824]]},"properties":{"name":"Strada Republicii"}},{"type":"Feature","geometry":{"type":"LineString","coordinates":[[25.640391,45.704834],[25.640345,45.704887],[25.640258,45.704987],[25.640144,45.705131],[25.639931,45.705495],[25.639829,45.705655],[25.639637,45.705949],[25.639549,45.706084],[25.639433,45.706252],[25.63927,45.706466],[25.638492,45.70753],[25.638316,45.70773],[25.637604,45.708538],[25.636987,45.709105],[25.636333,45.709648],[25.635354,45.710376],[25.6353,45.710417],[25.635213,45.710481],[25.635172,45.710503],[25.635128,45.710512],[25.635046,45.710518],[25.635043,45.710608],[25.63502,45.71067],[25.634975,45.710723],[25.634537,45.711156],[25.633973,45.71172],[25.633967,45.711726],[25.633812,45.711889],[25.63372,45.711984],[25.633375,45.712368],[25.632529,45.713171],[25.631971,45.7137],[25.631744,45.713918],[25.63109,45.71456],[25.630514,45.715118],[25.630387,45.715247],[25.630304,45.715332],[25.630111,45.715531],[25.629872,45.715768],[25.629706,45.715931],[25.629576,45.716042],[25.629527,45.716078],[25.629438,45.716143],[25.629268,45.716258],[25.629112,45.716347],[25.628801,45.716528],[25.628478,45.716703],[25.627975,45.716975],[25.627916,45.717013]]},"properties":{"name":"Strada Republicii"}},{"type":"Feature","geometry":{"type":"LineString","coordinates":[[25.462451,45.592824],[25.462389,45.592718],[25.462225,45.592437],[25.462158,45.592311],[25.462009,45.592005],[25.461864,45.591826],[25.461726,45.591555],[25.461605,45.59131],[25.461487,45.591075],[25.461439,45.590985]]},"properties":{"name":"Strada Florilor"}},{"type":"Feature","geometry":{"type":"LineString","coordinates":[[25.460882,45.583118],[25.460835,45.583116],[25.460811,45.583115],[25.460768,45.583113],[25.460714,45.583107],[25.46036,45.583063],[25.460302,45.583056],[25.459684,45.582971],[25.459533,45.58295]]},"properties":{"name":"Strada Tudor Vladimirescu"}},{"type":"Feature","geometry":{"type":"LineString","coordinates":[[25.500091,45.658106],[25.500232,45.658065],[25.500473,45.657996],[25.500518,45.657983],[25.501839,45.65758],[25.501968,45.657541],[25.50201,45.657529],[25.502068,45.65751],[25.502189,45.657472],[25.502244,45.657454],[25.502294,45.657438],[25.503582,45.657033],[25.503655,45.657012]]},"properties":{"name":"Strada Tudor Vladimirescu"}},{"type":"Feature","geometry":{"type":"LineString","coordinates":[[25.640436,45.763669],[25.640245,45.763602]]},"properties":{"name":"Strada Tudor Vladimirescu"}},{"type":"Feature","geometry":{"type":"LineString","coordinates":[[25.941518,45.677932],[25.941416,45.677945],[25.94132,45.677957],[25.941143,45.677975],[25.940976,45.677999],[25.940826,45.678025],[25.940665,45.67807],[25.940544,45.678112],[25.940405,45.67816],[25.940194,45.678239],[25.939808,45.678383],[25.939423,45.678531],[25.938758,45.678801],[25.938635,45.678848],[25.938533,45.678878],[25.938385,45.678908],[25.938278,45.678917],[25.938181,45.678916],[25.938093,45.6789],[25.938063,45.678895],[25.937924,45.678854],[25.937782,45.678803],[25.937691,45.678784],[25.937605,45.678777],[25.937503,45.678784],[25.937395,45.678812],[25.937275,45.678857],[25.937165,45.67891],[25.937039,45.678975],[25.936899,45.67905],[25.936687,45.679169],[25.936494,45.679268],[25.936229,45.67941],[25.935974,45.679547],[25.935716,45.679684],[25.935437,45.679839],[25.935177,45.679978],[25.935016,45.680064],[25.934893,45.680126],[25.934732,45.680194],[25.934593,45.680242],[25.934338,45.68033],[25.933946,45.680452],[25.933533,45.680583],[25.93272,45.680834],[25.9319,45.681087],[25.931098,45.681344],[25.930701,45.681463],[25.930582,45.681498],[25.930141,45.681629],[25.929722,45.681759],[25.929322,45.681884],[25.929014,45.681993],[25.928879,45.682034],[25.928748,45.68206],[25.928635,45.682069],[25.928528,45.682068],[25.928437,45.682054],[25.928303,45.682008],[25.928177,45.681944],[25.927984,45.681841],[25.927796,45.68173],[25.927526,45.681555],[25.927383,45.681457],[25.927219,45.681359],[25.927023,45.68125],[25.92666,45.681073],[25.926268,45.680877],[25.925762,45.680628],[25.925626,45.680583],[25.92554,45.680566],[25.925479,45.680563],[25.925419,45.680564],[25.925259,45.680583],[25.925073,45.680611],[25.924854,45.680647],[25.924463,45.680713],[25.923976,45.680784],[25.923728,45.680815],[25.923492,45.680835],[25.923143,45.68085],[25.922609,45.680861],[25.922257,45.680881],[25.921931,45.680916],[25.921542,45.680975],[25.921216,45.68103],[25.920948,45.68108],[25.92076,45.681116],[25.92022,45.681216],[25.91914,45.681417],[25.918099,45.681606],[25.917047,45.681804],[25.915928,45.682011],[25.914882,45.682209],[25.914444,45.68229],[25.914093,45.682359],[25.913857,45.682402],[25.913647,45.682431],[25.913448,45.682449],[25.913283,45.682443],[25.913112,45.682425],[25.912941,45.682397],[25.91261,45.68231],[25.912332,45.682239],[25.91219,45.682217],[25.912107,45.682212],[25.911983,45.682207],[25.911809,45.682215],[25.911637,45.682242],[25.911487,45.682278],[25.911319,45.682328],[25.911176,45.682373],[25.910962,45.682459],[25.910308,45.682722],[25.910049,45.682831],[25.909847,45.6829],[25.909698,45.68293],[25.909532,45.68295],[25.909344,45.682961],[25.908943,45.682968],[25.908716,45.68298],[25.908457,45.68302],[25.90824,45.68307],[25.908049,45.683108],[25.90791,45.683123],[25.907782,45.683132],[25.907651,45.683137],[25.907426,45.683126],[25.907023,45.683097],[25.906477,45.683045],[25.906289,45.683036],[25.906144,45.683034],[25.905984,45.683042],[25.905866,45.683059],[25.90571,45.683079],[25.905447,45.683131],[25.905266,45.683179],[25.904281,45.683444],[25.903678,45.683612],[25.903142,45.683751],[25.902559,45.683887],[25.902351,45.683945],[25.902178,45.684009],[25.902015,45.68408],[25.901852,45.684163],[25.901702,45.684267],[25.9015,45.684432],[25.901113,45.684752],[25.900782,45.685012],[25.900471,45.685256],[25.900297,45.685377],[25.900149,45.685455],[25.899964,45.685546],[25.899188,45.685848],[25.898419,45.686165],[25.898331,45.686201],[25.898173,45.686266],[25.897336,45.686635],[25.896578,45.686964],[25.896344,45.687059],[25.896087,45.687139],[25.895804,45.687208],[25.894949,45.687406],[25.894573,45.687494],[25.894248,45.687584],[25.89361,45.687754],[25.892912,45.687954],[25.892271,45.688168],[25.89172,45.688362],[25.891421,45.688478],[25.891245,45.688543],[25.891039,45.68861],[25.890866,45.688655],[25.890586,45.688718],[25.89005,45.688808],[25.889476,45.688886],[25.889304,45.688918],[25.889104,45.688972],[25.888896,45.689037],[25.888796,45.689073],[25.888545,45.689178],[25.887907,45.689437],[25.887328,45.689672],[25.886743,45.689905],[25.886249,45.690096],[25.886012,45.690176],[25.885828,45.69023],[25.885726,45.690256],[25.885608,45.69028],[25.885361,45.690316],[25.884639,45.690385],[25.883938,45.690448],[25.883436,45.690481],[25.883011,45.690501],[25.882296,45.690514],[25.881976,45.690525],[25.88167,45.690539],[25.881367,45.690566],[25.881076,45.690607],[25.880848,45.690647],[25.880676,45.690682],[25.880419,45.690744],[25.879785,45.690908],[25.879199,45.691061],[25.878782,45.691161],[25.878455,45.691238],[25.878085,45.691317],[25.877831,45.691366],[25.877673,45.691395],[25.87693,45.691506],[25.876888,45.691513],[25.876765,45.691535],[25.876646,45.691565],[25.87653,45.691605],[25.876388,45.69167],[25.876245,45.691764],[25.876022,45.691951],[25.875772,45.692192],[25.875562,45.692351],[25.875379,45.69247],[25.875123,45.692602],[25.874665,45.692792],[25.874049,45.693057],[25.873788,45.693167],[25.873275,45.693386],[25.873044,45.693497],[25.872857,45.693599],[25.872689,45.693693],[25.872507,45.693815],[25.872249,45.694013],[25.872058,45.694137],[25.871911,45.694219],[25.871722,45.694297],[25.871582,45.694343],[25.871414,45.69439],[25.871143,45.694473],[25.870925,45.694537],[25.87069,45.694604],[25.87047,45.694658],[25.870231,45.694708],[25.869941,45.694756],[25.869071,45.69485],[25.868664,45.69491],[25.868414,45.694968],[25.868205,45.695043],[25.868021,45.695134],[25.867833,45.695238],[25.867622,45.695387],[25.867401,45.695556],[25.867166,45.695731],[25.866879,45.69591],[25.866588,45.696104],[25.866102,45.696406],[25.865663,45.696672],[25.865453,45.69677],[25.865296,45.696834],[25.865129,45.696886],[25.864927,45.696926],[25.864634,45.696964],[25.864139,45.697024],[25.863664,45.697071],[25.863129,45.697125],[25.862562,45.697166],[25.861981,45.697192],[25.861238,45.697224],[25.860749,45.697236],[25.860531,45.697246],[25.860394,45.697261],[25.860207,45.697298],[25.859992,45.697353],[25.859798,45.697421],[25.859604,45.697496],[25.859283,45.69764],[25.858963,45.697785],[25.858718,45.6979],[25.857959,45.698216],[25.857894,45.698241],[25.857721,45.698306],[25.857406,45.698436],[25.856811,45.698697],[25.856384,45.698887],[25.855523,45.69932],[25.855095,45.699513],[25.854921,45.699611],[25.854712,45.699742],[25.854402,45.699964],[25.854129,45.700151],[25.853735,45.700369],[25.853103,45.7007],[25.85258,45.700978],[25.85243,45.701053],[25.852073,45.701231],[25.851734,45.701383],[25.851356,45.701549],[25.850522,45.701873],[25.849803,45.702134],[25.849143,45.702367],[25.849096,45.702388],[25.848142,45.702675],[25.847553,45.702871],[25.847037,45.703056],[25.846505,45.703247],[25.846052,45.703407],[25.845266,45.70369],[25.844875,45.703844]]},"properties":{"name":"Strada Tudor Vladimirescu"}},{"type":"Feature","geometry":{"type":"LineString","coordinates":[[25.459533,45.58295],[25.459478,45.582894],[25.459433,45.582853],[25.459397,45.582805],[25.458715,45.581701],[25.457873,45.580277],[25.457832,45.580208],[25.45747,45.579607],[25.456419,45.577812],[25.456364,45.577717],[25.456468,45.577689],[25.45658,45.577659],[25.456646,45.577631],[25.456682,45.577614],[25.456728,45.577591],[25.456763,45.577567],[25.456795,45.577539]]},"properties":{"name":"Strada Mihai Eminescu"}},{"type":"Feature","geometry":{"type":"LineString","coordinates":[[25.326038,45.561066],[25.32605,45.56098],[25.326057,45.560908],[25.32607,45.560378],[25.326081,45.559572],[25.326082,45.559387],[25.326081,45.559329],[25.326072,45.559277],[25.326055,45.55923],[25.326019,45.559187],[25.325971,45.559157]]},"properties":{"name":"Strada Mihai Eminescu"}},{"type":"Feature","geometry":{"type":"LineString","coordinates":[[25.594143,45.818772],[25.593998,45.818993]]},"properties":{"name":"Strada Mihai Eminescu"}},{"type":"Feature","geometry":{"type":"LineString","coordinates":[[25.758518,45.634074],[25.758507,45.63419],[25.758497,45.63427],[25.758476,45.63439],[25.758418,45.634563],[25.758256,45.634921],[25.758229,45.635081],[25.758251,45.635231],[25.758281,45.635333],[25.758411,45.635449],[25.758591,45.635554],[25.758754,45.635665],[25.758821,45.635823],[25.758816,45.635947],[25.758717,45.636155],[25.758629,45.636359],[25.758635,45.636562],[25.758642,45.636708],[25.75866,45.636822],[25.758707,45.636893],[25.758748,45.636931],[25.758899,45.63698]]},"properties":{"name":"Strada Mihai Eminescu"}},{"type":"Feature","geometry":{"type":"LineString","coordinates":[[25.449649,45.58969],[25.449452,45.589699],[25.448382,45.589749],[25.447004,45.589817],[25.445128,45.589906],[25.444756,45.589923],[25.444446,45.589929],[25.444165,45.589924],[25.443898,45.589911],[25.443634,45.589889],[25.443377,45.589856],[25.443115,45.589813],[25.442815,45.589752],[25.442557,45.589686],[25.442351,45.589624],[25.442155,45.589556],[25.441973,45.589487],[25.441781,45.589405],[25.441394,45.589229],[25.441152,45.58912],[25.440912,45.589011],[25.440743,45.588941],[25.440416,45.588806],[25.440343,45.588776],[25.439393,45.588405],[25.439148,45.588302],[25.438469,45.588006],[25.438404,45.587976],[25.437622,45.587622],[25.437472,45.587554],[25.437429,45.587535],[25.43728,45.587468],[25.437169,45.587419],[25.437051,45.587367],[25.436814,45.58727],[25.43669,45.587225],[25.436566,45.587189],[25.436423,45.587154],[25.436267,45.587125],[25.4361,45.587101],[25.435926,45.587084],[25.435759,45.587074],[25.435524,45.587066],[25.435116,45.587057],[25.43491,45.587046],[25.434711,45.587027],[25.43454,45.587002],[25.434341,45.586968],[25.434033,45.586911],[25.433293,45.586763],[25.432913,45.586686],[25.432577,45.586617],[25.431877,45.586465],[25.431366,45.586348],[25.430406,45.586112],[25.428374,45.585596],[25.427175,45.585288],[25.426316,45.58504],[25.425923,45.584916],[25.42312,45.584021],[25.42276,45.583921],[25.422435,45.583845],[25.422113,45.583785],[25.420847,45.583563],[25.419495,45.583344],[25.419079,45.58327],[25.418851,45.583222],[25.418645,45.58317],[25.418477,45.583121],[25.418012,45.582973],[25.417335,45.58274],[25.417092,45.582666],[25.416836,45.582595],[25.416512,45.582514],[25.41609,45.582412],[25.415756,45.58235],[25.415463,45.582301],[25.415113,45.582254],[25.413579,45.582071],[25.412003,45.581894],[25.41174,45.581855],[25.411447,45.581795],[25.41116,45.581718],[25.410793,45.581599],[25.410456,45.581474],[25.410164,45.581371],[25.409897,45.581291],[25.409608,45.581212],[25.409122,45.581091],[25.408688,45.580989],[25.408417,45.580921],[25.408146,45.580849],[25.40787,45.580766],[25.407449,45.580631],[25.406928,45.580451],[25.406503,45.580293],[25.406096,45.580133],[25.405661,45.579955],[25.405306,45.579794],[25.404938,45.579624],[25.404614,45.579465],[25.404264,45.57929],[25.40369,45.578991],[25.402994,45.578621],[25.402412,45.578317],[25.401869,45.578054],[25.399934,45.577128],[25.399774,45.577057],[25.399666,45.577019],[25.399573,45.577],[25.399489,45.576997],[25.399389,45.577012],[25.399257,45.577049],[25.399113,45.577084],[25.39899,45.577098],[25.398838,45.577091],[25.396738,45.576933],[25.396449,45.576911],[25.396394,45.576908],[25.396171,45.576897],[25.396133,45.576895],[25.395892,45.576896],[25.395692,45.576902],[25.395468,45.576913],[25.395228,45.576933],[25.394794,45.576974],[25.394381,45.577019],[25.393682,45.577092],[25.393077,45.57716],[25.391839,45.577311],[25.390444,45.577488],[25.39007,45.577535],[25.389652,45.5776],[25.389479,45.577638],[25.389312,45.577686],[25.389186,45.577737],[25.388824,45.577895],[25.388672,45.577955],[25.388522,45.577996],[25.388208,45.578054],[25.387935,45.578115],[25.38762,45.578199],[25.387417,45.578262],[25.387312,45.578295],[25.387143,45.578329],[25.386965,45.578351],[25.386776,45.578351],[25.386579,45.578327],[25.386392,45.578283],[25.386021,45.578201],[25.385835,45.578168],[25.385605,45.57814],[25.385354,45.578117],[25.385011,45.578098],[25.384576,45.578088],[25.38435,45.578078],[25.384132,45.578057],[25.384038,45.578041],[25.383944,45.578025],[25.383782,45.577991],[25.383544,45.577934],[25.383401,45.577896],[25.381782,45.577463]]},"properties":{"name":"DN73A"}},{"type":"Feature","geometry":{"type":"LineString","coordinates":[[25.449649,45.58969],[25.449832,45.58968],[25.450194,45.589658],[25.450397,45.589643],[25.451863,45.589509],[25.452676,45.589439],[25.453073,45.589408],[25.453266,45.589394],[25.453375,45.589389],[25.453548,45.589385],[25.453672,45.589384],[25.453822,45.589387],[25.45395,45.589392],[25.454061,45.5894],[25.454167,45.589409],[25.454342,45.589429],[25.454487,45.589449]]},"properties":{"name":"Strada Alexandru Sahia"}},{"type":"Feature","geometry":{"type":"LineString","coordinates":[[25.45492,45.589428],[25.454813,45.589446],[25.454742,45.589451],[25.454674,45.589453],[25.454487,45.589449],[25.454614,45.589479],[25.454699,45.589503],[25.454797,45.589538],[25.45491,45.589594]]},"properties":{"name":"Strada Alexandru Sahia"}},{"type":"Feature","geometry":{"type":"LineString","coordinates":[[25.455044,45.589355],[25.455079,45.589303],[25.455099,45.589262],[25.455112,45.589214],[25.45512,45.589168],[25.455128,45.589085],[25.455132,45.588995]]},"properties":{"name":"Șoseaua Bran"}},{"type":"Feature","geometry":{"type":"LineString","coordinates":[[25.447254,45.579453],[25.447344,45.579482],[25.447393,45.579505],[25.447471,45.57956],[25.447546,45.579626],[25.447614,45.579684],[25.44767,45.579731],[25.447751,45.579796]]},"properties":{"name":"Șoseaua Bran"}},{"type":"Feature","geometry":{"type":"LineString","coordinates":[[25.447602,45.579315],[25.447585,45.579378],[25.447579,45.579413],[25.447581,45.579448],[25.44759,45.579488],[25.44761,45.579538],[25.447682,45.579668],[25.447751,45.579796],[25.447772,45.579824],[25.447957,45.580075],[25.448401,45.58068],[25.448603,45.580959],[25.450223,45.583201],[25.4503,45.583308],[25.450498,45.583581],[25.450564,45.583673],[25.450813,45.584011],[25.45099,45.584252],[25.451026,45.5843],[25.451266,45.584623],[25.451567,45.585028],[25.451707,45.585218],[25.451757,45.585285],[25.452091,45.58574],[25.452169,45.585847],[25.452561,45.586374],[25.452625,45.586462],[25.452818,45.586724],[25.453002,45.586958],[25.453094,45.587065],[25.453189,45.587167],[25.453256,45.587228],[25.453335,45.587294],[25.453435,45.587368],[25.453815,45.587626],[25.45395,45.587719],[25.454159,45.587872],[25.454303,45.587991],[25.45446,45.588123],[25.454571,45.588224],[25.454663,45.588314],[25.454747,45.588404],[25.454838,45.58852],[25.454911,45.588624],[25.454984,45.588738],[25.455064,45.588874],[25.455132,45.588995],[25.455169,45.589066],[25.455197,45.589137],[25.455216,45.5892],[25.455231,45.589268],[25.455247,45.589365]]},"properties":{"name":"Șoseaua Bran"}},{"type":"Feature","geometry":{"type":"LineString","coordinates":[[25.313879,45.559344],[25.313809,45.559287],[25.313751,45.559244],[25.313688,45.559203],[25.313648,45.55918],[25.313628,45.559169],[25.313535,45.559123],[25.313427,45.559075],[25.313262,45.559003],[25.313168,45.558954],[25.31307,45.558901],[25.312952,45.558837],[25.312847,45.558777],[25.312663,45.558675],[25.312493,45.558585],[25.312321,45.558503],[25.312141,45.558426],[25.312059,45.55839],[25.311968,45.558345],[25.311905,45.558308],[25.311841,45.558267],[25.311777,45.558217],[25.311638,45.55809],[25.311411,45.557835],[25.311632,45.557735],[25.311699,45.557705],[25.311769,45.557828],[25.311836,45.557932],[25.3119,45.558027],[25.311968,45.558107],[25.312029,45.558167],[25.31209,45.558217],[25.312147,45.558259],[25.312229,45.558315],[25.312363,45.558397],[25.312669,45.558579],[25.312922,45.558727],[25.313016,45.558778],[25.3131,45.558821],[25.313211,45.558873],[25.313325,45.558916],[25.313474,45.558961],[25.313627,45.558999]]},"properties":{"name":"Strada Doctor Tiberiu Sparchez"}},{"type":"Feature","geometry":{"type":"LineString","coordinates":[[25.313984,45.559334],[25.314009,45.559271],[25.314041,45.559205],[25.314068,45.559157],[25.314098,45.559115],[25.314294,45.558856],[25.314345,45.558794],[25.314398,45.558735],[25.31444,45.558701],[25.314492,45.558677],[25.314561,45.558658],[25.314647,45.558648],[25.314747,45.558647],[25.314887,45.558653],[25.315002,45.558666],[25.315126,45.558683],[25.315281,45.558714],[25.315464,45.558759],[25.31596,45.558911],[25.316549,45.559088],[25.316684,45.559126],[25.316879,45.559172],[25.317054,45.559208],[25.317164,45.559226],[25.317383,45.559258],[25.317645,45.55929],[25.318461,45.559369],[25.318629,45.559383],[25.318805,45.559395],[25.319008,45.559399],[25.319186,45.559396],[25.319359,45.55939],[25.319518,45.559382],[25.319827,45.559362],[25.32024,45.559328],[25.320422,45.559329],[25.320636,45.559332],[25.320687,45.559334],[25.321325,45.559352],[25.322402,45.559395],[25.322702,45.559401],[25.322966,45.559401],[25.323192,45.559392],[25.32342,45.559371],[25.323666,45.559342],[25.324001,45.559293],[25.324214,45.559257],[25.324512,45.559213],[25.324764,45.55918],[25.325024,45.559154],[25.325289,45.55914],[25.325521,45.559132],[25.325719,45.559131],[25.325847,45.559139],[25.325971,45.559157]]},"properties":{"name":"Strada Doctor Ioan Șenchea"}},{"type":"Feature","geometry":{"type":"LineString","coordinates":[[25.326038,45.561066],[25.325902,45.561032],[25.325795,45.561008],[25.325687,45.560987]]},"properties":{"name":"Strada Mitropolit Ion Mețianu"}},{"type":"Feature","geometry":{"type":"LineString","coordinates":[[25.324219,45.563861],[25.324193,45.563908],[25.324196,45.563955],[25.324222,45.564012],[25.324376,45.564221],[25.324428,45.564299],[25.324497,45.564428],[25.324611,45.56469],[25.324701,45.564881],[25.324786,45.565062],[25.324835,45.565143],[25.324909,45.565223],[25.324999,45.5653],[25.32511,45.56536],[25.325252,45.565418],[25.325427,45.565461],[25.325638,45.565496],[25.326009,45.565542],[25.32634,45.565586],[25.326714,45.565654],[25.327017,45.565726],[25.327253,45.565799],[25.327395,45.565849],[25.32751,45.565904],[25.327618,45.56597],[25.327741,45.566067],[25.327863,45.566166],[25.327911,45.566205],[25.327972,45.566254],[25.328147,45.56639],[25.328213,45.566441],[25.328929,45.566997],[25.329061,45.567065],[25.329227,45.567124],[25.329418,45.567171],[25.33081,45.567475],[25.331193,45.567561],[25.331895,45.567719],[25.332457,45.56785],[25.332762,45.567921],[25.332964,45.567969],[25.333422,45.568076],[25.334449,45.568315],[25.334684,45.56837],[25.334923,45.568426],[25.335699,45.568607],[25.33573,45.568615],[25.33584,45.568641],[25.336443,45.568784]]},"properties":{"name":"Strada Celulozei"}},{"type":"Feature","geometry":{"type":"LineString","coordinates":[[25.34052,45.570626],[25.340812,45.570742],[25.34113,45.570868],[25.341422,45.570984],[25.341848,45.571157],[25.342183,45.571294],[25.34254,45.571444],[25.343161,45.571703],[25.343249,45.571739],[25.343323,45.571769],[25.343694,45.571914],[25.344544,45.572242],[25.344622,45.572272],[25.344804,45.572343],[25.344875,45.572372],[25.345002,45.572423],[25.345113,45.572467],[25.345207,45.572505],[25.346007,45.572827],[25.346053,45.572844],[25.346124,45.572868],[25.346243,45.572891],[25.34642,45.572917],[25.346869,45.572972],[25.347109,45.572999],[25.34721,45.57301],[25.347256,45.573015],[25.34789,45.573085],[25.348209,45.57312]]},"properties":{"name":"Strada Ciucaș"}},{"type":"Feature","geometry":{"type":"LineString","coordinates":[[25.353991,45.571508],[25.35381,45.571566],[25.3537,45.5716],[25.35358,45.571634],[25.353476,45.57166],[25.3534,45.571679],[25.353058,45.57176],[25.3528,45.571823],[25.352542,45.571898],[25.352242,45.571998],[25.352007,45.572077],[25.351795,45.572155],[25.351556,45.572249],[25.350736,45.572585],[25.349788,45.572977],[25.349416,45.573128],[25.349236,45.573201],[25.348811,45.57337]]},"properties":{"name":"Strada Ciucaș"}},{"type":"Feature","geometry":{"type":"LineString","coordinates":[[25.353991,45.571508],[25.35407,45.571543],[25.35418,45.571583],[25.354372,45.571647],[25.354616,45.571722],[25.355088,45.571863],[25.355435,45.571968],[25.355805,45.572096],[25.356125,45.572217],[25.356441,45.572343],[25.35677,45.572473],[25.357154,45.572623],[25.357518,45.572755],[25.358205,45.57299],[25.358745,45.57317],[25.358979,45.573257],[25.359127,45.573318],[25.359275,45.573386],[25.359488,45.573488],[25.359701,45.573594],[25.359865,45.573684],[25.360051,45.573791],[25.360272,45.573935],[25.360451,45.574071],[25.360559,45.574147],[25.360681,45.57421],[25.360807,45.574263],[25.360952,45.574312],[25.361074,45.574351],[25.361303,45.574422],[25.361591,45.57451],[25.361799,45.574574],[25.362084,45.574669],[25.362251,45.574726],[25.362412,45.574777],[25.362471,45.574793],[25.362569,45.574821],[25.362671,45.57485],[25.362801,45.574884],[25.363023,45.574937],[25.363215,45.574984],[25.363418,45.575025],[25.36362,45.575061],[25.36374,45.575076],[25.363805,45.575083],[25.363848,45.575087],[25.363964,45.575095],[25.364073,45.575099],[25.364365,45.575106],[25.364658,45.575119],[25.364842,45.575134],[25.365044,45.575156],[25.365162,45.575173],[25.365366,45.575204],[25.365588,45.575237],[25.366241,45.57533],[25.366644,45.575391],[25.36693,45.575436],[25.367143,45.575472],[25.367447,45.575532],[25.367754,45.575602],[25.368017,45.57567],[25.368086,45.575688],[25.368304,45.575746],[25.369104,45.575974],[25.369299,45.576032],[25.369507,45.5761],[25.369762,45.576189],[25.370109,45.576323],[25.370245,45.57637],[25.370315,45.576389],[25.370385,45.576402],[25.370467,45.576414],[25.37055,45.576421],[25.370659,45.576425],[25.370757,45.576424],[25.370843,45.576421],[25.371003,45.576407],[25.372469,45.576237],[25.372747,45.576207],[25.373112,45.576167],[25.373418,45.576142],[25.373639,45.576127],[25.37389,45.576115],[25.374099,45.57611],[25.37422,45.57611],[25.37442,45.576109],[25.376137,45.576119],[25.376355,45.576124],[25.376529,45.576137],[25.376693,45.576161],[25.376889,45.5762],[25.377182,45.576264],[25.379494,45.576765],[25.379681,45.576809],[25.379886,45.576861],[25.380128,45.576941],[25.380654,45.577152],[25.380892,45.577233],[25.381108,45.577294],[25.381388,45.577364],[25.381522,45.577398],[25.381782,45.577463]]},"properties":{"name":"Strada Mare"}},{"type":"Feature","geometry":{"type":"LineString","coordinates":[[25.512767,45.772725],[25.51277,45.772804],[25.512785,45.772843],[25.512906,45.773109],[25.512931,45.773168],[25.512956,45.773228],[25.513023,45.773414],[25.513279,45.774125],[25.513647,45.774801],[25.513663,45.774856],[25.513661,45.77491],[25.513641,45.774952]]},"properties":{"name":"Strada Mare"}},{"type":"Feature","geometry":{"type":"LineString","coordinates":[[25.780753,45.740862],[25.78077,45.740799],[25.780759,45.740723],[25.780716,45.740657],[25.779617,45.739208],[25.779584,45.739129],[25.77955,45.739056],[25.779529,45.738971],[25.779513,45.738864],[25.779501,45.738593],[25.779542,45.738367],[25.779555,45.738283],[25.779579,45.738116],[25.779677,45.737422],[25.779689,45.737182],[25.779674,45.736973],[25.779635,45.736647],[25.779574,45.736261],[25.779534,45.736014],[25.779442,45.735431],[25.779337,45.734788],[25.779237,45.733967],[25.779088,45.733055],[25.778922,45.731857],[25.7789,45.731682],[25.778872,45.731405],[25.778853,45.730967],[25.778847,45.730548],[25.77884,45.730251],[25.778802,45.729959],[25.77874,45.729619],[25.778674,45.72924],[25.778599,45.728801],[25.778513,45.728371],[25.77845,45.728119],[25.778402,45.727998],[25.778342,45.727845],[25.778316,45.727784],[25.77829,45.727723],[25.778221,45.727586],[25.778125,45.727395],[25.777969,45.727157],[25.777692,45.726782],[25.776264,45.724963],[25.775762,45.724305],[25.775551,45.724032],[25.775424,45.72386],[25.775302,45.723676],[25.775222,45.723545],[25.774948,45.723066],[25.774855,45.72288],[25.774837,45.722841],[25.77475,45.722653],[25.774729,45.722605],[25.774612,45.722338],[25.774368,45.721775],[25.774304,45.721663],[25.774278,45.721636],[25.774241,45.721602],[25.773992,45.7214],[25.773547,45.720989],[25.773403,45.720856],[25.772989,45.720439],[25.772912,45.720359],[25.772711,45.720149],[25.772704,45.720139]]},"properties":{"name":"Strada Mare"}},{"type":"Feature","geometry":{"type":"LineString","coordinates":[[25.77198,45.719408],[25.772033,45.719465],[25.772217,45.719653],[25.772704,45.720139],[25.772701,45.720038],[25.772708,45.719949],[25.772716,45.719856],[25.772753,45.719531],[25.772771,45.719454],[25.772789,45.719371]]},"properties":{"name":"Strada Mare"}},{"type":"Feature","geometry":{"type":"LineString","coordinates":[[25.50435,45.654379],[25.503558,45.654879],[25.503419,45.654966],[25.503359,45.655005],[25.503035,45.655215],[25.502774,45.655381]]},"properties":{"name":"Strada Narcisei"}},{"type":"Feature","geometry":{"type":"LineString","coordinates":[[25.50435,45.654379],[25.504632,45.654593],[25.504714,45.654676],[25.504773,45.654742],[25.504822,45.654808],[25.504862,45.654896],[25.504907,45.655028],[25.504932,45.655088],[25.504971,45.655148],[25.505084,45.655271],[25.505243,45.655446],[25.505331,45.655544],[25.505687,45.655944],[25.505943,45.65623],[25.506052,45.656347],[25.506409,45.656729],[25.5067,45.657042],[25.506778,45.657127],[25.50715,45.657528],[25.507383,45.657783],[25.507478,45.65789],[25.507695,45.658146],[25.507878,45.658229],[25.508496,45.65851],[25.508603,45.658559],[25.509167,45.658815],[25.509244,45.65885],[25.51034,45.659349],[25.510581,45.659459],[25.511135,45.659711],[25.51168,45.659959],[25.511928,45.660072],[25.512012,45.66011],[25.512216,45.660204],[25.51231,45.660256],[25.513093,45.660815],[25.513215,45.660913]]},"properties":{"name":"Strada Crizantemei"}},{"type":"Feature","geometry":{"type":"LineString","coordinates":[[25.513215,45.660913],[25.513159,45.660986],[25.512886,45.66132],[25.512709,45.661533],[25.512607,45.661662],[25.512366,45.661962],[25.512191,45.662211],[25.512145,45.662277]]},"properties":{"name":"Strada Gențianei"}},{"type":"Feature","geometry":{"type":"LineString","coordinates":[[25.512145,45.662277],[25.5126,45.662678],[25.512787,45.66285],[25.512954,45.663002],[25.513077,45.66312],[25.513153,45.663175],[25.513189,45.663199],[25.51323,45.663223],[25.513278,45.663251],[25.513319,45.663271],[25.513375,45.663298]]},"properties":{"name":"Strada Bisericii Române"}},{"type":"Feature","geometry":{"type":"LineString","coordinates":[[25.503655,45.657012],[25.503594,45.656895],[25.50301,45.655782],[25.50293,45.655637],[25.502843,45.655486],[25.502774,45.655381]]},"properties":{"name":"Strada Bisericii Române"}},{"type":"Feature","geometry":{"type":"LineString","coordinates":[[25.513514,45.663704],[25.513379,45.663802],[25.513349,45.663833],[25.513326,45.663865],[25.513045,45.664394],[25.512932,45.664571],[25.512814,45.664747],[25.512743,45.664851],[25.512674,45.664954],[25.512594,45.665061],[25.512567,45.665098],[25.512497,45.665192],[25.512361,45.665365],[25.512252,45.665494],[25.51213,45.665627],[25.512058,45.665697],[25.51193,45.665809],[25.511797,45.665907],[25.511656,45.665998],[25.51144,45.666121],[25.511205,45.666238],[25.510947,45.666356],[25.510709,45.66646],[25.510415,45.666583],[25.510209,45.666665],[25.509904,45.666769],[25.509519,45.666889],[25.509223,45.666978],[25.509031,45.667041],[25.508789,45.667122],[25.507729,45.66749],[25.507491,45.667587],[25.506467,45.667982],[25.506263,45.668056],[25.506013,45.668153],[25.505529,45.668345],[25.505224,45.668477],[25.50498,45.668594],[25.504389,45.668881],[25.504153,45.669009],[25.503552,45.669324],[25.503209,45.6695],[25.50288,45.669663],[25.502582,45.669804],[25.502059,45.670036],[25.501718,45.670175],[25.501281,45.670337],[25.500847,45.670499],[25.499835,45.670886]]},"properties":{"name":"Strada Făgărașului"}},{"type":"Feature","geometry":{"type":"LineString","coordinates":[[25.503077,45.669314],[25.503106,45.669303],[25.503641,45.669089],[25.504052,45.668925],[25.504227,45.668866],[25.504284,45.668846],[25.50431,45.668838],[25.504329,45.668832]]},"properties":{"name":"Strada Făgărașului"}},{"type":"Feature","geometry":{"type":"LineString","coordinates":[[25.498723,45.671179],[25.499157,45.671032],[25.499713,45.670831],[25.500338,45.670603],[25.501043,45.670347],[25.501677,45.670118],[25.502188,45.66991],[25.50253,45.669754],[25.502953,45.669554],[25.503187,45.669434],[25.503661,45.669184],[25.504083,45.668953],[25.504329,45.668832],[25.504733,45.668632],[25.505134,45.668441],[25.505478,45.668296],[25.505971,45.668107],[25.506299,45.667975],[25.506465,45.667914],[25.507452,45.667538],[25.507714,45.667428],[25.50854,45.66713],[25.508817,45.66704],[25.508987,45.666984],[25.50918,45.666923],[25.509483,45.666829],[25.509858,45.666706],[25.510168,45.666598],[25.51037,45.666523],[25.510655,45.666408],[25.510886,45.666306],[25.511138,45.666185],[25.511375,45.666065],[25.511594,45.665944],[25.511737,45.665849],[25.511865,45.665754],[25.511906,45.665719],[25.511973,45.66566],[25.51205,45.665591],[25.512167,45.665457],[25.512275,45.665337],[25.512416,45.665157],[25.512503,45.665042],[25.512587,45.664928],[25.512663,45.664816],[25.512844,45.664544],[25.512957,45.664364],[25.513098,45.664097],[25.513182,45.663902],[25.513201,45.663845],[25.513207,45.663801],[25.513209,45.663757],[25.513202,45.663709],[25.513191,45.663641]]},"properties":{"name":"Strada Făgărașului"}},{"type":"Feature","geometry":{"type":"LineString","coordinates":[[25.503187,45.669434],[25.503156,45.669402],[25.503077,45.669314]]},"properties":{"name":"Strada Progresului"}},{"type":"Feature","geometry":{"type":"LineString","coordinates":[[25.557368,45.837389],[25.557148,45.837353]]},"properties":{"name":"Strada Progresului"}},{"type":"Feature","geometry":{"type":"LineString","coordinates":[[25.557252,45.837186],[25.557666,45.837266]]},"properties":{"name":"Strada Progresului"}},{"type":"Feature","geometry":{"type":"LineString","coordinates":[[25.557578,45.837419],[25.557388,45.83739]]},"properties":{"name":"Strada Progresului"}},{"type":"Feature","geometry":{"type":"LineString","coordinates":[[25.448845,45.690656],[25.448842,45.690714],[25.448836,45.690759],[25.448827,45.690808],[25.448799,45.690916],[25.448986,45.690665]]},"properties":{"name":"DN1;DJ112A"}},{"type":"Feature","geometry":{"type":"LineString","coordinates":[[25.513641,45.774952],[25.513593,45.774982],[25.51349,45.775024],[25.512625,45.775367],[25.511824,45.775711],[25.511406,45.775851],[25.510945,45.775978],[25.510591,45.776073]]},"properties":{"name":"Strada Crizbavului"}},{"type":"Feature","geometry":{"type":"LineString","coordinates":[[25.512767,45.772725],[25.51284,45.772719],[25.512887,45.772709],[25.513414,45.772491],[25.51379,45.772334],[25.514464,45.772098],[25.51464,45.772041],[25.514759,45.772011],[25.514892,45.771976],[25.516853,45.771599],[25.517449,45.771485],[25.518124,45.771355],[25.519601,45.771064],[25.52005,45.770959],[25.520318,45.77085],[25.520722,45.770602],[25.520832,45.770534],[25.520962,45.770454],[25.521803,45.769935],[25.523364,45.76896],[25.523886,45.768623],[25.524668,45.768133],[25.525174,45.767859],[25.526314,45.767232],[25.526748,45.767006],[25.528922,45.765848],[25.529089,45.765758],[25.529237,45.76568],[25.529344,45.765624]]},"properties":{"name":"DJ112C"}},{"type":"Feature","geometry":{"type":"LineString","coordinates":[[25.529344,45.765624],[25.52957,45.765504],[25.530934,45.764783],[25.531189,45.764648],[25.532238,45.764091],[25.532703,45.763848],[25.5328,45.763799],[25.532909,45.763745],[25.532948,45.763727],[25.533101,45.763669]]},"properties":{"name":"Strada Magnoliei"}},{"type":"Feature","geometry":{"type":"LineString","coordinates":[[25.533101,45.763669],[25.533322,45.763604],[25.533532,45.763539],[25.533681,45.763494],[25.534077,45.763389],[25.534859,45.763173],[25.535563,45.762969],[25.536714,45.762628],[25.538932,45.761961],[25.539208,45.761877],[25.540647,45.761447],[25.541051,45.761328],[25.541247,45.761272],[25.541436,45.761225],[25.542063,45.761087],[25.54267,45.760956],[25.543038,45.760878],[25.543377,45.76082],[25.543519,45.760798],[25.543678,45.760777]]},"properties":{"name":"Strada Noului"}},{"type":"Feature","geometry":{"type":"LineString","coordinates":[[25.543678,45.760777],[25.543769,45.760768],[25.543852,45.760765],[25.543957,45.760764],[25.544252,45.760788],[25.544352,45.760785],[25.544463,45.760778],[25.544626,45.760763],[25.544735,45.760754],[25.545149,45.760692],[25.545677,45.760611],[25.545839,45.760586],[25.546122,45.760543],[25.54639,45.760495],[25.546703,45.76043],[25.546832,45.760403],[25.547175,45.760334],[25.54743,45.760287],[25.547715,45.760246],[25.548025,45.760204],[25.5488,45.760106],[25.549493,45.760022],[25.549608,45.760008],[25.552441,45.759648],[25.55256,45.759633],[25.552733,45.759611],[25.553489,45.75951],[25.553945,45.759449],[25.555353,45.759259],[25.556044,45.759157],[25.556223,45.75913],[25.556412,45.759095],[25.556751,45.759028],[25.557161,45.758947],[25.557593,45.75885],[25.557975,45.758759],[25.558277,45.758686],[25.558368,45.758663],[25.558689,45.758584],[25.558834,45.758546],[25.558955,45.758513],[25.566739,45.756482],[25.567465,45.75629],[25.568219,45.75609],[25.568934,45.755902],[25.569222,45.755823],[25.570149,45.755569],[25.570994,45.755337],[25.571324,45.755231],[25.571619,45.755111],[25.572439,45.75471],[25.573559,45.754163],[25.573777,45.754057],[25.573938,45.753978],[25.574261,45.753822],[25.576391,45.752789],[25.57674,45.75262],[25.577669,45.752169],[25.577878,45.752068],[25.577978,45.75202],[25.580013,45.751016],[25.580661,45.750696],[25.581152,45.750454],[25.581555,45.750255],[25.58172,45.750174]]},"properties":{"name":"Strada Bodului"}},{"type":"Feature","geometry":{"type":"LineString","coordinates":[[25.627916,45.717013],[25.627816,45.717102],[25.627661,45.717335],[25.627599,45.717469],[25.627545,45.717613],[25.62751,45.717776],[25.627507,45.717931],[25.627509,45.718083],[25.627517,45.718245],[25.627557,45.718947],[25.627596,45.719521],[25.627604,45.719692],[25.627628,45.720113],[25.627637,45.720293],[25.627652,45.720585],[25.627669,45.72085],[25.627672,45.720972],[25.627746,45.722634],[25.627751,45.722724],[25.627769,45.723049],[25.627891,45.725203],[25.627906,45.725479],[25.628058,45.72817],[25.628071,45.728371],[25.628084,45.728572],[25.628091,45.728692],[25.628092,45.728733],[25.628096,45.728809],[25.628114,45.729082],[25.628143,45.729533],[25.628167,45.729996]]},"properties":{"name":"Strada Bodului"}},{"type":"Feature","geometry":{"type":"LineString","coordinates":[[25.58172,45.750174],[25.581708,45.750081],[25.5817,45.749953],[25.581703,45.749835],[25.581713,45.749693],[25.581727,45.749558],[25.581741,45.749414],[25.581744,45.749386]]},"properties":{"name":"DN13;DJ112A"}},{"type":"Feature","geometry":{"type":"LineString","coordinates":[[25.612772,45.660744],[25.612587,45.66071],[25.612524,45.660698],[25.61242,45.660678]]},"properties":{"name":"Stația RATBv Terminal Gară - Peron 5"}},{"type":"Feature","geometry":{"type":"LineString","coordinates":[[25.58172,45.750174],[25.581756,45.75035],[25.581821,45.750596],[25.581896,45.750844],[25.582022,45.751238],[25.582143,45.751659],[25.582151,45.751683],[25.582306,45.752168],[25.582479,45.752742],[25.582636,45.753239],[25.582807,45.753772],[25.582916,45.754133],[25.583158,45.754931],[25.583341,45.755514],[25.583492,45.756009],[25.583713,45.756704],[25.583918,45.757297],[25.584177,45.758077],[25.584299,45.758428],[25.584401,45.758765],[25.584454,45.75897]]},"properties":{"name":"DN13"}},{"type":"Feature","geometry":{"type":"LineString","coordinates":[[25.557148,45.837353],[25.557252,45.837186],[25.557324,45.837062],[25.557405,45.836914],[25.557474,45.836766],[25.557533,45.836605],[25.55759,45.836401],[25.557648,45.836153],[25.557712,45.83587],[25.557776,45.835698],[25.557815,45.835606],[25.557877,45.835513],[25.557957,45.835409],[25.558063,45.835283],[25.558165,45.835184],[25.558317,45.835074],[25.558496,45.834972],[25.558681,45.834889],[25.558953,45.834787],[25.559807,45.834477],[25.560148,45.834349],[25.560421,45.834242],[25.560713,45.834117],[25.560989,45.833983],[25.56123,45.833858],[25.561512,45.833691],[25.56176,45.833533],[25.561925,45.833421],[25.562167,45.833245],[25.562361,45.833078],[25.562543,45.832922],[25.56299,45.832504],[25.563731,45.831842],[25.564864,45.830812],[25.564921,45.830762],[25.56521,45.830505],[25.565548,45.830207],[25.565882,45.829906],[25.566216,45.829608],[25.566549,45.829307],[25.566944,45.828956],[25.567275,45.828662],[25.5676,45.828369],[25.567929,45.828071],[25.56831,45.827727],[25.568664,45.827404],[25.568987,45.827111],[25.569343,45.826789],[25.569535,45.826619],[25.569596,45.826562],[25.569715,45.826455],[25.569975,45.826215],[25.570254,45.825971],[25.570385,45.825859],[25.57053,45.825749],[25.570591,45.825701],[25.570698,45.825625],[25.570746,45.825594],[25.570817,45.825546],[25.570946,45.825465],[25.571472,45.825141],[25.5722,45.824701],[25.572311,45.824633],[25.572738,45.824376],[25.572916,45.824269],[25.57349,45.823917],[25.574192,45.823509],[25.574781,45.823168],[25.575377,45.822819],[25.575961,45.822472],[25.576564,45.822125],[25.577246,45.821746],[25.577991,45.821322],[25.578279,45.821157],[25.578958,45.820771],[25.579607,45.820403],[25.579925,45.820238],[25.580141,45.82013],[25.580298,45.820059],[25.580424,45.820007],[25.580585,45.819947],[25.580746,45.819894],[25.580995,45.819825],[25.58123,45.819771],[25.581495,45.819712],[25.581765,45.819647],[25.581954,45.8196],[25.582138,45.819546],[25.582302,45.819491],[25.58245,45.819431],[25.582584,45.819369],[25.582721,45.819299],[25.583073,45.819102],[25.583562,45.818819],[25.583942,45.818603]]},"properties":{"name":"DN13"}},{"type":"Feature","geometry":{"type":"LineString","coordinates":[[25.590097,45.815551],[25.59017,45.815501],[25.590256,45.815463],[25.590389,45.815414],[25.590558,45.815362],[25.590634,45.815335],[25.590717,45.815308],[25.590827,45.815262],[25.590938,45.815184],[25.590999,45.81512],[25.591041,45.815047],[25.591063,45.814991],[25.591066,45.814923],[25.59106,45.814813],[25.591034,45.814655],[25.590955,45.81439],[25.590896,45.814187],[25.590858,45.814053],[25.590842,45.813944],[25.59083,45.813821],[25.590851,45.813575],[25.590906,45.813219],[25.590959,45.81291],[25.590991,45.812781],[25.591017,45.812683],[25.591073,45.812562],[25.591151,45.812445],[25.591229,45.812353],[25.591324,45.812252],[25.591455,45.812136],[25.591684,45.811948],[25.591855,45.811809],[25.59202,45.811666],[25.592127,45.811568],[25.592229,45.811458],[25.592299,45.81137],[25.592363,45.81126],[25.592409,45.811163],[25.592449,45.811075],[25.592518,45.810892],[25.592606,45.810638],[25.592659,45.810489],[25.592705,45.810361],[25.593002,45.809539],[25.593113,45.809233],[25.593341,45.808574],[25.593455,45.808235],[25.593541,45.807959],[25.593747,45.807376],[25.593881,45.806998],[25.594071,45.806418],[25.594314,45.805718],[25.594497,45.805218],[25.594675,45.804721],[25.594926,45.804017],[25.595309,45.802922],[25.595513,45.802308],[25.595715,45.801717],[25.595852,45.801322],[25.59599,45.800926],[25.596126,45.800537],[25.596366,45.799851],[25.596609,45.799156],[25.596823,45.798544],[25.597023,45.798003],[25.597214,45.79747],[25.597451,45.796802],[25.597586,45.79638],[25.59767,45.796144],[25.597733,45.795937],[25.597791,45.795719],[25.597828,45.795519],[25.597848,45.795299],[25.597846,45.795077],[25.597823,45.794822],[25.597767,45.794438],[25.597652,45.793796],[25.597534,45.793158],[25.597432,45.792589],[25.597324,45.792023],[25.597215,45.791387],[25.597115,45.790857],[25.59702,45.790271],[25.596916,45.789698],[25.5968,45.789091],[25.596706,45.788561],[25.596611,45.788032],[25.596528,45.787586],[25.59643,45.78703],[25.596263,45.786103],[25.596118,45.78533],[25.595983,45.784561],[25.595815,45.783642],[25.595735,45.783178],[25.595645,45.782732],[25.595597,45.782486],[25.595552,45.782303],[25.595495,45.782136],[25.595419,45.781967],[25.595303,45.78178],[25.595134,45.781529],[25.594867,45.781165],[25.594603,45.780803],[25.59424,45.78031],[25.593871,45.779831],[25.593382,45.779203],[25.592955,45.778665],[25.592667,45.778305],[25.592352,45.777902],[25.591978,45.777432],[25.591505,45.776837],[25.591212,45.776453],[25.591108,45.776321],[25.590827,45.77595],[25.590634,45.775699],[25.590456,45.775468],[25.590303,45.775259]]},"properties":{"name":"DN13"}},{"type":"Feature","geometry":{"type":"LineString","coordinates":[[25.589391,45.774077],[25.589367,45.774045],[25.589257,45.773901],[25.589129,45.773728],[25.589088,45.773665],[25.589008,45.773541],[25.588923,45.773369],[25.588861,45.773221],[25.588775,45.772966],[25.588635,45.772524],[25.588505,45.772094],[25.58837,45.771642],[25.58823,45.771187],[25.588091,45.770723],[25.58797,45.770318],[25.587849,45.769933],[25.587689,45.769419],[25.58754,45.768944],[25.5874,45.768482],[25.587308,45.768158],[25.587191,45.767792],[25.587118,45.76753],[25.586941,45.766961],[25.586917,45.766884],[25.586896,45.766815],[25.586752,45.766369],[25.586688,45.766156],[25.586592,45.76585],[25.586386,45.765195],[25.586172,45.764504],[25.585975,45.763867],[25.585754,45.763162],[25.585568,45.762565],[25.585357,45.761865],[25.585146,45.761181],[25.584964,45.76059],[25.584802,45.760075],[25.584764,45.759903]]},"properties":{"name":"DN13"}},{"type":"Feature","geometry":{"type":"LineString","coordinates":[[25.584559,45.759562],[25.584625,45.759658],[25.584764,45.759903],[25.58478,45.7595]]},"properties":{"name":"DN13"}},{"type":"Feature","geometry":{"type":"LineString","coordinates":[[25.58444,45.759239],[25.584454,45.75897],[25.584571,45.759114],[25.584676,45.759218]]},"properties":{"name":"DN13"}},{"type":"Feature","geometry":{"type":"LineString","coordinates":[[25.587538,45.81683],[25.58754,45.816856],[25.58756,45.816941],[25.587567,45.816957],[25.58758,45.816973],[25.587602,45.816988],[25.587628,45.817003]]},"properties":{"name":"DN13E"}},{"type":"Feature","geometry":{"type":"LineString","coordinates":[[25.588314,45.817009],[25.588258,45.817024],[25.588218,45.81705],[25.588182,45.817099],[25.588183,45.817122],[25.588188,45.817144],[25.588202,45.817168],[25.588223,45.81719]]},"properties":{"name":"DN13E"}},{"type":"Feature","geometry":{"type":"LineString","coordinates":[[25.587269,45.816838],[25.587301,45.816875],[25.587338,45.816902],[25.587392,45.816931],[25.587445,45.816954],[25.587628,45.817003],[25.588223,45.81719]]},"properties":{"name":"Strada Octavian Goga"}},{"type":"Feature","geometry":{"type":"LineString","coordinates":[[25.588223,45.81719],[25.588388,45.817218],[25.588611,45.817261],[25.588766,45.817284],[25.588946,45.8173],[25.589126,45.817314],[25.589221,45.81732],[25.589394,45.817327],[25.58953,45.81734],[25.58973,45.81737],[25.590003,45.817455],[25.590306,45.817556],[25.590468,45.817612],[25.591353,45.817918],[25.591944,45.818125],[25.592553,45.818333],[25.593117,45.818522],[25.593478,45.818632],[25.594143,45.818772],[25.594819,45.818882],[25.596138,45.819153],[25.597717,45.819477],[25.59838,45.81964],[25.599148,45.819788],[25.600241,45.820008],[25.600604,45.820087],[25.600844,45.820121],[25.601022,45.820163],[25.601062,45.820198],[25.601027,45.82023],[25.600903,45.820256],[25.600678,45.820276],[25.60048,45.820299],[25.60031,45.820303],[25.600155,45.820295],[25.599928,45.820273],[25.599571,45.820221],[25.599198,45.82016],[25.598252,45.819982],[25.597584,45.819839],[25.595983,45.819525],[25.595819,45.81949],[25.594673,45.819221],[25.593998,45.818993],[25.593477,45.818845],[25.593378,45.818804],[25.592814,45.818631],[25.591209,45.818131],[25.590295,45.81786],[25.589837,45.817715],[25.589433,45.817579],[25.589018,45.817451],[25.588443,45.81727],[25.588223,45.81719]]},"properties":{"name":"Strada Octavian Goga"}},{"type":"Feature","geometry":{"type":"LineString","coordinates":[[25.612789,45.660804],[25.612657,45.660781]]},"properties":{"name":"Stația RATBv Terminal Gară - Peron 3"}},{"type":"Feature","geometry":{"type":"LineString","coordinates":[[25.612602,45.660771],[25.612541,45.66076],[25.612439,45.660742]]},"properties":{"name":"Stația RATBv Terminal Gară - Peron 3"}},{"type":"Feature","geometry":{"type":"LineString","coordinates":[[25.610724,45.700503],[25.611024,45.700203],[25.611056,45.700171],[25.611486,45.699758],[25.61183,45.699421],[25.61219,45.699062],[25.613623,45.697685],[25.614765,45.696548],[25.614814,45.696499],[25.614896,45.696416],[25.615201,45.696109],[25.617789,45.693593],[25.617864,45.693521],[25.620352,45.691146],[25.620909,45.690604],[25.620941,45.690572]]},"properties":{"name":"Strada Drumul cu Plopi"}},{"type":"Feature","geometry":{"type":"LineString","coordinates":[[25.622288,45.692286],[25.622371,45.692367],[25.622407,45.692403],[25.622445,45.692436],[25.622475,45.692461],[25.622508,45.692484],[25.622575,45.692528]]},"properties":{"name":"DJ103"}},{"type":"Feature","geometry":{"type":"LineString","coordinates":[[25.618736,45.687303],[25.618817,45.687415],[25.620048,45.689086],[25.620512,45.689747],[25.622234,45.692211],[25.622288,45.692286],[25.622331,45.69238],[25.622352,45.692432],[25.622368,45.69248],[25.622376,45.692506],[25.622384,45.692535],[25.622391,45.692588]]},"properties":{"name":"DJ103"}},{"type":"Feature","geometry":{"type":"LineString","coordinates":[[25.622518,45.692767],[25.622573,45.692798],[25.622619,45.692834],[25.622656,45.692866],[25.622696,45.692903],[25.62275,45.692968],[25.622861,45.693104],[25.622997,45.693237],[25.622941,45.69314],[25.622918,45.693101],[25.622871,45.693035],[25.62281,45.692951],[25.622792,45.692925],[25.622746,45.69286],[25.622726,45.692819],[25.622716,45.692787],[25.622709,45.692759],[25.622701,45.692699]]},"properties":{"name":"DJ103"}},{"type":"Feature","geometry":{"type":"LineString","coordinates":[[25.637113,45.753149],[25.636838,45.752524],[25.636477,45.751583],[25.635873,45.750125],[25.634676,45.747238],[25.634365,45.746486],[25.633833,45.745225],[25.633793,45.745122],[25.633669,45.744827],[25.633601,45.744666],[25.633525,45.744486],[25.633501,45.74443],[25.633365,45.744104],[25.63336,45.744092],[25.633137,45.743558],[25.633109,45.743491],[25.632752,45.742639],[25.631837,45.740452],[25.631765,45.740277],[25.631519,45.73968],[25.631476,45.739575],[25.629968,45.735904],[25.629958,45.73588],[25.629665,45.735187],[25.629541,45.734895],[25.629229,45.734141],[25.628709,45.732885],[25.628495,45.732369],[25.628323,45.731911],[25.628315,45.731884],[25.628282,45.731688],[25.628259,45.731481],[25.628227,45.730966],[25.628167,45.729996]]},"properties":{"name":"DJ103"}},{"type":"Feature","geometry":{"type":"LineString","coordinates":[[25.615089,45.682095],[25.615147,45.682048]]},"properties":{"name":"Stația RAT Rulmentul - Peron 2"}},{"type":"Feature","geometry":{"type":"LineString","coordinates":[[25.635397,45.702976],[25.635709,45.702427],[25.635906,45.70208],[25.636215,45.701513],[25.636383,45.701213],[25.636608,45.70081],[25.636939,45.700266],[25.636972,45.700214],[25.637204,45.69984],[25.637397,45.699516],[25.63751,45.699327],[25.637734,45.69895],[25.638099,45.698335],[25.638153,45.698244],[25.63829,45.698014],[25.638587,45.697514],[25.638878,45.697024],[25.639169,45.696536],[25.639348,45.696234],[25.639471,45.696027]]},"properties":{"name":"Strada Galaxiei"}},{"type":"Feature","geometry":{"type":"LineString","coordinates":[[25.628665,45.701005],[25.628906,45.701075],[25.629433,45.701235],[25.629673,45.701311],[25.630274,45.701495],[25.630928,45.701693],[25.631725,45.701924],[25.632518,45.702153],[25.633936,45.702568],[25.634392,45.702693],[25.634655,45.702764],[25.635397,45.702976],[25.636291,45.70323],[25.638201,45.703774],[25.639217,45.704076],[25.639303,45.704107],[25.639491,45.704228],[25.640213,45.704718],[25.64031,45.704785],[25.640391,45.704834]]},"properties":{"name":"Calea Hărmanului"}},{"type":"Feature","geometry":{"type":"LineString","coordinates":[[25.622997,45.693237],[25.623042,45.693312],[25.623233,45.69365],[25.623273,45.693717],[25.623436,45.693925],[25.623549,45.694085],[25.623816,45.69447],[25.624321,45.695201],[25.624808,45.695908],[25.625269,45.696546],[25.625512,45.696892],[25.625748,45.697227],[25.625816,45.697322],[25.625915,45.697464],[25.625985,45.697559],[25.626291,45.697957],[25.626451,45.698171],[25.626693,45.698496],[25.627009,45.698899],[25.627221,45.699167],[25.627894,45.70002],[25.628475,45.700763],[25.628665,45.701005],[25.628941,45.701359],[25.629153,45.701633],[25.63027,45.703072],[25.630316,45.70313],[25.630472,45.703326],[25.630974,45.703967],[25.631096,45.704122],[25.631514,45.704651],[25.632672,45.706113],[25.63273,45.706192],[25.63278,45.706269],[25.632836,45.706367],[25.63289,45.706474],[25.633033,45.706794],[25.633191,45.707149],[25.633462,45.707858],[25.633512,45.707996],[25.633561,45.708136],[25.633658,45.708414],[25.63372,45.708594],[25.633778,45.708764],[25.633865,45.709008],[25.633933,45.7092],[25.633964,45.709274],[25.634054,45.709422],[25.634386,45.709764],[25.634727,45.710116],[25.634935,45.71033],[25.635,45.710411],[25.635037,45.710481],[25.635046,45.710518]]},"properties":{"name":"Strada Zaharia Bârsan"}},{"type":"Feature","geometry":{"type":"LineString","coordinates":[[25.639048,45.695895],[25.638986,45.69599],[25.638975,45.696008],[25.638928,45.696091],[25.638269,45.697214],[25.637675,45.698226],[25.637645,45.698277],[25.637606,45.698344],[25.637555,45.698431],[25.637527,45.69848],[25.637481,45.698558],[25.637433,45.698641],[25.637354,45.698775],[25.637118,45.699179],[25.637115,45.699184],[25.637102,45.699205]]},"properties":{"name":"Strada Galaxiei 2"}},{"type":"Feature","geometry":{"type":"LineString","coordinates":[[25.647428,45.722389],[25.647353,45.722381],[25.647256,45.72235],[25.647191,45.722319],[25.647146,45.722289],[25.647105,45.722249],[25.647073,45.722192],[25.647063,45.722121],[25.647064,45.722076],[25.647102,45.721931],[25.647142,45.721789],[25.647152,45.721704],[25.64715,45.721643],[25.647135,45.721542],[25.64712,45.721478],[25.647079,45.721437],[25.647022,45.7214],[25.64696,45.72137],[25.646893,45.721346],[25.646831,45.721329],[25.646764,45.721318],[25.646628,45.721312],[25.646471,45.721312],[25.645882,45.721342],[25.645711,45.721343],[25.645526,45.721327],[25.645393,45.721307],[25.645262,45.72128],[25.645159,45.721253],[25.645067,45.721219],[25.644983,45.721184],[25.644722,45.721049],[25.643683,45.720449],[25.643074,45.720119],[25.642736,45.719939],[25.642641,45.719894],[25.642526,45.719854],[25.642431,45.719826],[25.642337,45.719804],[25.642254,45.719786],[25.642132,45.719762],[25.641882,45.719724],[25.641091,45.719604],[25.639732,45.719375],[25.637577,45.719005],[25.636898,45.718892],[25.636118,45.718761],[25.635672,45.718692],[25.635101,45.718616],[25.635012,45.718605],[25.634944,45.718594],[25.634885,45.718577],[25.634504,45.71842],[25.633832,45.718139],[25.632377,45.717514],[25.63227,45.717635],[25.632172,45.717746],[25.631382,45.718639],[25.630772,45.719329],[25.630715,45.719377],[25.630651,45.719416],[25.630594,45.719437]]},"properties":{"name":"Strada Meschendorfer"}},{"type":"Feature","geometry":{"type":"LineString","coordinates":[[25.630594,45.719437],[25.630502,45.719452],[25.630411,45.719458],[25.628717,45.7195],[25.627907,45.719517],[25.627796,45.719518],[25.627679,45.719519],[25.627596,45.719521]]},"properties":{"name":"Strada Pășunii"}},{"type":"Feature","geometry":{"type":"LineString","coordinates":[[25.598122,45.755578],[25.598177,45.755501],[25.598106,45.755479],[25.597843,45.755395],[25.597789,45.755478]]},"properties":{"name":"Strada Gării"}},{"type":"Feature","geometry":{"type":"LineString","coordinates":[[25.604749,45.757597],[25.606102,45.758009],[25.606524,45.758135],[25.606747,45.758203],[25.607014,45.758286],[25.608134,45.758632],[25.610927,45.759491],[25.611946,45.759807],[25.612595,45.760006],[25.612643,45.760021],[25.613016,45.760136],[25.614414,45.760563],[25.615733,45.760972],[25.616633,45.761249],[25.616675,45.76126],[25.618176,45.761736],[25.618267,45.761764],[25.619487,45.762139],[25.61992,45.762276],[25.620812,45.762551],[25.620989,45.762606],[25.621109,45.762643],[25.621535,45.762774],[25.621664,45.762814],[25.621849,45.762862],[25.621943,45.76288],[25.62204,45.762898],[25.623209,45.763072],[25.624015,45.763189],[25.624652,45.763277],[25.627338,45.763648],[25.627437,45.763663],[25.628035,45.763743],[25.628134,45.763756],[25.632494,45.764392],[25.63272,45.764426],[25.633117,45.764479],[25.633232,45.764494],[25.635435,45.764796],[25.635588,45.764812],[25.636365,45.764895],[25.636581,45.764914],[25.636775,45.764924],[25.636947,45.764923],[25.637111,45.76491],[25.637282,45.76488],[25.637516,45.764828],[25.637793,45.764756],[25.638082,45.764665],[25.638332,45.764574],[25.638588,45.764465],[25.638927,45.764293],[25.639205,45.764148],[25.63938,45.764063]]},"properties":{"name":"Strada Gării"}},{"type":"Feature","geometry":{"type":"LineString","coordinates":[[25.68442,45.713677],[25.684419,45.713522],[25.684424,45.713472],[25.684518,45.713074],[25.684562,45.712775],[25.684598,45.712467],[25.684605,45.712268],[25.684601,45.712095],[25.684586,45.711868],[25.684577,45.711593],[25.684609,45.711371],[25.684656,45.711173],[25.684749,45.710876],[25.684942,45.7104],[25.685133,45.709985],[25.685269,45.70974],[25.685493,45.709446],[25.685601,45.709325],[25.685779,45.709113],[25.686345,45.708419],[25.686579,45.708121],[25.686807,45.707778],[25.686993,45.707402],[25.687293,45.706757],[25.687359,45.706612],[25.687475,45.70636],[25.68756,45.706174],[25.687986,45.705236],[25.688071,45.705058],[25.688155,45.704896],[25.6882,45.704803],[25.688258,45.704682],[25.688472,45.704204],[25.688531,45.704084],[25.688663,45.703822],[25.68899,45.703257],[25.689201,45.702908],[25.689475,45.702447],[25.689617,45.702213],[25.689715,45.702054],[25.68976,45.701982],[25.689843,45.701852],[25.689991,45.701619],[25.690074,45.701489],[25.690152,45.701368]]},"properties":{"name":"Strada Gării"}},{"type":"Feature","geometry":{"type":"LineString","coordinates":[[25.604749,45.757597],[25.604466,45.757512],[25.604168,45.757421],[25.604094,45.7574],[25.603781,45.757307],[25.603739,45.757294],[25.603469,45.757212],[25.602906,45.757037],[25.602215,45.756822],[25.602123,45.756795],[25.600988,45.756457],[25.600543,45.756321],[25.60013,45.756193],[25.598753,45.755768],[25.598632,45.755731],[25.598122,45.755578],[25.597987,45.755537],[25.597789,45.755478]]},"properties":{"name":"Strada Fabricii"}},{"type":"Feature","geometry":{"type":"LineString","coordinates":[[25.614929,45.682318],[25.614966,45.682288]]},"properties":{"name":"Stația RAT Rulmentul - Peron 1"}},{"type":"Feature","geometry":{"type":"LineString","coordinates":[[25.61512,45.682159],[25.615174,45.682115]]},"properties":{"name":"Stația RAT Rulmentul - Peron 1"}},{"type":"Feature","geometry":{"type":"LineString","coordinates":[[25.714546,45.754992],[25.714439,45.754941],[25.713705,45.754502],[25.713557,45.754421],[25.713502,45.75438],[25.713471,45.754357],[25.713336,45.754242],[25.713266,45.754133],[25.713226,45.75402],[25.713151,45.753761],[25.712941,45.753164],[25.712834,45.752944],[25.712692,45.752733],[25.712533,45.752549],[25.712345,45.752359],[25.712177,45.752212],[25.711967,45.75207],[25.711593,45.751852],[25.710782,45.751402],[25.710503,45.751248],[25.710468,45.751228],[25.709578,45.750764],[25.709035,45.750523],[25.708689,45.750389],[25.708039,45.750155],[25.707354,45.749901],[25.706678,45.749684],[25.706226,45.749597],[25.706176,45.749581],[25.705921,45.7495],[25.705701,45.749417],[25.705533,45.749319],[25.7054,45.749189],[25.705239,45.748972],[25.704916,45.748493],[25.704697,45.748171],[25.704252,45.747495],[25.704104,45.747237],[25.704086,45.747206],[25.704074,45.747174],[25.703963,45.746789],[25.703867,45.746427],[25.703841,45.746266],[25.703824,45.746093],[25.703818,45.745913],[25.703802,45.745289],[25.703815,45.744835],[25.70382,45.744739],[25.703843,45.744357],[25.703984,45.741709],[25.703988,45.741581],[25.703985,45.741472],[25.703879,45.740278],[25.703851,45.740049],[25.7038,45.73976],[25.703748,45.739509],[25.703663,45.739136],[25.703559,45.738764],[25.703438,45.738411],[25.703323,45.73802],[25.703243,45.737593],[25.703181,45.737282],[25.703059,45.73667],[25.702921,45.736108],[25.702798,45.735687],[25.702696,45.735379],[25.702598,45.735168],[25.702533,45.735052],[25.702461,45.734938],[25.702282,45.734631],[25.702023,45.734274],[25.701922,45.734143],[25.701859,45.734048],[25.701801,45.733966],[25.70171,45.733816],[25.701626,45.733678],[25.701552,45.733548],[25.701199,45.732849],[25.700944,45.732336],[25.700429,45.731238],[25.6999,45.729829],[25.699585,45.728984],[25.699574,45.728954],[25.69947,45.72867],[25.699279,45.728112],[25.699189,45.727746],[25.699006,45.727143],[25.698772,45.726353],[25.698667,45.726008],[25.698539,45.725669]]},"properties":{"name":"DJ112"}},{"type":"Feature","geometry":{"type":"LineString","coordinates":[[25.690307,45.701],[25.690286,45.701069],[25.690274,45.701111],[25.690258,45.701144],[25.690152,45.701368],[25.690378,45.701187],[25.690465,45.701137],[25.690527,45.701112]]},"properties":{"name":"DJ112"}},{"type":"Feature","geometry":{"type":"LineString","coordinates":[[25.690307,45.70096],[25.690261,45.700882],[25.690211,45.700831],[25.690188,45.700808],[25.689844,45.70057],[25.689727,45.700494],[25.689495,45.700343],[25.689276,45.700206],[25.68905,45.700067],[25.688983,45.700028],[25.68862,45.699809],[25.6881,45.699491],[25.687697,45.699243],[25.687255,45.698975],[25.686918,45.698771],[25.68658,45.698565],[25.686142,45.698296],[25.685693,45.698022],[25.685345,45.697812],[25.684997,45.697606],[25.684548,45.697337],[25.68421,45.697131],[25.683879,45.696929],[25.683428,45.696651],[25.68291,45.696339],[25.682416,45.696039],[25.682078,45.695831],[25.681627,45.69556],[25.68118,45.695294],[25.680589,45.694947],[25.680143,45.694684],[25.679801,45.694474],[25.679444,45.69426],[25.675892,45.692152],[25.667265,45.687047],[25.666122,45.686368],[25.665182,45.68581],[25.664868,45.685621],[25.664784,45.685571],[25.664528,45.68542],[25.66446,45.68538],[25.664374,45.685334],[25.6643,45.6853],[25.664206,45.685265],[25.664126,45.685242],[25.664047,45.685225],[25.663976,45.685216],[25.663901,45.685215],[25.663841,45.685222],[25.663778,45.685234]]},"properties":{"name":"DN11"}},{"type":"Feature","geometry":{"type":"LineString","coordinates":[[25.662864,45.684689],[25.662826,45.684588],[25.662772,45.68449],[25.662705,45.684407],[25.662615,45.684325],[25.662275,45.684092],[25.661827,45.683815],[25.66124,45.683454],[25.661122,45.683385],[25.657972,45.68153],[25.656941,45.680912]]},"properties":{"name":"DN11"}},{"type":"Feature","geometry":{"type":"LineString","coordinates":[[25.657017,45.68085],[25.658048,45.681468],[25.661186,45.683336],[25.661903,45.683764],[25.662579,45.684172],[25.66283,45.684294],[25.662994,45.68438],[25.663151,45.684467],[25.663263,45.684535],[25.663845,45.684873],[25.664212,45.685096],[25.664357,45.685185],[25.664623,45.685358],[25.66527,45.685746],[25.666194,45.686303],[25.667337,45.686991],[25.675935,45.692087],[25.679483,45.694189],[25.68,45.694505],[25.680459,45.69478],[25.680914,45.695047],[25.681247,45.695248],[25.681601,45.695456],[25.682051,45.695722],[25.682496,45.695998],[25.682949,45.696271],[25.6834,45.696542],[25.68384,45.696814],[25.684285,45.697087],[25.68463,45.697296],[25.684974,45.697504],[25.685431,45.697772],[25.685882,45.698044],[25.686222,45.698254],[25.686661,45.698523],[25.687002,45.698731],[25.687345,45.698939],[25.687676,45.699141],[25.688171,45.699438],[25.688533,45.699662],[25.689046,45.699972],[25.689118,45.700015],[25.689466,45.700229],[25.689882,45.700486],[25.690257,45.70072],[25.690422,45.700807],[25.690487,45.700846]]},"properties":{"name":"DN11"}},{"type":"Feature","geometry":{"type":"LineString","coordinates":[[25.702758,45.70858],[25.701723,45.707931],[25.701658,45.707892],[25.701037,45.70748],[25.700103,45.706898],[25.699107,45.70628],[25.698198,45.705714],[25.697816,45.705475],[25.696758,45.704813],[25.695692,45.704147],[25.695642,45.704115],[25.694211,45.703226],[25.693221,45.702614],[25.692842,45.70238],[25.6928,45.702354],[25.692246,45.702014],[25.691265,45.70143],[25.690717,45.701141],[25.690682,45.70113],[25.690585,45.701098]]},"properties":{"name":"DN11"}},{"type":"Feature","geometry":{"type":"LineString","coordinates":[[25.690682,45.700947],[25.691148,45.701242],[25.692858,45.702301],[25.694221,45.703141],[25.699457,45.706406],[25.701101,45.707446],[25.702342,45.708222],[25.703055,45.708653]]},"properties":{"name":"DN11"}},{"type":"Feature","geometry":{"type":"LineString","coordinates":[[25.64791,45.675985],[25.647909,45.675935],[25.64791,45.675911],[25.647907,45.675872],[25.647906,45.675856],[25.647905,45.675798],[25.647903,45.675736],[25.647902,45.675681]]},"properties":{"name":"Stație RAT Triaj - Peron 7"}},{"type":"Feature","geometry":{"type":"LineString","coordinates":[[25.770915,45.750748],[25.771041,45.750672],[25.771083,45.750659],[25.771553,45.750521],[25.771779,45.750458],[25.771946,45.750412],[25.772081,45.750375],[25.774601,45.749701],[25.775692,45.749411],[25.775956,45.749342],[25.776244,45.749267],[25.776937,45.749087],[25.777133,45.749019],[25.777259,45.748899],[25.777725,45.748271],[25.779652,45.745811],[25.779706,45.745728],[25.779749,45.745652],[25.779788,45.745582],[25.779857,45.745442],[25.780309,45.744565],[25.780478,45.744189],[25.78062,45.743805],[25.78077,45.743362],[25.780856,45.743015],[25.780884,45.742816],[25.780898,45.742616],[25.780886,45.742322],[25.780827,45.741987],[25.780814,45.741913],[25.780797,45.741865],[25.780716,45.741635],[25.780574,45.741268]]},"properties":{"name":"Strada Pictor Iacob Brujan"}},{"type":"Feature","geometry":{"type":"LineString","coordinates":[[25.780574,45.741268],[25.780563,45.741202],[25.780562,45.741135],[25.780632,45.741024],[25.780712,45.740927],[25.780753,45.740862]]},"properties":{"name":"DJ112D"}},{"type":"Feature","geometry":{"type":"LineString","coordinates":[[25.75879,45.65233],[25.758892,45.652424],[25.758917,45.652447],[25.758961,45.652499],[25.758999,45.652543],[25.759106,45.652712],[25.759203,45.652891],[25.759662,45.653982],[25.759694,45.654064],[25.759777,45.654239],[25.759844,45.654346],[25.760044,45.654585],[25.760744,45.655404],[25.761266,45.656048],[25.761382,45.656185],[25.761675,45.656534],[25.761823,45.656716],[25.762634,45.657714],[25.762955,45.658122],[25.763916,45.659292],[25.764145,45.659581],[25.764577,45.660112],[25.764823,45.66042],[25.76484,45.660441],[25.764879,45.66049],[25.764928,45.660549],[25.765277,45.660961],[25.765656,45.661409],[25.765971,45.661781],[25.76649,45.662411],[25.767075,45.663132],[25.767736,45.663946],[25.767952,45.664213],[25.768184,45.664498],[25.768472,45.664852],[25.768655,45.665078],[25.768772,45.665208],[25.768952,45.665414],[25.769069,45.665576],[25.76918,45.665764],[25.769197,45.665968],[25.769191,45.666157],[25.769164,45.66643]]},"properties":{"name":"DJ112D"}},{"type":"Feature","geometry":{"type":"LineString","coordinates":[[25.763134,45.717643],[25.762952,45.717603],[25.762689,45.717551],[25.762481,45.717516],[25.761675,45.717409],[25.760996,45.71733],[25.759907,45.717201],[25.758884,45.71708],[25.758312,45.71702],[25.757653,45.716953],[25.757462,45.716937],[25.757271,45.716922],[25.75718,45.716912],[25.756364,45.71683],[25.75403,45.716626],[25.75324,45.716531],[25.751611,45.716322],[25.750589,45.716187],[25.749494,45.716039],[25.748096,45.715859],[25.745959,45.71559],[25.745373,45.715505],[25.74397,45.715263],[25.743539,45.715186],[25.743019,45.715093],[25.740815,45.71473],[25.740429,45.714679],[25.740118,45.714644],[25.739839,45.714617],[25.739775,45.714613],[25.7396,45.7146],[25.739117,45.714574]]},"properties":{"name":"DN10"}},{"type":"Feature","geometry":{"type":"LineString","coordinates":[[25.737799,45.714543],[25.737853,45.714545],[25.738717,45.714573],[25.739117,45.714574],[25.738533,45.714516],[25.73781,45.714473],[25.7376,45.714462]]},"properties":{"name":"DN10"}},{"type":"Feature","geometry":{"type":"LineString","coordinates":[[25.737176,45.714509],[25.736592,45.714477],[25.735941,45.714428],[25.735354,45.714355]]},"properties":{"name":"DN10"}},{"type":"Feature","geometry":{"type":"LineString","coordinates":[[25.702758,45.70858],[25.702996,45.708716],[25.703184,45.708827],[25.703338,45.708924]]},"properties":{"name":"DN10"}},{"type":"Feature","geometry":{"type":"LineString","coordinates":[[25.703055,45.708653],[25.703237,45.708814],[25.703338,45.708924],[25.703396,45.70897],[25.703527,45.709105],[25.703817,45.709435],[25.704331,45.710134],[25.704522,45.710374],[25.704604,45.710472],[25.704676,45.710549],[25.704762,45.710628],[25.704849,45.71069],[25.704975,45.71076],[25.705105,45.710825],[25.705254,45.710885],[25.705412,45.71093],[25.705567,45.710965],[25.705743,45.710988],[25.705897,45.710991],[25.706062,45.71098],[25.706192,45.710962],[25.706326,45.710938],[25.70649,45.710894],[25.706692,45.71083],[25.707027,45.710717],[25.707363,45.710612],[25.708911,45.710093],[25.70924,45.709988],[25.709496,45.709918],[25.709751,45.709862],[25.709965,45.709833],[25.710233,45.709808],[25.710501,45.709801],[25.711249,45.709807],[25.711566,45.709813],[25.711865,45.709833],[25.712251,45.70987],[25.712626,45.709931],[25.712929,45.710001],[25.713228,45.710075],[25.713494,45.710154],[25.713771,45.71024],[25.714057,45.710354],[25.714333,45.710477],[25.714719,45.710645],[25.715754,45.711108],[25.716345,45.711373],[25.716817,45.71159],[25.717258,45.711778],[25.717499,45.711874],[25.717723,45.711963],[25.718059,45.712085],[25.718407,45.712195],[25.718801,45.712327],[25.719169,45.712419],[25.720226,45.712691],[25.721754,45.713078],[25.722756,45.713307],[25.723204,45.713395],[25.72366,45.713466],[25.724085,45.713514],[25.725087,45.713598],[25.726793,45.713729],[25.728814,45.713898],[25.72929,45.713935],[25.729817,45.713979],[25.731318,45.714122],[25.731579,45.714143],[25.731892,45.714162],[25.732408,45.714189],[25.733617,45.714253],[25.73451,45.714301],[25.735354,45.714355],[25.735702,45.714377],[25.73625,45.714403],[25.736474,45.714413],[25.73715,45.714445],[25.737463,45.714458]]},"properties":{"name":"DN10"}},{"type":"Feature","geometry":{"type":"LineString","coordinates":[[25.998451,45.650814],[25.99841,45.650801],[25.998306,45.650794],[25.996333,45.651237]]},"properties":{"name":"DN10"}},{"type":"Feature","geometry":{"type":"LineString","coordinates":[[25.974972,45.662903],[25.974777,45.662999],[25.974522,45.663133],[25.974351,45.663222],[25.974223,45.663291],[25.973976,45.663431],[25.973831,45.663515],[25.973664,45.663618],[25.973469,45.66376],[25.973308,45.663895],[25.973201,45.664008],[25.973093,45.66413],[25.97299,45.664271],[25.97292,45.664384],[25.972841,45.664536],[25.97265,45.664861],[25.972417,45.665307],[25.972203,45.665708],[25.972095,45.665914],[25.971976,45.666147],[25.971894,45.666324],[25.971804,45.666492],[25.971748,45.666663],[25.971686,45.666803],[25.971635,45.666972],[25.971567,45.667166],[25.971468,45.667385],[25.971373,45.667549],[25.971208,45.667809],[25.971072,45.667997],[25.970891,45.668189],[25.970754,45.668317],[25.970596,45.668458],[25.970371,45.668634],[25.970247,45.668737],[25.970161,45.668823],[25.970102,45.668906],[25.970067,45.668986],[25.970057,45.669056],[25.970059,45.669125],[25.970089,45.669235],[25.970183,45.669607],[25.970202,45.669711],[25.970217,45.66986],[25.970215,45.669955],[25.970199,45.670051],[25.970175,45.670158],[25.970094,45.67051],[25.970038,45.670722],[25.969995,45.670852],[25.969946,45.670957],[25.969885,45.671044],[25.969772,45.671185],[25.969523,45.671473],[25.969248,45.671848],[25.96903,45.672135],[25.968953,45.672242],[25.968913,45.672313],[25.968873,45.672421],[25.96886,45.672519],[25.968869,45.672621],[25.96889,45.672762],[25.968949,45.673096],[25.968992,45.673477],[25.969034,45.673784],[25.969036,45.673915],[25.969036,45.674035],[25.969012,45.674165],[25.968974,45.674273],[25.968905,45.674399],[25.968726,45.674684],[25.9686,45.674877],[25.968545,45.674965],[25.96849,45.675051],[25.968375,45.675269],[25.968264,45.675515],[25.968147,45.675763],[25.968093,45.675906],[25.968056,45.676031],[25.968042,45.676148],[25.96805,45.676256],[25.96808,45.67637],[25.968131,45.676505],[25.968197,45.676623],[25.96829,45.676767],[25.96837,45.676895],[25.968421,45.676985],[25.968462,45.677065],[25.968495,45.677162],[25.968505,45.67728],[25.968488,45.677407],[25.968455,45.677518],[25.96841,45.677609],[25.96834,45.677712],[25.968262,45.677793],[25.968053,45.677969],[25.967605,45.678357],[25.967324,45.678591],[25.967133,45.678764],[25.967037,45.678854],[25.966975,45.678921],[25.966911,45.678996],[25.966849,45.679092],[25.966806,45.67917],[25.966624,45.679543],[25.966516,45.679787],[25.966433,45.679959],[25.966371,45.68007],[25.966311,45.680148],[25.966234,45.680216],[25.966084,45.68031],[25.9658,45.680437],[25.965521,45.680542],[25.965296,45.680634],[25.965159,45.680696],[25.965046,45.68076],[25.964982,45.680818],[25.964926,45.680887],[25.964888,45.680962],[25.964887,45.681039],[25.964901,45.681107],[25.964943,45.681183],[25.964989,45.681244],[25.965062,45.681316],[25.965165,45.681417],[25.965229,45.681485],[25.965281,45.681561],[25.965312,45.68163],[25.965331,45.681711],[25.965342,45.681815],[25.965342,45.682074],[25.965339,45.682238],[25.965331,45.682482],[25.965329,45.682532],[25.965325,45.682643],[25.96532,45.682733],[25.965296,45.68281],[25.96525,45.682886],[25.965191,45.68295],[25.965103,45.683001],[25.964994,45.683022],[25.964872,45.683021],[25.964767,45.683001],[25.964643,45.682956],[25.964475,45.682884],[25.964233,45.682774],[25.964093,45.682719],[25.963981,45.682687],[25.963868,45.682669],[25.963718,45.682671],[25.963589,45.682688],[25.963475,45.682722],[25.963386,45.682764],[25.963247,45.682851],[25.963142,45.68292],[25.963009,45.682987],[25.96286,45.68302],[25.962672,45.683039],[25.962467,45.683048],[25.962279,45.683063],[25.961971,45.683103],[25.961777,45.683115],[25.96162,45.683099],[25.961493,45.683069],[25.961361,45.683017],[25.961163,45.682935],[25.960912,45.682842],[25.960695,45.682749],[25.960475,45.682652],[25.960301,45.682579],[25.960138,45.68251],[25.960013,45.682463],[25.959867,45.682416],[25.959713,45.682374],[25.959564,45.68234],[25.959396,45.682312],[25.959222,45.682292],[25.95903,45.682281],[25.958848,45.682279],[25.958621,45.68229],[25.958346,45.682311],[25.958014,45.682341],[25.957767,45.682362],[25.957614,45.682367],[25.95745,45.682369],[25.957332,45.68236],[25.957222,45.682331],[25.95715,45.682294],[25.957078,45.682238],[25.957005,45.682144],[25.956943,45.682045],[25.956885,45.681944],[25.956804,45.681855],[25.956708,45.681785],[25.956586,45.681733],[25.956455,45.681709],[25.956313,45.68171],[25.956153,45.681729],[25.956029,45.681766],[25.955892,45.681837],[25.955626,45.681985],[25.955407,45.682099],[25.955254,45.682167],[25.955139,45.682204],[25.955012,45.682222],[25.954884,45.682217],[25.954736,45.682189],[25.954594,45.682135],[25.954393,45.682019],[25.954269,45.681916],[25.954194,45.6818],[25.954168,45.681681],[25.954167,45.681503],[25.95417,45.681365],[25.954157,45.681271],[25.954124,45.68117],[25.954072,45.681076],[25.954003,45.680996],[25.953898,45.680927],[25.953802,45.680888],[25.953687,45.680856],[25.953439,45.680816],[25.953297,45.680789],[25.953192,45.680759],[25.953113,45.680722],[25.953029,45.680658],[25.952936,45.680563],[25.952738,45.680344],[25.952571,45.68018],[25.952478,45.680107],[25.952384,45.680047],[25.952293,45.680004],[25.95216,45.679962],[25.952002,45.67993],[25.951741,45.679899],[25.951562,45.679878],[25.951409,45.679856],[25.951276,45.679819],[25.951163,45.679765],[25.951035,45.679691],[25.950707,45.679479],[25.950602,45.679412],[25.950485,45.679367],[25.950385,45.679354],[25.950267,45.679356],[25.950165,45.679373],[25.949994,45.679427],[25.949809,45.679466],[25.949581,45.679483],[25.949406,45.679474],[25.949213,45.679436],[25.949098,45.679403],[25.94894,45.679324],[25.948752,45.679215],[25.948607,45.679154],[25.948457,45.679112],[25.948266,45.679069],[25.948165,45.679041],[25.94808,45.679002],[25.947994,45.678936],[25.947867,45.678807],[25.947757,45.678702],[25.947634,45.678597],[25.947524,45.678526],[25.947397,45.678456],[25.947113,45.678333],[25.946767,45.678194],[25.946443,45.678062],[25.946054,45.677907],[25.945813,45.677815],[25.945649,45.677763],[25.945501,45.677722],[25.945292,45.677692],[25.944983,45.677663],[25.944572,45.677636],[25.944292,45.67762],[25.944109,45.677625],[25.943961,45.677641],[25.943785,45.677674],[25.943563,45.677716],[25.943405,45.67774],[25.943263,45.677745],[25.943125,45.677729],[25.943011,45.677705],[25.942841,45.677654],[25.942692,45.677617],[25.942602,45.677603],[25.942508,45.677607],[25.942378,45.67763],[25.942285,45.677656],[25.942202,45.677688],[25.941924,45.677813],[25.941778,45.67787],[25.941645,45.677905],[25.941518,45.677932]]},"properties":{"name":"DN10"}},{"type":"Feature","geometry":{"type":"LineString","coordinates":[[25.844875,45.703844],[25.844594,45.703948],[25.844463,45.703996],[25.844189,45.7041],[25.844016,45.70415],[25.843071,45.704504],[25.841506,45.705078],[25.840708,45.705368],[25.839194,45.70592],[25.836083,45.707062],[25.833761,45.707915],[25.833256,45.708122],[25.832944,45.708272],[25.832575,45.708458],[25.831037,45.709338],[25.829955,45.709957],[25.829273,45.710326],[25.829077,45.710418],[25.8289,45.710494],[25.828698,45.71057],[25.828504,45.710635],[25.828313,45.710689],[25.828123,45.710737],[25.827915,45.710785],[25.82771,45.710819],[25.827208,45.710906],[25.826457,45.711027],[25.82474,45.711296],[25.823624,45.711471],[25.823379,45.711517],[25.823226,45.711558],[25.823148,45.711579],[25.822965,45.711633],[25.822818,45.711683],[25.821133,45.71231],[25.82091,45.712383],[25.820704,45.712442],[25.820504,45.71249],[25.82035,45.712524],[25.820189,45.712557],[25.820004,45.712589],[25.819792,45.712621],[25.816354,45.713111],[25.815842,45.713171],[25.815735,45.713179],[25.815645,45.713181],[25.815548,45.713177],[25.815411,45.713164],[25.81532,45.71315],[25.815164,45.713127],[25.814157,45.712963],[25.814006,45.712941],[25.813853,45.712922],[25.813689,45.712908],[25.81353,45.7129],[25.813284,45.712896],[25.812989,45.712899],[25.807355,45.713037],[25.806982,45.713046],[25.80687,45.713048],[25.806706,45.713051],[25.80613,45.713071],[25.80247,45.713194],[25.794589,45.713476],[25.792583,45.71354],[25.787189,45.713709],[25.7849,45.713775]]},"properties":{"name":"DN10"}},{"type":"Feature","geometry":{"type":"LineString","coordinates":[[25.647835,45.675939],[25.647829,45.675832],[25.647828,45.675806],[25.647819,45.67568],[25.647815,45.675627]]},"properties":{"name":"Stație RAT Triaj - Peron 6"}},{"type":"Feature","geometry":{"type":"LineString","coordinates":[[25.612758,45.66069],[25.612576,45.66065],[25.612508,45.660636],[25.6124,45.660612]]},"properties":{"name":"Stația RATBv Terminal Gară - Peron 7"}},{"type":"Feature","geometry":{"type":"LineString","coordinates":[[25.98083,45.578801],[25.980853,45.578812],[25.980994,45.578866],[25.981379,45.579],[25.981668,45.579121],[25.982023,45.579294],[25.983769,45.580206],[25.985226,45.581118],[25.985514,45.58127],[25.986371,45.581578],[25.986801,45.58172],[25.987369,45.58186],[25.987562,45.581926],[25.98795,45.582149],[25.988075,45.582239],[25.988199,45.582363],[25.98826,45.582547],[25.988278,45.582723],[25.988226,45.583048],[25.98823,45.583215],[25.988286,45.583413],[25.988298,45.583451],[25.988318,45.583517],[25.988351,45.583644],[25.988564,45.584456],[25.988901,45.585551],[25.988952,45.585753],[25.989022,45.585916],[25.989186,45.586255],[25.989423,45.58676],[25.989587,45.587252],[25.989591,45.587275],[25.989627,45.58746],[25.989706,45.588114],[25.989773,45.588364],[25.989877,45.588639],[25.990031,45.588944],[25.990178,45.589196],[25.990396,45.589474],[25.991074,45.590416],[25.991576,45.591342],[25.991834,45.591895],[25.991892,45.592047],[25.991963,45.592266],[25.992015,45.592531],[25.992116,45.59314],[25.992174,45.593483],[25.992199,45.593849],[25.99219,45.594066],[25.992156,45.594286],[25.992006,45.595139],[25.991991,45.595328],[25.991994,45.595477],[25.991994,45.595574],[25.992005,45.595683],[25.992026,45.595855],[25.992043,45.595955],[25.992125,45.596279],[25.992241,45.596667],[25.992271,45.596824],[25.992301,45.597088],[25.992393,45.597872],[25.99244,45.598486],[25.992543,45.599888],[25.992579,45.600192],[25.992611,45.600364],[25.992655,45.60057],[25.9927,45.600768],[25.992754,45.600942],[25.992802,45.601088],[25.992855,45.601244],[25.992916,45.601417],[25.992999,45.601648],[25.993163,45.602046],[25.993329,45.602459],[25.993428,45.6027],[25.99358,45.603087],[25.993591,45.603111],[25.993717,45.603393],[25.99379,45.60356],[25.993886,45.603779],[25.994028,45.604084],[25.994146,45.60434],[25.994276,45.604616],[25.994403,45.604904],[25.994536,45.60519],[25.994653,45.605452],[25.994782,45.605728],[25.99489,45.605982],[25.995061,45.606362],[25.995203,45.606671],[25.995432,45.607128],[25.995615,45.607491],[25.995777,45.60783],[25.995975,45.60823],[25.996089,45.608462],[25.996152,45.608628],[25.996278,45.609021],[25.996341,45.609236],[25.996387,45.609413],[25.996437,45.60958],[25.996521,45.609849],[25.996582,45.610062],[25.996644,45.610273],[25.99669,45.610439],[25.996749,45.610654],[25.996824,45.61091],[25.996873,45.611093],[25.996967,45.611419],[25.997048,45.611698],[25.997121,45.611941],[25.997189,45.612189],[25.997272,45.612485],[25.997344,45.612744],[25.997432,45.613038],[25.997519,45.61333],[25.997608,45.613641],[25.997716,45.613984],[25.997792,45.614249],[25.997912,45.614672],[25.99804,45.615103],[25.998118,45.615349],[25.998185,45.615617],[25.998218,45.61578],[25.998234,45.615961],[25.998231,45.616144],[25.998248,45.61653],[25.998275,45.616879],[25.998289,45.617073],[25.998293,45.617122],[25.998325,45.617637],[25.998338,45.61791],[25.998311,45.618109],[25.998256,45.618321],[25.998101,45.618917],[25.998019,45.61919],[25.997936,45.619492],[25.997849,45.619817],[25.997779,45.620074],[25.997646,45.620525],[25.997548,45.620833],[25.997434,45.621206],[25.997287,45.621685],[25.997114,45.622236],[25.997001,45.6226],[25.996953,45.62273],[25.996913,45.62283],[25.996863,45.622906],[25.9968,45.622986],[25.996725,45.62307],[25.996647,45.623154],[25.996544,45.623264],[25.996371,45.623422],[25.996194,45.623594],[25.995912,45.623858],[25.995559,45.624192],[25.995299,45.62444],[25.994847,45.624879],[25.994558,45.625151],[25.994339,45.625358],[25.994128,45.625557],[25.993742,45.625943],[25.993483,45.626214],[25.993352,45.626374],[25.993149,45.626634],[25.992916,45.626937]]},"properties":{"name":"DC49A"}},{"type":"Feature","geometry":{"type":"LineString","coordinates":[[25.992916,45.626937],[25.992813,45.627097],[25.99277,45.627195],[25.992753,45.627265],[25.99274,45.627315],[25.992724,45.627407],[25.992722,45.627571],[25.992714,45.627873],[25.992712,45.628204],[25.992707,45.628477],[25.992711,45.628686],[25.992722,45.628884],[25.992734,45.628978],[25.992748,45.629065],[25.99279,45.629251],[25.992838,45.629402],[25.992888,45.629537],[25.992937,45.629653],[25.992998,45.629799],[25.993267,45.630472],[25.993984,45.632342],[25.994128,45.632699],[25.994146,45.632745],[25.995866,45.63726],[25.996656,45.639261],[25.99729,45.640837],[25.99733,45.640937],[25.997938,45.642448],[25.998196,45.643001],[25.99822,45.643053],[25.998906,45.644476],[25.999262,45.645196],[25.999317,45.645351],[25.999343,45.645428],[25.999361,45.645491],[25.999378,45.645601],[25.99939,45.645732],[25.999384,45.645852],[25.999372,45.646113],[25.999344,45.646779],[25.999363,45.647022],[25.99949,45.647873],[25.999502,45.648005],[25.999499,45.648124],[25.999489,45.648225],[25.999453,45.648358],[25.999366,45.648587],[25.999027,45.649357],[25.998789,45.649938],[25.998567,45.650494]]},"properties":{"name":"Strada Brădet"}},{"type":"Feature","geometry":{"type":"LineString","coordinates":[[25.998451,45.650814],[25.9985,45.650767],[25.998566,45.650708],[25.998567,45.650494],[25.998306,45.650794]]},"properties":{"name":"Strada Brădet"}},{"type":"Feature","geometry":{"type":"LineString","coordinates":[[25.996333,45.651237],[25.99621,45.65127],[25.995671,45.651397],[25.994679,45.651637],[25.994476,45.651691],[25.994311,45.651744],[25.994153,45.651807],[25.993995,45.65188],[25.99346,45.652167],[25.993278,45.652243],[25.993098,45.652306],[25.992931,45.652351],[25.992749,45.652391],[25.992502,45.65243],[25.992173,45.652471],[25.99029,45.652671],[25.98997,45.652714],[25.989673,45.652774],[25.989352,45.652876],[25.989169,45.652954],[25.988973,45.653045],[25.988746,45.653169],[25.988549,45.6533],[25.988379,45.653432],[25.987939,45.653852],[25.987494,45.654288],[25.986614,45.655122],[25.986443,45.655295],[25.985318,45.656412],[25.985236,45.656517],[25.985169,45.656624],[25.985081,45.656792],[25.984834,45.657447],[25.984772,45.657564],[25.98472,45.657637],[25.98465,45.657725],[25.984572,45.657794],[25.983613,45.658538],[25.983449,45.658666],[25.983248,45.658833],[25.98311,45.658958],[25.983015,45.659047],[25.982885,45.659184],[25.982594,45.659504],[25.982392,45.659693],[25.98229,45.659789],[25.98218,45.659879],[25.982036,45.659981],[25.981865,45.660082],[25.981615,45.66022],[25.98131,45.660386],[25.980934,45.660599],[25.980713,45.66073],[25.980429,45.660901],[25.980198,45.661043],[25.979898,45.661217],[25.979698,45.661318],[25.979481,45.661415],[25.979274,45.66149],[25.978971,45.661581],[25.978605,45.661695],[25.978254,45.661808],[25.977716,45.661971],[25.977043,45.66218],[25.976537,45.662328],[25.976438,45.662358],[25.976001,45.662496],[25.975668,45.662612],[25.975396,45.662718],[25.975168,45.662808],[25.974972,45.662903]]},"properties":{"name":"Strada Brădet"}},{"type":"Feature","geometry":{"type":"LineString","coordinates":[[25.612739,45.660622],[25.612563,45.660582],[25.612379,45.66054]]},"properties":{"name":"Stația RATBv Terminal Gară - Peron 9"}},{"type":"Feature","geometry":{"type":"LineString","coordinates":[[26.030305,45.593086],[26.030313,45.593244],[26.03031,45.593401],[26.030265,45.593604],[26.030208,45.593756],[26.030137,45.593913],[26.03009,45.594032],[26.029945,45.594494],[26.029787,45.595256],[26.029728,45.59558],[26.02968,45.595794],[26.029645,45.595969],[26.029599,45.596113],[26.029361,45.596774],[26.029186,45.597292],[26.028776,45.59818],[26.028663,45.598382],[26.02854,45.598546],[26.028344,45.598771],[26.028049,45.599109],[26.027851,45.5993],[26.027767,45.599381],[26.027454,45.599651],[26.027336,45.599754],[26.027262,45.599842],[26.027184,45.599968],[26.027067,45.60022],[26.026885,45.600569],[26.026685,45.600869],[26.026542,45.601052],[26.026418,45.601192],[26.026232,45.60136],[26.025994,45.601546],[26.025595,45.601847],[26.025393,45.601987],[26.025256,45.602082],[26.024498,45.602604],[26.023114,45.60365],[26.022588,45.604046],[26.022379,45.604192],[26.022178,45.604365],[26.021596,45.604926],[26.021226,45.605311],[26.021156,45.605384],[26.021022,45.605446],[26.020743,45.605575],[26.02034,45.605729],[26.020019,45.605821],[26.018586,45.606059],[26.018184,45.606089],[26.018064,45.606094],[26.017956,45.606086],[26.017731,45.606038],[26.01767,45.606031],[26.01758,45.606028],[26.01745,45.606044],[26.016704,45.606164],[26.015997,45.60625],[26.015848,45.606268],[26.015382,45.606327],[26.014357,45.606458],[26.01308,45.606635],[26.012571,45.60674],[26.012056,45.606912],[26.01183,45.606954],[26.01161,45.606969],[26.011329,45.606965],[26.010452,45.607062],[26.010003,45.607136],[26.009261,45.60731],[26.008923,45.607401],[26.008683,45.607501],[26.008513,45.607595],[26.008126,45.607817],[26.007938,45.607908],[26.00708,45.608184],[26.006836,45.608239],[26.005564,45.608554],[26.005339,45.608611],[26.004701,45.608749],[26.004424,45.608811],[26.00428,45.60886],[26.004088,45.608885],[26.00371,45.608909],[26.00347,45.608917],[26.003237,45.608923],[26.002894,45.608923],[26.002424,45.608914],[26.001882,45.608871],[26.001427,45.608835],[26.00108,45.608792],[26.000934,45.60878],[26.000822,45.60878],[26.000694,45.60883],[26.000616,45.608881],[26.000474,45.608958],[26.000338,45.609007],[26.000182,45.609057],[25.999836,45.609127],[25.999703,45.609181],[25.999588,45.609238],[25.999407,45.609356],[25.999257,45.60948],[25.999107,45.609595],[25.999026,45.609647],[25.998948,45.609678],[25.998814,45.609708],[25.998631,45.609743],[25.996893,45.610013],[25.996798,45.610028],[25.996582,45.610062]]},"properties":{"name":"DC49"}},{"type":"Feature","geometry":{"type":"LineString","coordinates":[[25.764568,45.648256],[25.764552,45.648264],[25.764443,45.648315],[25.764224,45.648398],[25.763928,45.648494],[25.763631,45.648622],[25.763466,45.648717],[25.763351,45.648809],[25.762983,45.64913],[25.762948,45.64916],[25.762756,45.649329],[25.761959,45.650046],[25.761911,45.650088],[25.761778,45.650202],[25.761605,45.650345],[25.760956,45.650849],[25.760211,45.651443],[25.760028,45.651571],[25.75981,45.651706],[25.759222,45.652071],[25.758978,45.652217],[25.75879,45.65233],[25.758646,45.652419],[25.75862,45.652436],[25.75852,45.652497],[25.758315,45.652624],[25.758164,45.652717],[25.757859,45.652918],[25.75752,45.653136],[25.757293,45.653287],[25.757104,45.653423],[25.757035,45.653468]]},"properties":{"name":"DJ103A;DJ103B"}},{"type":"Feature","geometry":{"type":"LineString","coordinates":[[25.756715,45.653658],[25.75677,45.653643],[25.756833,45.653613],[25.756939,45.653543],[25.757035,45.653468],[25.756829,45.653546],[25.756734,45.653557],[25.7567,45.653562]]},"properties":{"name":"DJ103A;DJ103B"}},{"type":"Feature","geometry":{"type":"LineString","coordinates":[[25.632532,45.632722],[25.63253,45.632749],[25.632518,45.632879]]},"properties":{"name":"Stația RAT Roman - Peron 4"}},{"type":"Feature","geometry":{"type":"LineString","coordinates":[[25.632516,45.632897],[25.63251,45.632961],[25.632506,45.633005],[25.6325,45.633068]]},"properties":{"name":"Stația RAT Roman - Peron 4"}},{"type":"Feature","geometry":{"type":"LineString","coordinates":[[25.695832,45.618023],[25.696098,45.61793],[25.696265,45.617872],[25.696509,45.617786],[25.697425,45.617458],[25.698472,45.61708],[25.698583,45.617047],[25.698678,45.617027],[25.698745,45.617019],[25.698827,45.617018],[25.698901,45.617029],[25.698956,45.617043],[25.698999,45.617075],[25.699043,45.617129],[25.69914,45.617308],[25.69932,45.617695],[25.699516,45.618114],[25.699661,45.618446],[25.699698,45.618524],[25.699734,45.618588],[25.699778,45.618649],[25.699823,45.618691],[25.699907,45.618746],[25.700056,45.618802],[25.700638,45.618984],[25.701053,45.6191],[25.701271,45.619162],[25.701738,45.619296],[25.701829,45.619333],[25.701925,45.619374],[25.702019,45.619419],[25.702233,45.619529],[25.702436,45.619627],[25.7026,45.619685],[25.702773,45.619729],[25.702951,45.619759],[25.703107,45.61977],[25.703332,45.619776],[25.703566,45.619768],[25.704786,45.619651],[25.70502,45.619637],[25.705538,45.619612],[25.705828,45.61961],[25.706063,45.619613],[25.70625,45.619619],[25.706404,45.619618],[25.706564,45.619604],[25.706714,45.619581],[25.70684,45.61956],[25.706986,45.619526],[25.707151,45.619476],[25.707426,45.619376],[25.707835,45.619212],[25.708348,45.618977],[25.708618,45.61886],[25.708927,45.618742],[25.709216,45.618651],[25.70949,45.618579],[25.70986,45.618495],[25.710367,45.618393],[25.710784,45.618301],[25.710944,45.61826],[25.711077,45.618225],[25.711343,45.618143],[25.7115,45.618091],[25.711676,45.61802],[25.711808,45.617955],[25.712039,45.617807],[25.712152,45.617731],[25.712261,45.617657],[25.71239,45.61758],[25.71265,45.617434],[25.712865,45.617319],[25.71309,45.617234],[25.713249,45.617173],[25.71338,45.617132],[25.713543,45.617093],[25.713712,45.617061],[25.713892,45.617034],[25.71415,45.617009],[25.714308,45.616993],[25.714595,45.616963],[25.714694,45.616949],[25.714775,45.616931],[25.714844,45.616908],[25.714935,45.616868],[25.714997,45.616831],[25.715057,45.616781],[25.715147,45.616691],[25.715302,45.61651],[25.715399,45.616388],[25.71549,45.616291],[25.71562,45.616167],[25.715712,45.616087],[25.715785,45.616035],[25.71589,45.615978],[25.71607,45.6159],[25.716221,45.615848],[25.716579,45.615725],[25.716864,45.615622],[25.717034,45.615553],[25.717209,45.615477],[25.71753,45.615348],[25.718143,45.615115],[25.718425,45.615014],[25.718679,45.614933],[25.718843,45.614888],[25.719,45.614849],[25.719406,45.614773],[25.719632,45.614729],[25.719824,45.614686],[25.72003,45.614626],[25.720233,45.614549],[25.720632,45.614396],[25.720868,45.614305],[25.720991,45.614254],[25.721077,45.614214],[25.721179,45.614153],[25.721371,45.614025],[25.721425,45.613991],[25.721585,45.613879],[25.721659,45.613824],[25.721693,45.613799],[25.721723,45.613777],[25.721816,45.613707],[25.722062,45.613518],[25.722187,45.613424],[25.722297,45.613352],[25.722386,45.6133],[25.722522,45.613234],[25.722648,45.613179],[25.722731,45.61315],[25.7231,45.61303],[25.723448,45.612912],[25.72371,45.612817],[25.723995,45.61269],[25.724369,45.612513],[25.724752,45.612363],[25.725099,45.612242],[25.725937,45.611963],[25.72627,45.611838],[25.726528,45.611725],[25.726862,45.611549],[25.727403,45.611241],[25.727817,45.611001],[25.72831,45.610705],[25.728589,45.610546],[25.728814,45.610443],[25.729109,45.610312],[25.729513,45.610126],[25.729603,45.610081],[25.730385,45.609669],[25.730505,45.609606],[25.730642,45.609534],[25.730879,45.609394],[25.730973,45.609332],[25.731091,45.609254],[25.73118,45.60919],[25.73139,45.60904],[25.731456,45.60899],[25.731679,45.608801],[25.731975,45.608513],[25.732104,45.608379],[25.732198,45.608268],[25.732258,45.608192],[25.732323,45.608088],[25.732385,45.607968],[25.732596,45.607421],[25.732621,45.60737],[25.732655,45.607315],[25.732693,45.607257],[25.732755,45.607178],[25.732906,45.606998],[25.733055,45.606842],[25.733199,45.606723],[25.733444,45.606535],[25.733528,45.606457],[25.733605,45.606368],[25.733657,45.606295],[25.733707,45.606206],[25.733752,45.606114],[25.734079,45.605357],[25.734164,45.605148],[25.734221,45.60498],[25.734268,45.604806],[25.734302,45.604633],[25.734408,45.604085],[25.734471,45.603668],[25.734483,45.603585],[25.734503,45.603502],[25.73454,45.603424],[25.73459,45.603355]]},"properties":{"name":"Strada George Moroianu"}},{"type":"Feature","geometry":{"type":"LineString","coordinates":[[25.712865,45.617319],[25.712977,45.617259],[25.713105,45.617192],[25.713326,45.617092],[25.713638,45.616972],[25.713929,45.616868],[25.714035,45.616823],[25.714131,45.616783],[25.71433,45.616685],[25.714473,45.61661],[25.714624,45.616517],[25.714773,45.61641],[25.714899,45.616309],[25.715012,45.616208],[25.715145,45.616079],[25.71526,45.615978],[25.715298,45.615952],[25.715339,45.615923],[25.715402,45.615905],[25.715446,45.6159],[25.715503,45.615899],[25.715646,45.615909],[25.715786,45.615923],[25.715842,45.615924],[25.715896,45.615922],[25.71607,45.6159]]},"properties":{"name":"Strada George Moroianu"}},{"type":"Feature","geometry":{"type":"LineString","coordinates":[[25.735169,45.602265],[25.735024,45.602345],[25.734909,45.602433],[25.734839,45.602508],[25.734765,45.602626],[25.734677,45.602835]]},"properties":{"name":"Strada George Moroianu"}},{"type":"Feature","geometry":{"type":"LineString","coordinates":[[25.734879,45.60322],[25.734789,45.603154],[25.734745,45.603109],[25.734716,45.603054],[25.7347,45.602998],[25.734677,45.602835],[25.73465,45.602928],[25.734635,45.603002],[25.734628,45.603069],[25.734628,45.603142],[25.734628,45.603201],[25.734619,45.60326]]},"properties":{"name":"Strada George Moroianu"}},{"type":"Feature","geometry":{"type":"LineString","coordinates":[[25.73473,45.603461],[25.734648,45.603507],[25.734578,45.603559],[25.734516,45.603611],[25.734471,45.603668]]},"properties":{"name":"Strada George Moroianu"}},{"type":"Feature","geometry":{"type":"LineString","coordinates":[[25.69178,45.616811],[25.691888,45.61677],[25.691956,45.616758],[25.692048,45.61675],[25.692159,45.616756],[25.692273,45.616777],[25.69239,45.616807],[25.692562,45.61687],[25.69272,45.616934],[25.692816,45.616985],[25.692898,45.617038],[25.693113,45.617203],[25.693231,45.617299],[25.693376,45.617417],[25.693442,45.617472],[25.693509,45.617517],[25.693571,45.617553],[25.693626,45.617582],[25.693682,45.617608],[25.693738,45.61763],[25.693828,45.61766],[25.694239,45.617798],[25.694505,45.617875],[25.694766,45.617949],[25.695118,45.618041],[25.695245,45.618068],[25.69536,45.618081],[25.695474,45.618081],[25.695574,45.618073],[25.695674,45.618058],[25.695832,45.618023]]},"properties":{"name":"Strada Piața Libertății"}},{"type":"Feature","geometry":{"type":"LineString","coordinates":[[25.632801,45.632854],[25.632795,45.632885],[25.632769,45.633026],[25.632757,45.633088],[25.632752,45.633116],[25.632739,45.633188]]},"properties":{"name":"Stația RAT Roman - Peron 7"}},{"type":"Feature","geometry":{"type":"LineString","coordinates":[[25.740232,45.601578],[25.740036,45.601609],[25.739765,45.601649],[25.739666,45.601663],[25.73959,45.601674],[25.739554,45.601678],[25.738713,45.601788],[25.738455,45.60182],[25.737697,45.601887],[25.737086,45.601941],[25.736876,45.601958],[25.736669,45.601971],[25.736288,45.601985],[25.736146,45.601995],[25.736008,45.602006],[25.735752,45.602049]]},"properties":{"name":"Strada Barajului"}},{"type":"Feature","geometry":{"type":"LineString","coordinates":[[25.560701,45.46887],[25.560701,45.468971],[25.560718,45.469158],[25.560741,45.469279],[25.560778,45.469393],[25.560829,45.469494],[25.560887,45.469585],[25.560971,45.469696],[25.561252,45.47005],[25.561396,45.470235],[25.561639,45.470568],[25.561835,45.470859],[25.561925,45.47101],[25.562012,45.471172],[25.562084,45.471328],[25.562135,45.471461],[25.562177,45.471589],[25.562213,45.471727],[25.56224,45.471848],[25.562266,45.47199],[25.56229,45.472163],[25.562395,45.47294],[25.562508,45.473684],[25.562546,45.473894],[25.562583,45.474044],[25.562615,45.474153],[25.562655,45.474272],[25.562712,45.474409],[25.562784,45.474554],[25.56287,45.474702],[25.563001,45.474906],[25.563216,45.475207],[25.563459,45.475573],[25.563561,45.475736],[25.563653,45.475907],[25.563727,45.476057],[25.563877,45.476398],[25.564218,45.477296],[25.564291,45.47749],[25.564331,45.477611],[25.564368,45.47777],[25.564402,45.477947],[25.564447,45.478273],[25.56447,45.478463],[25.564495,45.478589],[25.564517,45.478677],[25.56455,45.47877],[25.564783,45.479336],[25.564852,45.4795],[25.564895,45.479606],[25.565073,45.480013],[25.565133,45.480146],[25.565189,45.480267],[25.56542,45.480777],[25.565508,45.480984],[25.565586,45.481196],[25.565639,45.481363],[25.565678,45.481525],[25.5657,45.481642],[25.565731,45.481831],[25.565749,45.481968],[25.56576,45.482103],[25.565763,45.482214],[25.56576,45.482429],[25.56575,45.482582],[25.565716,45.482923],[25.56565,45.483738],[25.565633,45.483897],[25.565631,45.483904],[25.565613,45.484042],[25.565592,45.48416],[25.565572,45.48425],[25.56554,45.48435],[25.565505,45.484431],[25.565448,45.48454],[25.565373,45.48466],[25.565285,45.484785],[25.565129,45.485004],[25.565037,45.485135],[25.564943,45.485279],[25.564878,45.485395],[25.564836,45.485499],[25.564808,45.485622],[25.564798,45.48576],[25.564809,45.485878],[25.564853,45.48601],[25.564921,45.486143],[25.565011,45.486291],[25.565114,45.486436],[25.565375,45.486758],[25.565533,45.486954],[25.565654,45.487103]]},"properties":{"name":"Șoseaua Națională"}},{"type":"Feature","geometry":{"type":"LineString","coordinates":[[25.565654,45.487103],[25.565791,45.487272],[25.565914,45.487422],[25.566057,45.487595],[25.566132,45.487687],[25.56647,45.488101],[25.566887,45.488599],[25.567307,45.489096],[25.567901,45.489791],[25.568689,45.490714],[25.569373,45.491526],[25.57004,45.492342],[25.570227,45.49259],[25.570413,45.492849],[25.570753,45.493338],[25.571038,45.493758],[25.571125,45.493899],[25.571216,45.494057],[25.571302,45.494246],[25.571401,45.494504],[25.571467,45.494733],[25.571614,45.49533],[25.571792,45.496067],[25.57182,45.496182],[25.571875,45.496409],[25.571957,45.49673],[25.572021,45.496916],[25.572064,45.497013],[25.572138,45.497141],[25.57221,45.497258],[25.572298,45.49738],[25.572485,45.497591],[25.572664,45.497806],[25.572802,45.497997],[25.572878,45.498116],[25.572938,45.49821],[25.572966,45.498259],[25.573291,45.498823],[25.573405,45.499015],[25.573466,45.49912],[25.57361,45.499372],[25.573637,45.499419],[25.57367,45.499477],[25.573847,45.499783],[25.573901,45.499892],[25.573946,45.499996],[25.57399,45.500118],[25.574031,45.500247],[25.574067,45.500387],[25.57409,45.500505],[25.574109,45.500644],[25.574127,45.500792],[25.574133,45.500902],[25.574134,45.501057],[25.574118,45.501409],[25.574047,45.502182],[25.573991,45.502795],[25.573929,45.503514],[25.573923,45.503678],[25.573923,45.503837],[25.573935,45.504034],[25.573945,45.504133],[25.573956,45.504215],[25.573993,45.504416],[25.574045,45.504647],[25.574108,45.504875],[25.574119,45.504918],[25.574147,45.505014],[25.574195,45.505187],[25.574229,45.505294],[25.574398,45.505828],[25.574425,45.505938],[25.574449,45.506083],[25.574466,45.506244],[25.574471,45.506332],[25.574469,45.506484],[25.574459,45.506605],[25.574436,45.506743],[25.574412,45.506841],[25.574386,45.506943],[25.574142,45.507939],[25.57411,45.508066],[25.574046,45.50833],[25.573977,45.508608],[25.573878,45.50901],[25.573753,45.509523],[25.573682,45.509808],[25.573652,45.509931],[25.573599,45.510153],[25.573544,45.510384],[25.573523,45.510471],[25.573504,45.510563],[25.573486,45.510635],[25.573432,45.510861],[25.573395,45.511018],[25.573313,45.511366],[25.573266,45.51153],[25.573211,45.511675],[25.573127,45.51181],[25.573024,45.511929],[25.57294,45.512012],[25.572846,45.51209],[25.572779,45.512146],[25.572485,45.512389],[25.572147,45.512649],[25.572095,45.512687],[25.571948,45.512797],[25.571774,45.512914],[25.571592,45.513029],[25.571474,45.513103],[25.571387,45.513165],[25.571346,45.513201],[25.571314,45.513239],[25.571298,45.513278],[25.571291,45.513325]]},"properties":{"name":"Bulevardul Mihail Săulescu"}},{"type":"Feature","geometry":{"type":"LineString","coordinates":[[25.574425,45.505938],[25.574666,45.505903],[25.574881,45.505873],[25.575082,45.505847]]},"properties":{"name":"Intrarea Gării"}},{"type":"Feature","geometry":{"type":"LineString","coordinates":[[25.632626,45.632768],[25.632622,45.632793],[25.632601,45.632941],[25.632592,45.633003],[25.632586,45.633043],[25.632577,45.633107]]},"properties":{"name":"Stația RAT Roman - Peron 5"}},{"type":"Feature","geometry":{"type":"LineString","coordinates":[[25.533026,45.689312],[25.532874,45.689411],[25.532693,45.689455],[25.532513,45.689473]]},"properties":{"name":"Strada Aeroportului"}},{"type":"Feature","geometry":{"type":"LineString","coordinates":[[25.533001,45.689445],[25.53293,45.68948],[25.53281,45.6895],[25.532698,45.689505],[25.532513,45.689473],[25.532197,45.689515],[25.531861,45.689559],[25.531659,45.689597],[25.531465,45.689644],[25.531198,45.689712],[25.530975,45.689788],[25.530699,45.689904],[25.530436,45.69003],[25.529521,45.690503],[25.520018,45.695401]]},"properties":{"name":"Strada Aeroportului"}},{"type":"Feature","geometry":{"type":"LineString","coordinates":[[25.517484,45.69403],[25.517422,45.693971],[25.517384,45.693939],[25.517339,45.693914],[25.517272,45.693892],[25.517084,45.69371],[25.517368,45.693565],[25.517694,45.6934],[25.517742,45.693387],[25.517802,45.693381],[25.517853,45.693386],[25.517898,45.693401],[25.517939,45.693426],[25.51876,45.694206],[25.520018,45.695401],[25.519309,45.695772],[25.518363,45.694869],[25.517899,45.694426],[25.517583,45.694124],[25.517484,45.69403]]},"properties":{"name":"Strada Aeroportului"}},{"type":"Feature","geometry":{"type":"LineString","coordinates":[[25.533222,45.687986],[25.533178,45.68803],[25.53314,45.68807],[25.533141,45.688128],[25.533162,45.68821],[25.533196,45.68828],[25.533218,45.688357],[25.533228,45.688466]]},"properties":{"name":"Strada Hermann Oberth"}},{"type":"Feature","geometry":{"type":"LineString","coordinates":[[25.533326,45.688182],[25.533228,45.688466],[25.533026,45.689312],[25.533001,45.689445]]},"properties":{"name":"Strada Hermann Oberth"}},{"type":"Feature","geometry":{"type":"LineString","coordinates":[[25.612807,45.660872],[25.612657,45.660846],[25.612628,45.660841],[25.612559,45.660829],[25.61246,45.660811]]},"properties":{"name":"Stația RATBv Terminal Gară - Peron 1"}},{"type":"Feature","geometry":{"type":"LineString","coordinates":[[25.533693,45.687748],[25.533516,45.687927],[25.533389,45.688077],[25.533326,45.688182]]},"properties":{"name":"DJ101A"}},{"type":"Feature","geometry":{"type":"LineString","coordinates":[[25.587644,45.645794],[25.587667,45.645718],[25.587708,45.645678],[25.587751,45.645654],[25.588131,45.645598],[25.588473,45.645551],[25.588588,45.645536]]},"properties":{"name":"Stația Livada Poștei - Peron 7"}},{"type":"Feature","geometry":{"type":"LineString","coordinates":[[25.581822,45.66779],[25.581716,45.667771],[25.579729,45.667415],[25.579686,45.667404],[25.579655,45.667386],[25.579637,45.667365],[25.579632,45.66734]]},"properties":{"name":"Strada Abatorului"}},{"type":"Feature","geometry":{"type":"LineString","coordinates":[[25.581822,45.66779],[25.582272,45.667313]]},"properties":{"name":"Strada Ecaterina Teodoroiu"}},{"type":"Feature","geometry":{"type":"LineString","coordinates":[[25.582272,45.667313],[25.582517,45.667364],[25.583178,45.667503],[25.583994,45.667676],[25.585277,45.667927],[25.585648,45.668],[25.586573,45.6682],[25.586827,45.668262],[25.58782,45.668488],[25.589099,45.668765],[25.589279,45.6688],[25.59025,45.668995],[25.590382,45.669024]]},"properties":{"name":"Strada Grigore Ureche"}}]}